:1000000070EA00201973000081AE03000573000040
:100010000573000005730000057300000573000000
:10002000000000000000000000000000317500002A
:100030000573000000000000B574000005730000A7
:100040004D7700004D7700004D7700004D770000A0
:100050004D7700004D7700004D7700004D77000090
:100060004D7700004D7700004D7700004D77000080
:100070004D7700004D7700004D7700004D77000070
:100080004D7700004D7700004D7700004D77000060
:100090004D7700004D7700004D7700004D77000050
:1000A0004D7700004D7700004D7700004D77000040
:1000B0004D7700004D7700004D7700004D77000030
:1000C0004D7700004D7700004D7700004D77000020
:1000D0004D7700004D7700004D7700004D77000010
:1000E0004D7700004D7700004D7700004D77000000
:1000F0004D7700004D7700004D7700004D770000F0
:100100004D7700004D7700004D7700004D770000DF
:100110004D7700004D7700004D7700004D770000CF
:100120004D7700004D7700004D7700004D770000BF
:100130004D7700004D7700004D7700004D770000AF
:100140004D7700004D7700004D7700004D7700009F
:100150004D7700004D7700004D7700004D7700008F
:100160004D7700004D7700004D7700004D7700007F
:100170004D7700004D7700004D7700004D7700006F
:100180004D7700004D7700004D7700004D7700005F
:100190004D7700004D7700004D7700004D7700004F
:1001A0004D7700004D7700004D7700004D7700003F
:1001B0004D7700004D7700004D7700004D7700002F
:1001C0004D7700004D7700004D7700004D7700001F
:1001D0004D7700004D7700004D7700004D7700000F
:1001E0004D7700004D7700004D7700004D770000FF
:1001F0004D7700004D7700004D7700004D770000EF
:100200004D7700004D7700004D7700004D770000DE
:100210004D7700004D7700004D7700004D770000CE
:100220004D7700004D7700004D7700004D770000BE
:100230004D7700004D7700004D7700004D770000AE
:100240004D7700004D7700004D7700004D7700009E
:100250004D770000FBF603004D7700004D7700005E
:100260004D7700004D77000045F703004D77000003
:100270004D7700004D7700004D7700004D7700006E
:100280004D7700004D7700004D7700004D7700005E
:100290004D7700004D7700004D7700004D7700004E
:1002A0004D7700004D7700004D7700004D7700003E
:1002B0004D7700004D7700004D7700004D7700002E
:1002C0004D7700004D7700004D7700004D7700001E
:1002D0004D7700004D7700004D7700004D7700000E
:1002E0004D7700004D7700004D7700004D770000FE
:1002F0004D7700004D7700004D7700004D770000EE
:100300004D7700004D7700004D7700004D770000DD
:100310004D7700004D7700004D7700004D770000CD
:100320004D7700004D7700004D7700004D770000BD
:100330004D7700004D7700004D7700004D770000AD
:100340004D7700004D7700004D7700004D7700009D
:100350004D7700004D7700004D7700004D7700008D
:100360004D7700004D7700004D7700004D7700007D
:100370004D7700004D7700004D7700004D7700006D
:100380004D7700004D7700004D7700004D7700005D
:100390004D7700004D7700004D7700004D7700004D
:1003A0004D7700004D7700004D7700004D7700003D
:1003B0004D7700004D7700004D7700004D7700002D
:1003C0004D7700004D7700004D7700004D7700001D
:1003D0004D7700002FF703004D7700004D770000A8
:1003E0004D7700004D7700004D7700004D770000FD
:1003F0004D7700004D7700004D7700004D770000ED
:100400004D7700004D7700004D7700004D770000DC
:100410004D7700004D7700004D7700004D770000CC
:100420004D7700004D7700004D7700004D770000BC
:100430004D7700004D7700004D7700004D770000AC
:100440004D7700004D7700004D7700004D7700009C
:100450004D7700004D7700004D7700004D7700008C
:100460004D7700004D7700004D7700004D7700007C
:0C0470004D7700004D7700004D77000034
:10048000014B1B685B68184700050020014B1B6887
:100490009B68184700050020014B1B681B69184723
:1004A00000050020014B1B685B6918470005002010
:1004B000014B1B689B69184700050020014B1B6816
:1004C000DB69184700050020014B1B681B6A1847B1
:1004D00000050020014B1B68DB6A1847000500205F
:1004E000014B1B685B6B184700050020014B1B6824
:1004F0001B6C18470005002010B4034C2468E46806
:10050000A4465DF8044B604700050020042810B5A0
:1005100011D883B104280CBF10242824A1420AD288
:10052000064C54F8200018B141568A42A8BF0A462A
:1005300000201A7010BD6FF01500FBE7D0140020EA
:100540000728034611DC10F12D0F10DB2E30094A6D
:1005500040B2105C02EBC00292F93C209A4207D0F4
:10056000002918BF0130C0B270471A207047002020
:10057000704700BF10690400072808B507DCFFF7C3
:10058000DFFF044B03EBC00090F93C0008BD0820DE
:10059000FCE700BF10690400072808B507DC00214C
:1005A000FFF7CEFF034B03EBC000806B08BD3F207D
:1005B000FCE700BF10690400024B01229A601A6038
:1005C000704700BF00E01050054B01225A60DA600E
:1005D0000022C3F81021C3F80021024B1A707047A3
:1005E00000E01050E5140020014B01221A70704702
:1005F000E5140020044BD3F8100101281CBF034B65
:10060000187800F00100704700E01050E514002059
:10061000024BD3F8080400F00100704700E01050CE
:10062000024BD3F8480400F00100704700E010507E
:10063000024BD3F84004C0B2704700BF00E0105036
:10064000084AD2F84C34D2F84C2413F4803306D044
:1006500002F00303C0B21B1A5842584170471846B3
:10066000704700BF00E0105038B51A4BD3F80C3477
:10067000DA0304D44FF48F716D2001F0E5FB164AC4
:100680000124164B106A536620F03F0094645464B2
:10069000136CDB03FCD4136A116C03F03F03C1F34A
:1006A0000A01C1F5806181EAE1750B29A5EBE175CD
:1006B00009DD3F2B04D0013303431362172DE6DC21
:1006C0000023936438BD0B31F8DA002BF8D0013BDE
:1006D000F2E700BF00E01050000812500100008057
:1006E00038B50A4C23781BB100232370FFF7BCFFF9
:1006F000EFF3108572B663780BB9FFF765FF05B9A4
:1007000062B6034B00225A6638BD00BFE8140020D1
:100710000008125070B5094D01260446AE70FFF76F
:1007200069FF28B9064BEE706C60C3F8046370BDB6
:10073000002CFCD0A04700236B60F8E7E8140020F1
:1007400000E01050024B00229A70DA705A60704735
:10075000E8140020014B1881704700BFE814002006
:10076000014B1889704700BFE814002010B5EFF363
:10077000108472B6064A53780133DBB25370537853
:10078000012B01D1FFF718FF04B962B610BD00BFFD
:10079000E814002010B5EFF3108472B60F4B5A78AE
:1007A00022B94FF4F8716D2001F04EFB5A78013AEE
:1007B000D2B25A705A7852B99A7B32B1084AD2F8FA
:1007C0000C24D20306D45B780BB9FFF7FDFE04B905
:1007D00062B610BDD87B01F029FCF8E7E8140020D0
:1007E00000E0105010B5FFF7C1FF0C4CFFF702FFFF
:1007F00060B1237C3BB90A4B01229A6104236374E4
:100800000023A37410BDFFF7C5FFF9E703230122FE
:100810006374034BC3F80423F2E700BFE81400201D
:1008200000E0105038B5134C01232370237CC3B96A
:10083000E37CB3B1A27C013B9A4212DAFFF7DAFE05
:10084000054601F099FBE37C012B82BFA37C0133B9
:10085000A37455B16369C31A0133022B09D935B1A9
:100860006061BDE83840FFF7BDBFA369F3E7A06151
:10087000F7E738BDE814002037B5184C237C63B97E
:10088000E06900F00300FFF7DBFE30B1EFF3108307
:1008900072B6627C1AB103B962B603B030BD0122F0
:1008A000627403B962B608230D4DC5F808334FF4DE
:1008B0002073ADF80630BDF806309BB25A1E92B2D6
:1008C000ADF80620002BF6D1C5F80C3184F82030A5
:1008D000FFF788FF0823C5F80433DEE7E81400209B
:1008E00000E010502DE9F041324CA37B002B5ED08C
:1008F000314BD3F80071D3F80861D3F8142112B941
:10090000D3F8182142B10022C3F81421C3F81821EA
:10091000C3F8102101F044FA5FB1274B0122C3F85C
:100920000823E3782BB100256368E5700BB1984785
:100930006560214D3EB10023C5F808310423C5F898
:100940000833FFF799FFD5F80C8194F82060F6B2D0
:1009500047B1637C032B05D1237C93B904236374D3
:100960000123AB61B8F1000F14D0134B0022C3F880
:100970000C21637C042B09D040F2AA216D2001F0E8
:1009800063FAFFF707FF02236374EBE70223637444
:10099000FFF700FF5EB1002384F82030637C022B58
:1009A00001D1FFF71FFFBDE8F041FFF7F3BEBDE83F
:1009B000F08100BFE814002000E0105010B5044C96
:1009C000E06900F00300FFF73BFE0028F8D010BDFF
:1009D000E8140020F8B5054650B10278022A07D87D
:1009E000437842B9013B1F2B02D88378212B07D9CA
:1009F0006FF015006BE0002BFAD18378002BF7D154
:100A00006E4B2022C3F8A020BFF34F8FBFF36F8F30
:100A10006B4EC3F8A0214FF0FF336A4CC6F8083381
:100A20000023C6F80031C6F80831C6F80C316370EF
:100A3000AB88A381FFF7ECFD10B10123A3706370B5
:100A400040F256332381D6F80C3413F480333FD070
:100A5000FFF7CAFD5C4801F0CDFA594E6023E07300
:100A60000022C6F804332B78A978012BE2612374A5
:100A7000E174A27444D0022B3BD0002B42D1FFF78B
:100A8000CFFD002848D0FFF7D3FDE36903F003034F
:100A9000984241D1AB79002B39D1FFF78FFFE37C2E
:100AA00063B12B7853B9FFF7A5FD054601F064FA51
:100AB0006FF00043002D7ED0C4E9050301232022FE
:100AC0000020A3733D4B6074C3F8A0211A62F8BDE7
:100AD000C6F81031FFF770FD394AD2F81031002BFB
:100AE000FBD0FFF7C1FDFFF76FFD384B00225A66C0
:100AF000B0E7FFF73BFED6F80C34DA03FBD5022350
:100B0000E361BCE74FF47F716D2001F09DF92C4B40
:100B10000422C3F80423C2E7294E01237361002392
:100B2000C6F80831237FC6F8403402F057FD88B17B
:100B30000123C6F84C35012333610423C6F804337E
:100B4000AB79002BABD1D6F804335B070FD440F25E
:100B5000B331D9E702F044FD0028E9D102F042FDAB
:100B60000028E5D102F040FD0028E1D1E3E7184B71
:100B70001F691A6907F0100742F010021A61D6F8CF
:100B800008310BB902F034FD0D4E01E002F02EFDEC
:100B9000D6F80831002BF9D0FFF710FF27B90C4A1F
:100BA000136923F0100313610423C6F808330023EC
:100BB000C6F8083173E7C4E905307FE700E100E0DB
:100BC00000E01050E8140020E10600000008125078
:100BD00000ED00E0074B07B51A783AB90122019001
:100BE0001A70FFF7C3FD0198FFF794FD002003B0D2
:100BF0005DF804FB0A15002010B5054C23782BB1D5
:100C0000FFF7A0FD00232370FFF7C4FD002010BDF7
:100C10000A150020034610B3007888B91A79012A12
:100C20001ED85A79012A1BD89A680E49643A8A421A
:100C300016D8D8680C4B98422CBF00200120704772
:100C400001280CD11A79012A09D85A79012A06D823
:100C5000DA680449643A8A4201D89868EAE70020D1
:100C6000704700BF3C8601000040420F10B5054CA4
:100C7000236813B1984700232360BDE8104000F0BB
:100C8000CDBC00BF0C1500202DE9F843884607466F
:100C900080B300F037F84FF0000905465FFA89F697
:100CA000AE420AD2304609F1010900F031F890F85D
:100CB0002640002CF2D1FF2E03D16FF00B00BDE8CF
:100CC000F883304600F024F805460146848480F815
:100CD000264080F828600A4800F09EFD202885F80C
:100CE00027000AD001232F62204685F8263088F895
:100CF0000060E4E76FF01500E1E76FF02200DEE747
:100D0000BB310000014B1879704700BF101500205F
:100D1000044B1A79824283BF1B68302202FB0030E9
:100D2000002070471015002010B510F003040AD100
:100D3000064A1171106028B130224A43214602F060
:100D400059FC204610BD6FF00D00FBE71015002088
:100D5000094A10B592F80033202B03D13E2102201E
:100D600001F072F818214B430321D018D358406882
:100D7000BDE81040184700BF181500200B2808B523
:100D800004D940F20E51064801F054F80001002346
:100D900000F1A04000F56220C0F82C3508BD00BF6E
:100DA000EDA50400B0F5B47F08B504D14FF494610B
:100DB000044801F03FF800F1A040002300F5622054
:100DC000036008BDEDA5040008B54FF4E0620D4BCB
:100DD0000820C3F83823FFF7D1FF4FF49070FFF7D6
:100DE000E1FF0920FFF7CAFF4FF49270FFF7DAFF27
:100DF0000A20FFF7C3FF4FF49470BDE80840FFF7E7
:100E0000D1BF00BF00200E50084B2022C3F8902015
:100E1000BFF34F8FBFF36F8FC3F890210122044BB4
:100E20005A604FF0FF32C3F80823704700E100E03A
:100E300000500850054BD3F85007D3F8541711F061
:100E4000404FF8D1C1F31301704700BF00200E508E
:100E500002282DE9F84317461E4604D940F2A7118F
:100E60006E2000F0F1FF48B91E4B4FF00042C3F86E
:100E7000A02120221C4BC3F890211A611B4B012595
:100E8000DFF860801C5C05FA04F92046C8F8389346
:100E9000FFF774FFA00000F58070FFF783FFFFF7F6
:100EA000C9FF874276EB01031AD30B2CC8F83493A1
:100EB00004D940F2EF310E4800F0BCFFB6F5801FB8
:100EC00002D340F2F531F6E72401284604F1A044AC
:100ED00004F56224C4F82075C4F82465BDE8F883DD
:100EE0000020FBE700200E5000E100E0206A040033
:100EF000EDA50400022810B504D94FF4DA716E2074
:100F000000F0A2FF094A08B9C2F8A001084B1C5C16
:100F10000123A3402046C2F83833FFF72FFFA0007B
:100F2000BDE8104000F58070FFF73CBF00200E5078
:100F3000206A040008B5FFF747FF024B0022C3F800
:100F4000A02108BD00200E5008B5FFF75DFF114B32
:100F5000D3F8042522F00302C3F80425D3F80825AA
:100F600042F00302C3F80825202292FAA2F2B2FA54
:100F700082F2092A04DD40F29131074800F05AFF5D
:100F8000C3F810250122DA604FF00042C3F8802038
:100F900008BD00BF00500850EDA5040070B5194C05
:100FA0002026194AD4F81035184D03F001031370A8
:100FB000D4F8103543F00103C4F81035FFF7C4FF2F
:100FC000C5F89C60BFF34F8FBFF36F8FFFF7FCFE38
:100FD0000023C5F89C610E4AC4F8A0314FF00043CD
:100FE000C2F88030A2F58022C2F88031012302F5D8
:100FF0007832C2F80435A2F58022C2F80435EE61D9
:1010000070BD00BF00200E504918002000E100E034
:1010100000400C500E4B70B51B5C01250D4E044674
:101020009D40D6F83023154211D09B0003F5807007
:1010300000F1A04303F562231B6843B1FFF7B2FE42
:101040002046C6F83853BDE8704000F01FBD70BDA3
:10105000206A040000200E50034BD3F8043313B170
:10106000072000F013BD7047005008500028ADBFA6
:1010700000F1604000F00F00044B00F56140B4BF88
:10108000185C90F800034009704700BF14ED00E0C1
:101090001822034B50431A181B585068184700BFBA
:1010A000181500200A4B03F8110093F8420083F84A
:1010B0004210C2B220284FF0200016BF03EB4202BC
:1010C00083F84110517003EB41025070704700BF2C
:1010D00050180020064B0022C3F81825054B93F842
:1010E000581019B183F858200FF034B9704700BF79
:1010F00000B004505018002008B5044BDB6D23B13C
:101100009847BDE8084000F01DBF08BD50180020FA
:1011100008B520B9024B0BB1AFF3008062B608BD31
:10112000000000002DE9F8431B4C4FF020081B4E37
:1011300094F841501A4F202D01D1BDE8F88314F8DE
:101140001530013BDBB2052B04D816F80390B9F13A
:10115000080F04D140F25151012000F075FE0FB18B
:10116000AFF30080EFF3108072B604EB45035B78B9
:1011700084F8413094F84230AB4208BF84F8428092
:10118000FFF7C6FF01232846494604F81530FFF74C
:101190007FFF94F84150CEE750180020236A0400E6
:1011A00000000000202A70B5054604D14FF4C0713C
:1011B000012000F049FE2029144B14BF03EB41012C
:1011C00093F8404003EB420018BF4C7840780CBFC6
:1011D00083F84000487020460146064603F8105048
:1011E00003EB40008A424078F6D193F8425003EB7B
:1011F000410183F84260EAB2202D16BF03EB4202A0
:1012000083F84140547020224A7070BD501800206D
:1012100010B5094CD4E91223B3F1FF3F08BFB2F176
:10122000FF3F07D001F012FF4FF0FF324FF0FF33C6
:10123000C4E9122310BD00BF5018002010B5054CA2
:1012400094F850302BB10220FFF754FE002384F8AD
:10125000503010BD5018002010B50F4CFFF758FF4C
:1012600024B1002140F21440AFF300800B4B93F8FF
:101270004130202B09D024B1002140F21B40AFF3B4
:101280000080074B187800F0D1FE24B100214FF404
:101290008460AFF3008010BD0000000050180020F3
:1012A0004818002010B5084CD4E91223B3F1FF3FD1
:1012B00008BFB2F1FF3F05D101F0C6FEFFF7BAFD4E
:1012C000C4E9120110BD00BF5018002038B5104B02
:1012D0001B78202B0CD00F4BD3E9044598696A3456
:1012E00045F10005241845F100052046294638BD82
:1012F00010F14104137B41F10005012BF5D0FFF7FC
:1013000079F90028F1D101F0A5FE0419EBE700BF3F
:1013100018180020201800202DE9F04705460C463B
:1013200017464FF01809DFF83880DFF838A0202C76
:1013300008D009FB04F6284606F10801414402F0F2
:10134000ECF810B10120BDE8F08746443C706B7B9F
:10135000727D9A42F7D90AEB44046478E7E700BF4C
:1013600018150020501800202DE9F0472023DFF841
:10137000488006460D4617464FF01809DFF83CA096
:1013800098F840400B70202C08D12B783A46214623
:1013900030463B70BDE8F047FFF7BEBF09FB04A035
:1013A0003146083002F0B9F80028EED02C7008EB76
:1013B00044046478E7E700BF5018002018150020A7
:1013C0002DE9F74F87180E4643F10008D1E90023B5
:1013D000974278EB030337D3DFF874900DF10702DF
:1013E0000DF106013046FFF7BFFF70BB9DF80710F7
:1013F0004FF0180A337B0AFB0191D1E902B5086965
:101400001BF1290445F10005041945F10005012BE4
:1014100013D00B7D012B10D101F01CFEA4EB0B02AD
:1014200082420ADA9DF807300AFB0393D3E90245AA
:1014300001F010FE041945F10005A74278EB050301
:1014400002D3C6E90045C9E7002003B0BDE8F08F2C
:10145000181500202DE9F04F18264F4C8DB0054689
:101460005E43884606AFA2193444083294F814A0AB
:101470000FCA044687E80F000F4601F0EBFD651B1D
:10148000064600F11C0B67EB0808BAF1010F11D0FA
:10149000FFF7B0F8414AD2E91292B2F1FF3F08BF1C
:1014A000B9F1FF3F019274D0009001F0D3FDDDE966
:1014B000003263B122463B460020FFF7C9FC81465B
:1014C00090B94FF0000948460DB0BDE8F08FB4EB7D
:1014D000090967EB0202814572F10003EAD25D451A
:1014E00078F10003EDD3E5E7BAF1010F08D05D45CF
:1014F00078F1000304D2FFF7D5FEFFF79FFE1CE052
:10150000FFF786FEBAF1010FF7D05D4578F10003D1
:10151000F3D3A21B4FF0020067F10003FFF798FC22
:1015200020B940F2DB11012000F08EFC1B4B93F838
:10153000502012B9012283F85020B4F119024FF063
:10154000010067F10003FFF783FCC0B1FFF7C2FDA4
:1015500000234FF0FF304FF0FF3102AD8DF82830FF
:101560008DF824A00E4C0293CDE904010FCD0FC4D9
:101570000FCD0FC495E8030084E80300A3E701231F
:10158000084AC2F81835054A82F858300EF0DCFED9
:10159000DEE700288ED1A2E71815002050180020A1
:1015A0002018002000B00450F8B5174D002442F276
:1015B0002003164A4FF0FF304FF0FF31144F2646FC
:1015C000A5F840302023146085F842303B7082F843
:1015D000204085F8523085F85040C2E90201C5E943
:1015E000120105F814600134202CFAD1094800F0EA
:1015F00001FD094B3C70187085F85860FFF7CEFC70
:10160000012385F85330F8BD501800202018002021
:101610001818002025110000481800202DE9FF4768
:10162000FFF708FC744F05460E46FFF78DFCFFF7E9
:1016300081FC4FF0FF334FF0FF327048C7E90223BF
:1016400097F82030F3B9BA6940F2F964D7E9043168
:101650001B3341F100019B1802F5DF6241F10001EB
:10166000B2FBF4F29B1841F100019D4276EB0103BD
:1016700008D307210078FFF70BFD40F23921012044
:1016800000F0E2FB90F80080B8F1200F02D140F2A8
:101690004321F4E75A4C202394F840A0037084F8C7
:1016A0005230BAF1200F4FF000033B601ED0DFF83C
:1016B0006491182202FB0A92937D012B16D1137DAF
:1016C000012B78D0FEF796FF002874D101F0C2FC00
:1016D00045194FF0180346F1000603FB0A93D3E9BE
:1016E0000212A942B24128BFC3E90256DFF8249191
:1016F000444E94F84050202D12D0FFF79BFB20223F
:101700004FF0180E0EFB0593D3E902C3604571EB51
:10171000030352D2202A03D020210420FFF742FDE8
:101720000EB1AFF30080FFF785FB94F84050202DF9
:101730004BD1FFF76DFDFFF781FDFFF7FBFB84F851
:101740005250FFF7C7FC00234FF0FF32CDE90233C0
:101750004FF0FF33CDE90023022368468DF80830AF
:10176000FFF7CAFC14F81830022B03D141460620BB
:10177000FFF798FCFF2384F8433094F84130202B86
:1017800003D0214B187800F051FC204994F86030C8
:10179000D1F8482722F001021343C1F8483794F8E2
:1017A00054302BB11A4B0122DA61002384F85430F3
:1017B00004B0BDE8F08729358BE704EB45032A46E2
:1017C0005B78202BA8D01D469CE701222B46FFF713
:1017D00041FE94F8402020B920210420FFF7E2FCCC
:1017E00087E7002384F85220CDE90233D7E90423A8
:1017F000CDE900230123B0E72018002018180020AD
:1018000050180020000000004818002000200E5052
:1018100000E0105018150020F8B50D46044601F000
:101820001FFC0023094911F81320D8B24AB9182225
:10183000074E5A43B718B45001227D6001F81320B7
:10184000F8BD0133202BEED11846F9E750180020DF
:10185000181500201F2809D80549002311F8102069
:10186000012A03D101F8103010467047002070475C
:1018700050180020014BD3E90401704720180020C4
:101880007A4B2DE9F04F044658688DB08A46C0F374
:10189000080098B11038FFF7E9FB10F0FF070ED1F0
:1018A000734B1B78202B04D14FF48661012000F08C
:1018B000CBFA0F7857B140F23341F7E708279AF88F
:1018C0000030012B02D940F23741EFE7694E26B1D3
:1018D000002140F23A40AFF3008001234FF0000BAB
:1018E000654D36B1002140F243400193AFF30080D3
:1018F000019B1846FFF70CFC85F843B026B1002188
:1019000040F24740AFF300800DF11009FFF792FA63
:1019100052464B4601F020FE26B1002140F24D40D8
:10192000AFF30080554B0BB1AFF30080EFF310889D
:10193000434672B695F8431001F0FF020029D0D15A
:1019400015F814300192013B012B08D94046FFF7EE
:10195000DFFB019A164630460DB0BDE8F08F0DF161
:101960000F020DF10E014846FFF7FEFC064640B996
:1019700021460420FFF796FB40460126FFF76CFC4A
:10198000E9E73F4B4FF0180C9DF80EA00CFB043C10
:1019900099E80F000CF1080C8CE80F00002F3ED0E6
:1019A000BAF1200F3BD1324B1B78202B37D1354B6E
:1019B0000BB1AFF30080FFF73DFA049A10F11C0C55
:1019C00041F100036245059A9A410AD395F85220E5
:1019D000202A0ED02C4AD2E904E2E64572EB03033A
:1019E00007D221460420FFF75DFB4046FFF734FC99
:1019F000B1E723460222FFF72DFD0028F1D0002396
:101A000008A885F85240CDE90A331F4BD3E90423D7
:101A1000CDE9082301238DF82830FFF76DFB9DF8F1
:101A20000E109DF80F20914218D00520FFF7BAFB49
:101A300005EB4403BAF1200F587017BF9DF80E3024
:101A400085F8404005EB43035C70032305F8143030
:101A5000002FCAD1FF2385F84330C6E7202916BFDF
:101A600005EB410195F840004878E1E700ED00E022
:101A7000181800200000000050180020000000008E
:101A800018150020000000002018002070B586B056
:101A9000072873D8DFE800F004927D727272729E9C
:101AA0004D4C4E4DD4E91223B3F1FF3F08BFB2F1C4
:101AB000FF3F05D101F0C8FAD5E90423C4E9122398
:101AC000474E3378202B2FD1464BD3F8482702F0CE
:101AD000010284F86020D3F8482742F00102C3F8DD
:101AE000482794F84030202B04D14FF4F77101209F
:101AF00000F0AAF904EB4302527884F84020FF2258
:101B000084F8432002223370684604F8132000232F
:101B10004FF0FF3285F82030CDE902334FF0FF332C
:101B2000CDE90023FFF7E8FA2B7F012B28D0FEF741
:101B300061FD014620BB94F861300133DBB2312BEB
:101B400084F8613002D940F21E51D0E7182268466D
:101B500001F050FD4FF47A73694630780193FFF736
:101B60008FFE10B940F22251C1E795F820400123C1
:101B700085F82030FFF752FD85F8204006B070BD93
:101B80000021307884F8611006B0BDE87040FFF79E
:101B90007FBA114C94F850302BB1FFF783FB002330
:101BA00084F85030EAE74FF0FF310C4B4FF0FF3034
:101BB000C3E9020105210A4B1878E5E701230A4A27
:101BC000C2F81835044A82F8583006B0BDE87040B3
:101BD0000EF0BABB0421EEE75018002020180020B8
:101BE0001818002000200E5000B00450134B10B500
:101BF0001A78202A04D140F2DD51012000F024F9A6
:101C00000F49D1E90243B3F1FF3F08BFB4F1FF3FF1
:101C100002D040F2DE51F0E718240A4B04FB0233F5
:101C2000D3E90223BDE8104082184FF0020043F1CF
:101C30000003C1E90223FFF70BB900BF1818002009
:101C40002018002018150020F8B51E4B1D78202DF7
:101C500004D140F2E751012000F0F6F81A491827A4
:101C60001A4A91F84030202B29D007FB0324667DC7
:101C7000864204D891F8540028B100201EE001EB00
:101C800043035B78EFE707FB0522114BD2E90251D2
:101C90001E6813695B19D4E9022441F1000113F1B4
:101CA000290541F10001AA4274EB010106D3D31AC0
:101CB00006F11902293B9A4200D8981BF8BD4FF053
:101CC000FF30FBE7181800205018002018150020DE
:101CD000201800202DE9F743DFF8C090054699F859
:101CE0000030202B04D140F21561012000F0ACF847
:101CF000182849D9264C00234FF0FF36A7693A1817
:101D000043EB0300964283413ED3224E96F8543073
:101D10007BB94FF02008A26161770DF1070296F8B8
:101D2000401004F110008DF80780FFF7F5FA10B9A4
:101D3000A761022029E00220FFF7DCF84FF0FF3214
:101D40004FF0FF3399F80070C4E902239DF8072093
:101D5000202A16D041460520FFF724FA06EB470754
:101D60007870206828442060FF2386F843309DF86F
:101D70000730202B03D0084B187800F057F90020CB
:101D800003E096F84000E9E7012003B0BDE8F083E6
:101D90002018002050180020481800201818002093
:101DA00008B50B4B0BB1AFF30080EFF3108072B6A8
:101DB000084B1B78202B4FF0010315BF064A074A3A
:101DC00082F85430D361BDE80840FFF7A1B900BFE5
:101DD00000000000181800205018002000E01050EB
:101DE000BFF34F8F0549064BCA6802F4E062134304
:101DF000CB60BFF34F8F00BFFDE700BF00ED00E0F9
:101E00000400FA05094B01221B685A604FF0FF32AB
:101E1000C3F808238022064BC3F88820BFF34F8FF6
:101E2000BFF36F8FC3F88821704700BF34190020BB
:101E300000E100E008B572B6024B5B6803B1984759
:101E4000FFF7CEFFC81800201FB572B6134B5D68B0
:101E50008DB9FFF7C5FFB4FBF6F4D3B20132002C05
:101E6000F9D103F110026A4402F80C4C0A2233B98A
:101E700001A8A847EDE7044600220A26EDE7013B4A
:101E8000DBB203F110040DEB0406B0FBF2F402FB2D
:101E90001400303006F80C0C2046E8E7C818002083
:101EA000F8B5244E05460C4617463378002B3ED134
:101EB00000F024F900F0FEF818B19A211120FFF784
:101EC000C3FF01F0C0F81C4B77600127002D08BF4D
:101ED0001D461A4B34814FF48062C3F8A470184B2E
:101EE000C3F89020BFF34F8FBFF36F8F2846C3F81E
:101EF0009021FFF787FF01F0AFF80546A8B9FFF77B
:101F000053FB01F0ABF801F04DFA002C0BDB04F0B1
:101F10001F036409A4009F4004F1604404F5614478
:101F2000C4F880712760012333702846F8BD4FF054
:101F3000FF35FAE7C81800202A6A040000A00850FC
:101F400000E100E0074BB3F90830002B09DB5A0928
:101F5000012103F01F03403201FA03F3024941F863
:101F600022307047C818002000E100E0014B1878CB
:101F7000704700BFC81800201B4B4FF4000270B51B
:101F8000C3F89820BFF34F8FBFF36F8F174D002119
:101F9000174CC5F80011C3F898212669236906F08B
:101FA000100643F0100323610123C5F804332B60AE
:101FB000D5F80031A3B11EB9236923F010032361C2
:101FC0000A4B0122D3F808055A60C3F808230022FF
:101FD000C3F800214FF40002034BC3F8982170BDF1
:101FE00001F004FBE4E700BF00E100E000700D50E9
:101FF00000ED00E002460C49052038B5431ED8B27A
:10200000FF2803D148216920FFF71EFF01EBC00321
:102010001D7905F0FF04002DF0D141F83020012298
:102020005C719C711A7138BDF8180020042808B53D
:1020300003D958216920FFF707FF094B03EBC000C4
:102040000379012B01D05921F4E7437982790133D7
:10205000DBB29A4218BF4371BDE80840FFF772BF78
:10206000F818002070B50625114C0026013D15F02A
:10207000FF0500D170BD94F8281004EBC1031A7954
:10208000012A09D158799A79904205D05A79D2B269
:102090009A7154F83130984794F828300133DBB204
:1020A000042B94BF84F8283084F82860DEE700BF52
:1020B000F8180020044B1A681C2A03BF5868B0FAAD
:1020C00080F040090020704724190020044B1A6852
:1020D000292A03BF5868B0FA80F0400900207047F1
:1020E00024190020044B1A68272A03BF5868B0FA45
:1020F00080F04009002070472419002008B5104BDB
:102100001049D3F840230A60D3F844334B60FFF7FB
:10211000DDFF10B9FFF7E6FF48B10B4BC1E9023311
:1021200003F580530B61A3F5E0434B6108BD074BFA
:10213000C1E9023303F580530B61A3F58043F4E753
:1021400000C0FF002419002000A0045000600450CB
:10215000014B1B681B68184748050020014B1B6892
:102160005B68184748050020014B1B689B681847AF
:1021700048050020014B1B681B69184748050020D3
:1021800038B5214C0420FFF75FFD04212568854206
:1021900028BF05462846FFF79DFD30B10138C0B283
:1021A000012820D94FF4A27108E02368E068AB420F
:1021B0000DD1FFF71BFD20B94FF492716B20FFF793
:1021C00043FEE268236822611344E36038BD05449E
:1021D00060890123281AE5602375FFF707FD68B9B8
:1021E0004FF49771EAE70123E06823756389C01A09
:1021F000FFF7FCFC10B94FF49E71DFE76289E368DA
:102200009B1A2361E2E700BF4019002008B50C4B80
:102210001A7802F0FF0312B15A1E1A4203D0E021CD
:102220006B20FFF711FE19B1034207D1E521F7E753
:1022300023EA00039B0601D1E921F1E708BD00BFB5
:102240004C05002008B501220C4B02211A764FF4F0
:10225000827293F830001A841A68DA615A689A62B6
:10226000074A117003F11801FFF70AFB20B940F289
:1022700005116B20FFF7E8FD08BD00BF40190020E5
:102280004C05002070B5EFF3108572B6264C002384
:1022900094F8316084F83130012E06D0022E1DD022
:1022A000002E3BD185F3108870BD85F3108894F81B
:1022B000323003F0FF0123B140F251116B20FFF7E0
:1022C000C3FD1420FFF7A2FF184B84F832601B787F
:1022D000012BE9D1BDE87040FFF7B4BF94F832207C
:1022E00012B94FF4B171E9E7104984F832300B7834
:1022F000023BDBB21E2B0ED8012202FA03F30C4A7A
:102300001342CFD144F20402134204D020230B70B5
:10231000FFF784F9C6E74FF4BF71CFE785F3108864
:102320004FF4D271CAE700BF401900204C050020CD
:102330004100004070B5144C94F8335025B140F280
:1023400087216B20FFF780FD104B01264FF4C85208
:1023500084F832501E700E4B0E48C4E900230E4B19
:10236000A360FFF747FE294684F834000B48FFF7C7
:1023700053FA202884F8300002D140F29621E0E799
:1023800084F8336070BD00BF401900204C05002068
:10239000FF3F420F852200000500B700092500001D
:1023A00008B5104B93F8332022B940F2F6216B2088
:1023B000FFF74AFDEFF3108172B693F8312022B196
:1023C000012A0DD040F20631F1E7022283F83120D4
:1023D00001B962B693F83400BDE80840FFF726BEA5
:1023E0000022F3E7401900200B4B93F8333010B56F
:1023F00023B940F215316B20FFF726FDEFF310846F
:1024000072B6064B1A78102A03D108221A70FFF709
:1024100005F904B962B610BD401900204C05002032
:10242000154B70B51B78042B24D1144E337D1BB98A
:1024300073893068C01A70BD01F061F810F11E0494
:1024400041F10005FFF716FA336900221B1841F12C
:1024500000019C4275EB01000CD2181B4FF0FF33BA
:1024600061EB0501834272EB0103E4D2A7216B20EB
:10247000FFF7EAFC0020DEE74C05002040190020B1
:1024800038B5144C94F8333023B940F2CB216B208B
:10249000FFF7DAFCEFF3108572B694F8313023B110
:1024A000022B0DD040F2DE21F1E7012384F8313018
:1024B00005B962B694F83400BDE83840FFF7B6BD00
:1024C000054B00221B7884F83120042BF0D134F026
:1024D000A3F9EDE7401900204C05002008B5094B91
:1024E00019781029CAB207D0202A05D0042A04D1AD
:1024F00010221A7034F0A0F908BD40F2C3116B200D
:10250000FFF7A2FC4C05002070B50C4600F0F7FF69
:10251000062C48D8DFE804F00452522823655E00F8
:1025200001210220FFF772FE304B314A93F832103E
:1025300079B1042111701A68DA6000221A7593F8D3
:102540003130022B01D034F067F9BDE87040FFF75D
:1025500017BE20231370BDE87040FFF75FB840F24C
:102560000F216B20FFF770FC204E96F83230D3B16C
:102570001F4B1B78042B17D100F0C1FF05460C46FA
:10258000FFF778F9327D012A0BD13269121841F137
:102590000003954274EB030303D3BDE87040FFF7DB
:1025A0009DBF11F0D9F870BD124B4FF48062C3F893
:1025B0009020BFF34F8FBFF36F8FF4E7012102200C
:1025C000FFF724FE094B93F8323033B1BDE8704079
:1025D000FFF738BE01212820F2E7054B01221A70CF
:1025E000E1E7024B1B7D012BAFD1D6E7401900205C
:1025F0004C05002000E100E081F0004102E000BF56
:1026000083F0004330B54FEA41044FEA430594EAB2
:10261000050F08BF90EA020F1FBF54EA000C55EAED
:10262000020C7FEA645C7FEA655C00F0E2804FEABE
:102630005454D4EB5555B8BF6D420CDD2C4480EAA0
:10264000020281EA030382EA000083EA010180EAD0
:10265000020281EA0303362D88BF30BD11F0004F1E
:102660004FEA01314FF4801C4CEA113102D0404254
:1026700061EB410113F0004F4FEA03334CEA13338F
:1026800002D0524263EB430394EA050F00F0A780A7
:10269000A4F10104D5F1200E0DDB02FA0EFC22FAA2
:1026A00005F2801841F1000103FA0EF2801843FA96
:1026B00005F359410EE0A5F120050EF1200E012A87
:1026C00003FA0EFC28BF4CF0020C43FA05F3C018C5
:1026D00051EBE37101F0004507D54FF0000EDCF13E
:1026E000000C7EEB00006EEB0101B1F5801F1BD3E7
:1026F000B1F5001F0CD349085FEA30004FEA3C0CEB
:1027000004F101044FEA445212F5800F80F09A80E0
:10271000BCF1004F08BF5FEA500C50F1000041EBE4
:10272000045141EA050130BD5FEA4C0C404141EBE8
:102730000101013C28BFB1F5801FE9D291F0000FE3
:1027400004BF01460020B1FA81F308BF2033A3F192
:102750000B03B3F120020CDA0C3208DD02F1140C89
:10276000C2F10C0201FA0CF021FA02F10CE002F1C4
:102770001402D8BFC2F1200C01FA02F120FA0CFCBD
:10278000DCBF41EA0C019040E41AA2BF01EB045106
:10279000294330BD6FEA04041F3C1CDA0C340EDC04
:1027A00004F11404C4F1200220FA04F001FA02F347
:1027B00040EA030021FA04F345EA030130BDC4F105
:1027C0000C04C4F1200220FA02F001FA04F340EAFA
:1027D0000300294630BD21FA04F0294630BD94F0AB
:1027E000000F83F4801306BF81F480110134013D92
:1027F0004EE77FEA645C18BF7FEA655C29D094EA03
:10280000050F08BF90EA020F05D054EA000C04BF80
:102810001946104630BD91EA030F1EBF002100206B
:1028200030BD5FEA545C05D14000494128BF41F00A
:10283000004130BD14F580043CBF01F5801130BD6E
:1028400001F0004545F0FE4141F470014FF00000F9
:1028500030BD7FEA645C1ABF194610467FEA655CAA
:102860001CBF0B46024650EA013406BF52EA03354C
:1028700091EA030F41F4002130BD00BF90F0000F3A
:1028800004BF0021704730B54FF4806404F1320476
:102890004FF000054FF0000150E700BF90F0000F2F
:1028A00004BF0021704730B54FF4806404F1320456
:1028B00010F0004548BF40424FF000013EE700BF26
:1028C00042004FEAE2014FEA31014FEA02701FBFB6
:1028D00012F07F4393F07F4F81F06051704732F0E8
:1028E0007F4208BF704793F07F4F04BF41F400213F
:1028F000704730B54FF4607401F0004521F000419D
:102900001CE700BF50EA010208BF704730B54FF026
:1029100000050AE050EA010208BF704730B511F027
:10292000004502D5404261EB41014FF4806404F15F
:1029300032045FEA915C3FF4D8AE4FF003025FEAE5
:10294000DC0C18BF03325FEADC0C18BF033202EB69
:10295000DC02C2F1200300FA03FC20FA02F001FAC3
:1029600003FE40EA0E0021FA02F11444BDE600BF66
:1029700070B54FF0FF0C4CF4E06C1CEA11541DBF15
:102980001CEA135594EA0C0F95EA0C0F00F0DEF8E0
:102990002C4481EA030621EA4C5123EA4C5350EAC5
:1029A000013518BF52EA033541F4801143F4801316
:1029B00038D0A0FB02CE4FF00005E1FB02E506F0A7
:1029C0000042E0FB03E54FF00006E1FB03569CF0FC
:1029D000000F18BF4EF0010EA4F1FF04B6F5007F02
:1029E00064F5407404D25FEA4E0E6D4146EB060674
:1029F00042EAC62141EA55514FEAC52040EA5E50FD
:102A00004FEACE2EB4F1FD0C88BFBCF5E06F1ED8A6
:102A1000BEF1004F08BF5FEA500E50F1000041EBDD
:102A2000045170BD06F0004646EA010140EA02008A
:102A300081EA0301B4EB5C04C2BFD4EB0C0541EAAC
:102A4000045170BD41F480114FF0000E013C00F3C1
:102A5000AB8014F1360FDEBF002001F0004170BDE5
:102A6000C4F10004203C35DA0C341BDC04F11404FE
:102A7000C4F1200500FA05F320FA04F001FA05F28A
:102A800040EA020001F0004221F0004110EBD37057
:102A900021FA04F642EB06015EEA430E08BF20EA83
:102AA000D37070BDC4F10C04C4F1200500FA04F326
:102AB00020FA05F001FA04F240EA020001F00041B8
:102AC00010EBD37041F100015EEA430E08BF20EA2B
:102AD000D37070BDC4F1200500FA05F24EEA020E73
:102AE00020FA04F301FA05F243EA020321FA04F0A2
:102AF00001F0004121FA04F220EA020000EBD37059
:102B00005EEA430E08BF20EAD37070BD94F0000F58
:102B10000FD101F00046400041EB010111F4801F8C
:102B200008BF013CF7D041EA060195F0000F18BF3D
:102B3000704703F00046520043EB030313F4801F79
:102B400008BF013DF7D043EA0603704794EA0C0F33
:102B50000CEA135518BF95EA0C0F0CD050EA410649
:102B600018BF52EA4306D1D181EA030101F00041C6
:102B70004FF0000070BD50EA410606BF10461946EE
:102B800052EA430619D094EA0C0F02D150EA0136FA
:102B900013D195EA0C0F05D152EA03361CBF10463B
:102BA00019460AD181EA030101F0004141F0FE41DA
:102BB00041F470014FF0000070BD41F0FE4141F45E
:102BC000780170BD70B54FF0FF0C4CF4E06C1CEA5E
:102BD00011541DBF1CEA135594EA0C0F95EA0C0F13
:102BE00000F0A7F8A4EB050481EA030E52EA0335CE
:102BF0004FEA013100F088804FEA03334FF08055EF
:102C000045EA131343EA12634FEA022245EA11151B
:102C100045EA10654FEA00260EF000419D4208BFCC
:102C2000964244F1FD0404F5407402D25B084FEA79
:102C30003202B61A65EB03055B084FEA32024FF425
:102C400080104FF4002CB6EB020E75EB030E22BF82
:102C5000B61A754640EA0C005B084FEA3202B6EB42
:102C6000020E75EB030E22BFB61A754640EA5C00F1
:102C70005B084FEA3202B6EB020E75EB030E22BF81
:102C8000B61A754640EA9C005B084FEA3202B6EB82
:102C9000020E75EB030E22BFB61A754640EADC0041
:102CA00055EA060E18D04FEA051545EA16754FEAA3
:102CB00006164FEAC30343EA52734FEAC2025FEAC1
:102CC0001C1CC0D111F4801F0BD141EA00014FF050
:102CD00000004FF0004CB6E711F4801F04BF014321
:102CE0000020B4F1FD0C88BFBCF5E06F3FF6AFAE3D
:102CF000B5EB030C04BFB6EB020C5FEA500C50F1CD
:102D0000000041EB045170BD0EF0004E4EEA11314F
:102D100014EB5C04C2BFD4EB0C0541EA045170BD56
:102D200041F480114FF0000E013C90E645EA060E9A
:102D30008DE60CEA135594EA0C0F08BF95EA0C0FC8
:102D40003FF43BAF94EA0C0F0AD150EA01347FF410
:102D500034AF95EA0C0F7FF425AF104619462CE7E7
:102D600095EA0C0F06D152EA03353FF4FDAE10464A
:102D7000194622E750EA410618BF52EA43067FF49B
:102D8000C5AE50EA41047FF40DAF52EA43057FF42B
:102D9000EBAE12E74FF0FF3C06E000BF4FF0010C36
:102DA00002E000BF4FF0010C4DF804CD4FEA410C9A
:102DB0007FEA6C5C4FEA430C18BF7FEA6C5C1BD067
:102DC00001B050EA410C0CBF52EA430C91EA030FE8
:102DD00002BF90EA020F0020704710F1000F91EA45
:102DE000030F58BF994208BF90422CBFD8176FEA13
:102DF000E37040F0010070474FEA410C7FEA6C5CE1
:102E000002D150EA013C07D14FEA430C7FEA6C5CE7
:102E1000D6D152EA033CD3D05DF8040B704700BF13
:102E20008446104662468C461946634600E000BF61
:102E300001B5FFF7B7FF002848BF10F1000F01BD33
:102E40004DF808EDFFF7F4FF0CBF012000205DF8FE
:102E500008FB00BF4DF808EDFFF7EAFF34BF012083
:102E600000205DF808FB00BF4DF808EDFFF7E0FF1C
:102E700094BF012000205DF808FB00BF4DF808ED6D
:102E8000FFF7CEFF94BF012000205DF808FB00BFD4
:102E90004DF808EDFFF7C4FF34BF012000205DF8B6
:102EA00008FB00BF7BB972B90029BEBF00204FF0FC
:102EB000004106E008BF00281CBF6FF000414FF042
:102EC000FF3000F057B8ADF1080C6DE904CE0029D1
:102ED00009DB002B1ADB00F0C9FBDDF804E0DDE9BB
:102EE000022304B07047404261EB4101002B1BDB21
:102EF00000F0BCFBDDF804E0DDE9022304B0404251
:102F000061EB4101524263EB43037047524263EB72
:102F1000430300F0ABFBDDF804E0DDE9022304B07D
:102F2000404261EB41017047524263EB430300F0C2
:102F30009DFBDDF804E0DDE9022304B0524263EBBF
:102F40004303704753B94AB9002908BF00281CBF82
:102F50004FF0FF314FF0FF3000F00CB8ADF1080C2E
:102F60006DE904CE00F082FBDDF804E0DDE9022328
:102F700004B07047704700BF08B5FFF7BFF8BDE861
:102F8000084000F060B870B5841A0E46154659B274
:102F900004F3070460B2FDF7EFFA00233070284411
:102FA000737040B270BD37B5A0F10B041546E0B2A6
:102FB0000F2803D94F216420FEF746FF0DF10303CC
:102FC0000A4601460420FDF7A1FA034608B158213C
:102FD000F1E704EB840401A99DF9030004F66514EC
:102FE000A2B2FDF789FA9DF804302B709DF80530E8
:102FF0006B7003B030BD0023036070477047002042
:1030000070474FF0FF3070474FF0FF307047704708
:10301000002070474FF0FF307047002070470020BD
:1030200070470023037070470022FFF7ACBF0020F9
:1030300070474FF0FF3070474FF0FF3070474FF050
:10304000FF30704770477047FDF790BBFDF7A2BB9C
:10305000FDF7E8BBFDF784BBFDF7BCBCFDF70CBC7E
:10306000FDF7ACBC08B5FDF775FB002008BD38B511
:10307000054691F827000C46FEF7ECFB18B9E8214D
:103080006A20FEF7E1FE002309212846A38484F884
:103090002630236A984718B103780BB1EC21EFE78B
:1030A00038BD426808B5034611441A78A1F196006C
:1030B0005960012A06D1FEF799FD40B9CC216A205A
:1030C000FEF7C2FEFEF792FD08B9D121F7E708BD71
:1030D000F8B504460E4619B9012384F829303BE0BF
:1030E0000D78032DF8D8DFE805F03902121548688D
:1030F000C72802D800252846F8BD0421FEF7EAFDBE
:103100000028F7D171682046FFF7CBFFF3E7FDF702
:10311000ADFDF0E790F82470F7B94D682846FDF74B
:1031200079FD0028D8D02B78D3B9012222702B79D1
:10313000003B18BF012363726B79002B0CBF022385
:1031400004232372AB68A5336360EB6884F8252001
:103150002361032384F82630FDF788FD0225CAE7A2
:1031600094F82630052B04D04FF4C8716A20FEF77E
:103170006BFE27702B7994F82700003B18BF0123C2
:1031800063726B79002B0CBF022304232372EB685C
:10319000A968A5336360D4E906325B1842EBE1729B
:1031A0002146C4E90432042384F82630FEF768FB84
:1031B0000028D1D14FF4C971D8E738B5044620B9F9
:1031C0004FF4D5716A20FEF73FFE90F8285007298A
:1031D00000F2D980DFE801F0043333636D77907E2D
:1031E00090F82630033B012B02D940F2B511E9E7F4
:1031F000052390F8241080F82630002380F8293029
:10320000C9B9FFF74EFF2378012B0FD1FEF732FB30
:10321000C4E90601236A0021284698470146204652
:10322000FFF756FF022840F0B18038BDD4E90423EF
:10323000C4E90623EEE7BDE83840FDF717BD90F876
:103240002630DA1E012A02D94FF4EB71BAE790F862
:1032500024202AB121462846BDE83840FFF707BFA1
:10326000042B0CBF02230123012980F82630036AB6
:103270000AD10521284698470028D6D00378002B8C
:10328000D3D040F2EB119DE706212846984700284D
:10329000CBD00378002BC8D04FF4F87192E790F8A8
:1032A0002630052B02D040F2F7118BE7036A02218A
:1032B000B2E790F82630052B02D040F2FD1181E7ED
:1032C000036A0121A8E790F82630052BB3D040F21D
:1032D000032177E790F82630052B02D04FF40271D6
:1032E00070E7036A0A212846984701462046FFF7FF
:1032F000EFFE40F20B2165E790F82630052B07D052
:1033000090F825200AB1032B02D040F20F2159E793
:1033100094F82420002A9DD194F8293093B10223F7
:103320000821284684F8292084F82630236A984703
:1033300000283FF47AAF0378002B3FF476AF40F2D9
:103340001B213FE794F8252062B1214694F827001D
:1033500084F82530FEF794FA00287FF466AF4FF426
:1033600008712FE702230721284684F82630236AB4
:10337000984700283FF459AF0378002B3FF455AF2E
:1033800040F227211EE74FF40B711BE720B1012803
:1033900005D1236A04213FE7236A03213CE740F279
:1033A0003D210FE770B50024FDF7ACFC054626462D
:1033B000E0B2854200D870BDFDF7AAFC01348684D6
:1033C00080F82660F4E7F8B504460D460027FDF7BF
:1033D00099FC0646F8B2864204D8082D0CD96FF045
:1033E000150008E0FDF794FC90F826300137002B1B
:1033F000F0D04FF0FF30F8BD2CB129462046BDE893
:10340000F840FDF791BC21462046F8E738B505465F
:10341000FDF77EFC014688B190F824408CB990F805
:10342000263073B1013B012B04D82846FFF71FFE5D
:10343000204638BD012380F82430F9E76FF0010001
:10344000F7E76FF02200F4E770B50D46FDF760FC7A
:103450000446002848D090F82660731E012B49D8F6
:10346000002D44D02846FDF7D5FB00283FD02B780F
:10347000FBB9012323702B79003B18BF0123637232
:103480006B79002B0CBF022304232372AB68A53396
:103490006360EB6823610323214694F8270084F8D6
:1034A0002630FEF7EDF940BB40F2BD216A20FEF761
:1034B000CBFC022E1ED1002323702B79003B18BFBA
:1034C000012363726B79002B18BF04262672EB6808
:1034D000A968A5336360D4E906325B1842EBE17258
:1034E000C4E904320423D7E76FF0010070BD6FF028
:1034F0001500FBE76FF02200F8E70020F6E7FDF784
:1035000099BC08B50020FDF785FD0120FDF782FD7F
:103510000220BDE80840FDF77DBD70B58368D0E9A5
:103520000052D1E900465B1942F100029C4276EB61
:1035300002030DD30B7B012B0CD0037B012B09D194
:10354000641BFFF787FD8442B4BF0020012070BDDB
:103550000020FCE70120FAE72DE9F843B2F80880E3
:103560001C4692F80090054698FA98F80F461646C1
:1035700000211022184600F03DF8A4F80C8084F8D1
:103580000E90B9F1000F13D115F11C00D6E90423F8
:1035900047F10001824273EB010133BF4FF47A73AC
:1035A000C4E900237368C4E90057A360BDE8F88349
:1035B000224628463946FDF789FE73682A46A360ED
:1035C0003B46C4E9000121463069FDF7F9FE0028B9
:1035D000ECD1C4E90057E9E7FEF744BD002070478D
:1035E00000207047002070470020704720BF7047C0
:1035F00020BF704770B5C9B20446A30711D141EA94
:103600000123960843EA034522F0030323449C4226
:103610000DD16FF0030404FB06221A44934209D132
:1036200070BD002AFCD0013A04F8011BE5E744F81C
:10363000045BECE703F8011BF0E700280CBF6FF018
:1036400015000020704700207047072303700020FA
:103650007047002070470020704710B50446FEF701
:10366000DFFEA04294BF0020012010BD2DE9F047ED
:1036700086468C460846089E154674461946002B19
:1036800040F0C1808542B2FA82F245D94AB1C2F116
:10369000200300FA02FC954094402EFA03F343EA1B
:1036A0000C0C4FEA154EA8B2230CBCFBFEF80EFB27
:1036B00018CC08FB00F943EA0C43994528D9EB18CC
:1036C00008F1FF3704D2994502D9A8F102072B442B
:1036D000A3EB0903A4B2B3FBFEFC0EFB1C330CFBF3
:1036E00000F044EA0344A04214D92C190CF1FF3332
:1036F00004D2A04202D9ACF102032C44241A43EABA
:1037000007401EB1D440002334607360BDE8F087E9
:103710004746DDE76346F1E792BB431B01214FEAD1
:10372000154EAFB2200CB3FBFEFC0EFB1C330CFBA2
:1037300007F840EA0343984561D9EB180CF1FF30D4
:1037400004D2984502D9ACF102002B44A3EB080344
:10375000A4B2B3FBFEFC0EFB1C330CFB07F744EAE0
:103760000344A7424DD92C190CF1FF3304D2A742D0
:1037700002D9ACF102032C44E41B43EA0040C0E749
:10378000C2F120039540944020FA03F12EFA03F38E
:103790004FEA154E9040AFB20343B1FBFEFC0EFB67
:1037A0001C10190C0CFB07F841EA0041884522D98E
:1037B00069180CF1FF3004D2884502D9ACF102003F
:1037C0002944A1EB08019BB2B1FBFEFC0EFB1C11CE
:1037D0000CFB07F743EA01439F420ED9EB180CF1AB
:1037E000FF3104D29F4202D9ACF102012B44DB1B12
:1037F00041EA004193E76046E3E76146F7E7604648
:10380000A4E76346B8E7834206D916B90021084603
:103810007CE7C6E900E0F9E7B3FA83F78FB98342A2
:1038200001D3724508D8BEEB020460EB030301200C
:103830009C461EB9002169E73846FAE7C6E9004C04
:10384000F8E7C7F1200CBB400EFA07F522FA0CF49A
:103850002EFA0CF1BA401C4320FA0CF3B8404FEAA0
:10386000144901431FFA84FEB3FBF9F809FB183031
:103870000B0C08FB0EFA43EA00439A4540D9E318C3
:1038800008F1FF3004D29A4502D9A8F1020023447E
:10389000A3EB0A0389B2B3FBF9F809FB183308FB61
:1038A0000EFE41EA03418E452CD9611808F1FF3321
:1038B00004D28E4502D9A8F10203214443EA004014
:1038C000A1EB0E01A0FB02984145CE46434602D330
:1038D00006D14D4504D20138B9EB020E68EB040362
:1038E000002EA7D0B5EB0E0261EB030101FA0CFC30
:1038F00022FA07F3F9404CEA0303C6E9003199E7DD
:103900004046C5E74346D9E72DE9F04F82461646C3
:103910001C4600259FB00391307810B9284600F06E
:10392000A7BD252809D00399D0470028C0F2A0855B
:10393000731C01350593059EEEE71822002110A89F
:1039400037F047FB7378252B7ED0002398469E46A0
:103950009C461F46701C014610F8012B2B2A00F0D4
:10396000A68000F29D80202A00F0A480232A00F087
:10397000A4802BB19DF8483043F040038DF84830C7
:10398000B8F1000F05D09DF8483043F020038DF8C2
:103990004830BEF1000F05D09DF8483043F01003C9
:1039A0008DF84830BCF1000F05D09DF8483043F049
:1039B00008038DF848302FB19DF8483043F00403D8
:1039C0008DF848309DF8483003F04400442803D176
:1039D0006FF386138DF848309DF848302A2A43F05B
:1039E00080038DF8483040F084809DF849204B1CBE
:1039F00042F001028DF849201A782E2A0CBF0121CD
:103A000000219DF8492061F341028DF849207CD1C5
:103A10005A782A2A72D000224FF00A0C0133194634
:103A200011F8010BA0F13007092F40F2B3809DF887
:103A300048101492C1F3400040EAD2700A4660F385
:103A400041028DF8482060E08DF84B30B31C05939F
:103A50009DF849309DF84A20DF0702F0070040F149
:103A6000548154F8041B0029049108DA9DF8481089
:103A700041F004018DF84810049949420491590716
:103A800040F14B8154F8047B002F80F24A819DF86D
:103A900049306FF341038DF849304FF0FF3740E173
:103AA0002D2A0DD0302A7FF464AF012353E74FF065
:103AB000010C50E74FF0010E4DE74FF001084AE7C7
:103AC000012748E703460EFB0272303A184610F809
:103AD000017BA7F1300CBCF1090FF3D999428BD0CF
:103AE0009DF848101392D20F62F341018DF84810EF
:103AF00082E70B4600224FF00A0EE7E79DF84920C7
:103B0000023342F004028DF849201A786C2A61D001
:103B100045D8682A4BD06A2A65D04C2A6BD013F856
:103B2000012B782A05938DF84B2000F2AD806D2A89
:103B30006ED8692A00F2A880572A00F28880412AAC
:103B400004D0A2F14503022B00F29E8004219DF8CF
:103B50004A3002F0DF02A2F1410961F30203D9F118
:103B600000029DF8491042EB090262F3C7110A06F0
:103B70008DF84A308DF84910CBB200F1C48003F0C3
:103B80007802182A40F0AE806FF3C6038DF84930F2
:103B900000239DE00CFB02020B46303A3FE7742AFB
:103BA00025D07A2ABBD106219DF849200CE05A780D
:103BB000682A9DF8492006D1012161F3C6028DF8DB
:103BC00049200233ABE7022161F3C6028DF8492098
:103BD0000133A4E75A786C2A9DF8492001D10421C9
:103BE000EBE70321F0E705219DF84920ECE70721E9
:103BF0009DF84920E8E7BDF8482022F4F04222F081
:103C0000020242F4804242F00202ADF84820DFE7AF
:103C10006E3AD3B201229A4040F282431A429DF892
:103C2000493038D112F0240F60D1D1072CD50321AF
:103C30009DF84A2003F07803A3F1400861F30202E3
:103C4000D8F100038DF84A2043EB080340E001203F
:103C5000A2F15801C9B200FA01F111F4624F7FF4E8
:103C600075AF40F6010319429DF8493019D111F49E
:103C7000043F09D09DF84A2060F3020203F0780364
:103C8000402B8DF84A2083D19DF8483043F0010342
:103C90008DF848307CE702219DF84A2061F302024A
:103CA000ECE702209DF84A1003F0780360F302016C
:103CB000402B8DF84A1002BF9DF8481041F00101D9
:103CC0008DF84810632A7FF463AF003B18BF0123CF
:103CD0009DF84820C2F340010B4363F341028DF885
:103CE0004820B5E613F0380FCED151E703219DF8F7
:103CF0004A2013F0780F61F3020214BF012300235E
:103D00008DF84A20E4E70123E2E79DF948100029F5
:103D1000ACBF4FF0FF311399B0E69F077FF5BDAE02
:103D2000149F00230428CDE913339DF8493007D1AF
:103D3000990705D49DF949100029ACBF06270D2726
:103D400002F00702012AC3F3C30332D1DA1E042AA8
:103D500004D8DFE802F02045452020002268012B2E
:103D60004FEAE271CDE910211BD19DF94020D11716
:103D7000CDE9102104349DF84820069292074FD0D7
:103D800032465046059B039936F01AFB0028C0F2D4
:103D90006F830544CFE554F8042BD117CDE91021EA
:103DA000E9E7022BE6D111B242F3C032CDE910129D
:103DB000E0E7022A24D1DA1E042A04D8DFE802F060
:103DC000181010181800012B4FF0000154F8042BA4
:103DD00014D0022BCDE91021CDD192B21092CAE7B6
:103DE000073424F00704F4E80201CDE91001C2E72A
:103DF00054F8042B109200221192BCE7D2B2CDE706
:103E0000042A08D1073424F00704D4E90001083457
:103E1000CDE91001AFE7032AADD154F8042BDDE75B
:103E20009DF84B80B8F1780F3FF685ADB8F1570F8C
:103E30005CD8B8F1250F00F0A380B8F1240F7FF60D
:103E40007AADB8F1410F04D0A8F14503022B3FF63B
:103E500072ADDDE91023002BC0F24B8106990807F3
:103E600000F14A81C1F300194FEA4919C3F30A511D
:103E7000C3F31303002940F0428152EA030014BF48
:103E80004FF0010C4FF0000CD80240EA5250D6021D
:103E9000CDE90C60B8F1460F46EA010640EAE17050
:103EA00008BF4FF06608304300F0B081BCF1000F4E
:103EB00010D01B0343EA12531603324618464FF044
:103EC000000C002880F24F81BCF1000F40F05281BD
:103ED000CDE90C630D9BA1F2FE3B43F000430D9333
:103EE0000021DDE90C230E46052059E1A8F1580216
:103EF000202A3FF620AD01A151F822F0C540000074
:103F000037390000373900003739000037390000F1
:103F100037390000373900003739000037390000E1
:103F2000533E00003739000071400000854000001A
:103F3000533E0000533E0000533E0000373900005E
:103F4000854000003739000037390000373900005C
:103F500037390000CB400000C5400000154000008C
:103F60003739000037390000913F00003739000031
:103F7000C54000003739000037390000C540000057
:103F800040460399D0470028C0F272820135D2E43E
:103F9000002F109E3ADB3946304637F033F8371899
:103FA000002E3FF4C8AC4FF000099DF84A3013F0E2
:103FB0001002069200F05182023013F04003DDF847
:103FC0004C80089318BF149B404418BFC018049B32
:103FD000CDF81C80002B40F35B829DF848201B1A13
:103FE00004935307C2F3800B00F15282500640F154
:103FF0004282B9F1000F07D048460399D047002804
:10400000C0F23682D9460135302235E2304636F0EC
:10401000A7FFC4E71098002800F01A820DF175037D
:104020000093002117AB12AA36F082F94FF0000975
:104030000646BDF84A3003F0EF0343F4F04343F083
:104040001003ADF84A30002F0CDB9DF848200DF12D
:1040500075039B1B6FF386129F428DF8482001D990
:10406000FB1A1393002E3FF466AC0DF1750767E061
:10407000109B4FF0000901208DF85C300DF15D07B9
:1040800017AE92E7069B1E0754BFC3F300194FF00B
:104090002B09DDE9102358BF4FEA4919002B06DA36
:1040A0004FF02D09524263EB4303CDE91023DDE9C4
:1040B00010010DF17503009312AA17AB36F038F911
:1040C0000646C0E74FF00009F1E7109A072B3FF6CC
:1040D00032ACDFE803F00C04060C08080C0C157079
:1040E00029E4158027E4EB17C2E9005323E41560A7
:1040F00021E44FF02D09B9E64FF02B09B6E640F266
:10410000FF7081422CD11343A8F141081FD1B8F1AF
:104110001A0F35BF492369234E216E2134BF462231
:1041200066228DF85C309DF848308DF85D106FF395
:1041300086138DF85E208DF848300DF15F0717AEBD
:10414000B81BB9F1000F3FF430AF01302DE7B8F1E3
:10415000190F8BBF6E234E23612141211A46E0E7E0
:104160004FF0000C90E692184FF0010C01F1FF3176
:104170004041A6E6CDE90C20ACE6520842EAC37203
:104180005B08B3F1333F59460BF1010BF5D201F156
:10419000020B012100FB03FCA2FB0023013E634450
:1041A0001BF1020FE9DB09B1CDE90C23DDE90C328B
:1041B000BBF1000F2DDCCBF10401A1F120000BF1CC
:1041C0001C0B02FA0BFB22FA00F0CA40CB4007920C
:1041D00008F0DF0243EA0B03472A43EA00037BD1DE
:1041E000F21C01DBB7422ADAA8F10208002F5FFABD
:1041F00088F87ADD9DF84820013F900675D4B7F124
:10420000000B18BF4FF0010B7A1C26E04FF0000B9B
:1042100066E6023342F100020CA80BF1FF3B0136C7
:10422000CDE90C3236F055F8DDE90C32DB1852419D
:10423000002A0BF1FF3BF9DACDE90C32B6E79DF825
:104240004820BF1B91064DD4B7F1000B18BF4FF0AB
:10425000010BBA194FF066084AD4102AA8BF1022E1
:104260009FEDA97B10208DED0E7B0B90DDE90E01FB
:10427000002A3FD1079A1B1842EB0101B1F1805F80
:1042800047D2CDE90C31069BB8F1660F03F020024E
:1042900040F0BE80002E47DC30238DF85C30002AD1
:1042A0006ED1002F40F3BD812E238DF85D3086B195
:1042B0007342BB42A8BF3B46002B1393A7EB0307F7
:1042C000D4BF002301239DF84A2063F345128DF8E3
:1042D0004A200DF15E0340E0B8F1660F4FF0000B8D
:1042E000B7D091E74FF0000BB3E74FF0000B8BE72F
:1042F0000022B5E7400840EAC1704908CDE90E0147
:104300000EA8CDE9082335F0E4FF089A099B013A8D
:10431000ACE75B0843EAC1730CA84908CDE90C314E
:10432000013635F0D6FFAEE717AB0B9900290BDD50
:104330000BA90CA8CDE9063235F0E3FF069B013E40
:10434000079A03F8010BF0D11396AAB9002F40F396
:1043500066812E2103F8011B0026002F19DD0B9A20
:10436000002A16DD0BA90CA8069335F0CAFF069BA0
:10437000013F03F8010BF0E72E2203F8012BEBE7D6
:104380002E238DF85D30002EA3D0002F90DC0DF190
:104390005E03BBF1000F4FD114971F4608F0DF03F7
:1043A000452B24D1002EBABF76422D232B23632E1A
:1043B000C8BF64227B70C4BFB6FBF2F302FB136676
:1043C0004FF00A02C8BF03F13001B6FBF2F3C8BFD9
:1043D000B97003F1300102FB136387F8008003F129
:1043E0003003D4BF0237033739707B700237139B19
:1043F000002B2BDC149B002BD4BF002301239DF842
:104400004A2063F3861200238DF84A203B7096E61B
:104410000BA90CA8069235F074FF069A30288DF887
:104420005C0018BF06F1FF3612B9002F40F3F98087
:104430002E238DF85D304CE71F4617F8012C013B09
:10444000302AF9D02E2A08BF1F46A7E70123D6E756
:104450002F4F81467E1F0520A7E51A0748BF013070
:10446000ABE5104609920399D0470028099A05DA6E
:104470001FB0BDE8F08F2022DDF810B059460029AA
:104480000BF1FF3BEDDC049BCDF810B02B445D1A23
:10449000B9F1000F05D048460399D0470028E7DB63
:1044A0000135089B002B7FD09DF94930002B31DB73
:1044B000B3469BF80000D946A0F13003092B0BF15D
:1044C000010B48D99DF84A30AE1B99064E4407D4DB
:1044D0004246002A08F1FF3842DC079B33449E1A0B
:1044E00099F800002E280AD10399D0470028BFDB95
:1044F000B8F1000F06F1010638DC09F101094D465B
:104500003FE000BFAFF300800000000000000008A3
:10451000A0890400B14699F80000C846702809F146
:10452000010913D1AE1B149D46443544AB1B002B2F
:1045300032DC3B4642465046039935F041FF0028A5
:1045400096DB3044049E0546064463E00399D04759
:104550000028E0DA8CE70399D0470028A9DA87E73A
:1045600030200399D0470028B2DA81E73020039940
:10457000D04708F1FF38B9E70399D0470028FFF684
:1045800077AF2878A846A0F13003092B05F1010583
:10459000F2D9A6EB0906C6E730200399D0470028D8
:1045A000FFF666AF0136C1E79DF84A30DA0601D45E
:1045B0001B0706D530200399D0470028FFF658AFD7
:1045C0000135069B3BB103999DF84B00D04700286D
:1045D000FFF64EAF0135A84406E030200399D047DE
:1045E0000028FFF645AF0135A8EB0503002BF4DCEE
:1045F0003B4632465046039935F0E2FE0028FFF66E
:1046000037AF28449EE720200399D0470028FFF6C3
:104610002FAF0135731B002BF5DCFFF78CB9164665
:10462000B7E60DF15D03B4E62DE9F0431F461B7CB0
:104630000E467D2B804615460469F96885B00AD977
:104640000121AF4AAF4836F013FB6FF079052846D9
:1046500005B0BDE8F0839A1C84F8D82504F2D9503F
:104660001A4636F0ABFC04F5B869484612F042FF32
:10467000022E34D00BD9F31E012B4BD90121334626
:10468000A14AA04836F0F4FA6FF08505DFE7002371
:10469000ADF80D3095F84A3006F00106C3F340023C
:1046A000C3F380038DF8093001238DF80B30974B4D
:1046B00002A993F8843604F5BB608DF808208DF8C4
:1046C0000A608DF80C300CF02DFA002866D101211B
:1046D0008F4A8C4837F083F96FF00405B7E7002361
:1046E000ADF80C3095F84A3002A9C3F34002C3F389
:1046F00080038DF8093001238DF80A30834B04F5CF
:10470000BB6093F884368DF808208DF80B300CF0E0
:104710003BFADAE70023CDF80B3095F84A30C3F3C3
:104720004002C3F380038DF80930331F5E425E41BF
:104730008DF808208DF80A603BF084F8D5E908620E
:1047400001238DF80C30714B8DF80B0093F88436F3
:104750008DF80D306F4BB3424FF00203934118D3E5
:104760006D4BA6FB036103FB0211AB6AF01841F12C
:1047700000014FF47A720023FEF794FB40F09CFC9A
:104780000B4602A90246009104F5BB603BF07EF89F
:104790009BE74FF0FF306FF00041EAE75B4BD3F847
:1047A0007C361BB13A460021404698474FF0FF3215
:1047B0004FF0FF33484612F077FE94F8822695F8C2
:1047C0004A3062F3410385F84A3094F88326DBB21D
:1047D00062F3820385F84A3094F85836052B3FF689
:1047E0007BAF01A252F823F007480000ED4800001B
:1047F000E748000001480000D9460000E7480000F3
:104800006FF0680523E7D4F86456002D3FF41FAF1E
:1048100004F5CE6757E9023213430ED102213F4A15
:10482000384837F0DCF86FF02205D4F864063BF026
:1048300059F80023C4F8643609E7002200232D78D4
:104840002068CDE90023002329461A4603F044FCE2
:10485000064638B90121324A2A4837F0C0F86FF0CD
:104860000B05E2E7D4F864162A46013136F02BFF37
:1048700000280ADA01212B4A224837F0B0F86FF0FD
:104880000B05304636F05EFECFE794F870364FF4F5
:104890007A7586F8483094F97136AE339BB2FE2BA8
:1048A00028BFFE2386F8493057F8080C57F804CC87
:1048B000A0FB050110A3D3E9002305FB0C11FEF7B3
:1048C000F1FAC6E90801B262304636F06DFE3146B3
:1048D00020680BF03DFA20B10321134A094837F054
:1048E0007EF80025CDE76FF02205B0E66FF00F05EA
:1048F000ADE600BFAFF3008000CA9A3B00000000A5
:10490000DD92040048680400F3920400882B002024
:104910000C930400037DC12500CA9A3B1E9304003A
:10492000359304004F9304006C93040000000000D2
:104930002DE9F0472DED028B80469FED318BDFF89E
:10494000D4A082B04FF0FF324FF0FF3308F5816002
:1049500012F052FD4368044693F800900023494644
:104960001A468DED008BD8F8000003F0B5FB6168A6
:104970004A460131054636F0A6FE814670BB237CCF
:104980004FF47A7185F8483094F91130AE339BB208
:10499000FE2B28BFFE2385F84930A27C95F84A30CB
:1049A00062F3000385F84A30A068E668A0FB010CBA
:1049B00016A3D3E9002301FB06C1FEF773FAC5E98C
:1049C0000801AA622946D8F8000036F079FB0028D1
:1049D0000DDA524601210C4837F001F800236068D7
:1049E00063603AF07FFF284636F0ACFDAAE76068C6
:1049F000C4F804903AF076FFA4E700BFAFF300805C
:104A0000FFFFFFFFFFFFFFFF4868040000CA9A3B5B
:104A100000000000909304002DE9F0411446056960
:104A2000B9B9B5F90000297B714D80FB0101A0FBEC
:104A3000050647F6FF72002305FB0161FEF732FA17
:104A400000236C4AFEF72EFA206062600020BDE869
:104A5000F0810139062900F2C280DFE801F0040785
:104A60000A4865686B00B5F90200DCE7B5F9040097
:104A7000D9E7B5F90000297B5D4E80FB0101A0FB61
:104A8000060747F6FF72002306FB0171FEF70AFADC
:104A90000023584AFEF706FAC4E90002B5F90200FD
:104AA000297B47F6FF7280FB0101A0FB060700236C
:104AB00006FB0171FEF7F6F900234E4AFEF7F2F904
:104AC000C4E90202B5F90400297B47F6FF7280FBB6
:104AD0000101A0FB0605002306FB0151FEF7E2F9E8
:104AE0000023444AFEF7DEF920616261AEE7B5F9C2
:104AF00006302A8A83FB02523F4BA5FB035603FB79
:104B0000026639A3D3E9002328463146FEF7CAF9E5
:104B10000023206031462846384AFEF7C3F90023B7
:104B2000344AFEF7BFF990E7B5F90830E1E7B5F987
:104B30000A30DEE7B5F906702B8A2F4E87FB037328
:104B4000A7FB067806FB038827A3D3E90023384692
:104B50004146FEF7A7F90023206041463846274A20
:104B6000FEF7A0F90023234AFEF79CF96260B5F92D
:104B700008702B8A87FB0373A7FB067806FB038864
:104B800019A3D3E9002338464146FEF78BF90023E9
:104B9000A06041463846194AFEF784F90023154AB9
:104BA000FEF780F9E260B5F90A302A8A83FB0252E7
:104BB000A5FB065306FB02360BA3D3E900232846C8
:104BC0003146FEF76FF900232061314628460B4A33
:104BD000FEF768F90023074AFEF764F985E76FF0EE
:104BE000850034E7AFF30080006BC53F5D05000032
:104BF0003AA3950040420F00D8EF2F004CFF590018
:104C00002DE9FF47054690460C46D0F8109021B993
:104C10001AB9002004B0BDE8F087012340212846DE
:104C20000DF10E0237F07FF80028F3D101237D212A
:104C300028460DF10F0237F076F80028EAD1FCB9CA
:104C4000B8F1000FE5D099F80D20D8F80030072A08
:104C500000F25881102B00F0768100F36881013B4F
:104C6000072B00F27881072B00F27581DFE813F043
:104C70006901670173015D017301730173016D01C6
:104C80006068FDF70BFEC2A3D3E90023FDF79AFF8E
:104C9000064620680F46FDF701FE02460B463046E9
:104CA0003946FDF7AFFC9DF80E400022AC4B06469E
:104CB0000F469DF80FA004F0F004FEF7DFF840B1B6
:104CC000002230463946A74BFEF7C4F8002840F0D2
:104CD0001381002230463946A24BFEF7CFF840B18F
:104CE000002230463946A04BFEF7B4F8002840F0C9
:104CF000FD800022304639469B4BFEF7BFF840B19D
:104D0000002230463946994BFEF7A4F8002840F0BF
:104D1000E780002230463946944BFEF7AFF840B1A9
:104D2000002230463946924BFEF794F8002840F0B6
:104D3000D1800022304639468D4BFEF79FF840B1B6
:104D40000022304639468B4BFEF784F8002840F0AD
:104D5000BB80002230463946864BFEF78FF840B1C3
:104D6000002230463946844BFEF774F8002840F0A4
:104D7000A5800022304639467F4BFEF77FF840B1D0
:104D80000022304639467D4BFEF764F8002840F09B
:104D90008F80002230463946784BFEF76FF838B1E5
:104DA000002230463946764BFEF754F8002879D178
:104DB000002230463946724BFEF760F838B10022C7
:104DC000304639466F4BFEF745F8002864D1002283
:104DD000304639466B4BFEF751F838B10022304669
:104DE0003946694BFEF736F800284FD1002230468D
:104DF0003946654BFEF742F830B10022304639465D
:104E0000624BFEF727F8D8BB0022304639465F4B8D
:104E1000FEF734F878B30C2044F00C044AF0040A8E
:104E200044F080048DF80FA08DF80E4089F80D0035
:104E3000B8F1000F7FF407AF0123402128460DF1A0
:104E40000E0236F0A0FF00287FF4E4AE4FF4E170CC
:104E500036F067FF9DF80F307D2103F00F038DF8CA
:104E60000F304FF47A73284600930DF10F0201239F
:104E700036F091FFCEE60AF0FB0A04F07F04D1E79A
:104E80000B2044F00B044AF0040AC9E70A2044F05E
:104E90000A044AF0040AC3E7092044F009044AF06E
:104EA000040ABDE7082044F008044AF0040AB7E702
:104EB000072044F007044AF0040ADEE7062044F025
:104EC00006044AF0040AD8E7052044F005044AF035
:104ED000040AD2E7042044F004044AF0040ACCE7B0
:104EE000032044F003044AF0040AC6E7022044F019
:104EF00002044AF0040AC0E7012044F001044AF029
:104F0000040ABAE7022B1AD0042B1AD0012B0CBFCB
:104F1000022303239DF80E201B0122F0300203F030
:104F2000300313438DF80E3086E70223F2E7402B5F
:104F30000DD0802B0DD0202B0DD10523EAE70123C6
:104F4000E8E70023E6E70423E4E70323E2E7062398
:104F5000E0E70723DEE76FF085005BE6AFF3008054
:104F60000000E93F0000F93F00000940000019403F
:104F7000000029400000394000004940000059402D
:104F8000000069400000794000008940000099401D
:104F90000000000080842E412DE9FF470546904621
:104FA0000C46D0F8109021B91AB9002004B0BDE821
:104FB000F0870123422128460DF10E0236F0B3FEA0
:104FC0000028F3D101237D2128460DF10F0236F090
:104FD000AAFE0028EAD1A4B9B8F1000FE5D0D8F8AC
:104FE0000030022B00F0F780043B18BF01235B0068
:104FF0009DF80E2022F0300242EA03138DF80E30A5
:105000009BE06068FDF74AFC7DA3D3E90023FDF730
:10501000D9FD064620680F46FDF740FC02460B46C8
:1050200030463946FDF7EEFA9DF80E4000226C4BF3
:1050300006460F469DF80FA004F0F004FDF71EFF92
:1050400040B1002230463946664BFDF703FF002889
:1050500040F0BB80002230463946624BFDF70EFF20
:1050600040B10022304639465F4BFDF7F3FE002881
:1050700040F0A5800022304639465B4BFDF7FEFE2E
:1050800040B1002230463946584BFDF7E3FE002878
:1050900040F08F80002230463946544BFDF7EEFE3B
:1050A00038B1002230463946514BFDF7D3FE002877
:1050B00079D10022304639464D4BFDF7DFFE38B13D
:1050C0000022304639464B4BFDF7C4FE002864D120
:1050D000002230463946474BFDF7D0FE38B100225A
:1050E00030463946444BFDF7B5FE00284FD100222B
:1050F00030463946404BFDF7C1FE30B10022304604
:1051000039463E4BFDF7A6FED8BB00223046394655
:105110003A4BFDF7B3FE78B30D2044F00D044AF08E
:10512000020A44F0C0048DF80FA08DF80E4089F8F3
:105130000E00B8F1000F7FF452AF01234221284640
:105140000DF10E0236F01FFE00287FF42FAF4FF452
:10515000E17036F0E6FD9DF80F307D2103F00F037E
:105160008DF80F304FF47A73284600930DF10F023B
:10517000012336F010FE19E70AF0FD0A04F03F049F
:10518000D1E70C2044F00C044AF0020AC9E70B20D6
:1051900044F00B044AF0020AC3E70A2044F00A0470
:1051A0004AF0020ABDE7092044F009044AF0020A65
:1051B000B7E7082044F008044AF0020AB1E70720E4
:1051C00044F007044AF0020AD8E7062044F0060437
:1051D0004AF0020AD2E701230AE700BFAFF30080DA
:1051E000000039400000494000005940000069407B
:1051F0000000794000008940000099400000A9406B
:105200000000000080842E4137B5114C3C21A56878
:105210002046EB68984770B90C216A4620462B69F6
:10522000984740B90B4B009A93F90010914202D075
:105230001A703AF00BFB04A3D3E90023064812F0DE
:105240002DFB03B030BD00BF389C1C0000000000E7
:10525000D8670400880900202834002008B50321FD
:10526000054A064834F0C4FCBDE808400122082184
:10527000034834F0BFBC00BF64860400F867040034
:1052800018670400342110B51EF0D4FE00234360DB
:10529000037863B90389062B09D143893BB9047BA1
:1052A0000A4B34B1012283F87E20FFF7D7FF00209C
:1052B00010BD0321064A074883F87E4034F098FC6D
:1052C00022460821044834F095FCF0E79C91002028
:1052D00070860400F8670400186704002DE9F04F99
:1052E0008BB002AFDFF8108240463BF0A5F928B939
:1052F0000121714A714834F07BFC74E0FD230124E4
:105300004FF0020A3B713B1D7B61BC6187F81CA01A
:105310003B7FD8F8085043EA0A033B7707F1140BA8
:105320004423224659464046AE68B047002140F229
:10533000391012F0C3FD032307F10C09C7F81490CC
:10534000BB613B773B7F224643EA0A033B775946E2
:105350004423AD684046A8470025FF23312251462B
:105360004846009534F056FCBB7B83425CD1B9893A
:10537000534849BA89B24FF6FF720023A1FB0001DE
:10538000FDF790FD4F4B0A2210EB030861F1000975
:10539000002340464946FDF785FD2B46B88222464C
:1053A000CDE900B540F202410A2037F0DAF8404674
:1053B00049464FF47A720023FDF774FD6E468AB0B9
:1053C00002ACC4E90712636222460623DFF82CC14F
:1053D000C4E905C042F8103F4FF443512B4637480B
:1053E00001F03CF9B546384C20463BF025F9002841
:1053F0005CD00321354A314834F0FAFBA3683C21E4
:10540000DB6820469847034688B1314A01212B4882
:1054100035F02EFC4FF4A37200212E480AF0AEF8AE
:105420002437BD46BDE8F08F21462B4A62E701468E
:105430003A1D204634F0D9FB034608B1274AE5E778
:105440000121204607F10C0234F0CFFB034608B1DE
:10545000234ADBE70221204607F1140234F0C5FBA2
:10546000034608B11F4AD1E7D7E90132002AB8BF85
:1054700052420321009211481B4A35F003FCD7E940
:105480000332002AB8BF5242032100920B48174A48
:1054900035F0F8FBD7E90532002AB8BF52420321A4
:1054A00000920648124A35F0EDFBB3E70121114A9C
:1054B000024834F09DFBADE77B860400F8670400EA
:1054C00098AB02003850FFFFC0670400C986040093
:1054D000E9860400DD520000B58604000887040058
:1054E0002887040048870400688704007887040040
:1054F0008887040098870400786704009986040070
:1055000000232DE9F04383B000AF394604463B60E9
:105510003DF071FA054620461EF0CCFEEA1E064616
:10552000072A3CD8DFE802F0303B04093B3B3B1440
:105530000321324A324834F05BFB022005F056F872
:1055400014B120461EF0C8FA0C37BD46BDE8F08302
:10555000F8B923F0BFFC814623F0E0FCE84605469D
:1055600023F062FD8AB06A4605232649C2E9075046
:10557000C2E9051942F8103F4FF423513346204841
:1055800001F06CF8C546DBE703211F4A1C4834F0E4
:105590002FFB422202211D4809F0F0FFD0E72046F0
:1055A00009F066FC45420028CAD0284604F09CF960
:1055B0006E468CB06B461649D861C3E9051515498E
:1055C00003F1100279601449381D1962852103F135
:1055D0002B05596203F1270110F801CB01F801CF27
:1055E000A942F9D10D49196100234FF461510448D2
:1055F00001F034F8B5460AF0D9F8A1E7B6870400FF
:10560000F8670400DC8704001B880400EDA5000097
:1056100037880400010302044E88040006000002DB
:105620007FB50321424A434834F0E2FA4248026916
:105630008168136843F4807313600B683F4A082144
:1056400098473F4C20463AF0F7FF002842D101210D
:105650003C4A384834F0CCFA06F0F0FC3A4B0024CF
:10566000C0F89C3039483BF072FD0822384B0620C8
:105670001A70032283F857204FF26002A3F88220A9
:1056800043F2D402A3F884201422A3F87C40A3F8A8
:10569000862083F87E40A3F8804022F0A7FB40F2EA
:1056A000A27022F0B1FB012009F07EFE40F6B83076
:1056B00028F0F2F90AF0E2F842222146254809F0E2
:1056C0005DFF4FF0FF314FF0FF3012F0F7FB204647
:1056D00004B070BD00236422CDE900230222CDE98D
:1056E0000223A5682E686EB107220321204602AB73
:1056F000B047024648B11346174A01210D4835F01C
:10570000B7FAA9E76FF05702F5E72D683DB16B4690
:1057100003212046A847034620B1104AEDE76FF069
:105720005703FAE7002140F21B6012F0C7FB93E732
:1057300079880400F86704001867040001000A0073
:10574000C0670400988704008552000068080020A4
:105750009C910020DD520000A8880400C988040044
:105760002DE9F04F91B0009302F004030293C2F3CD
:10577000C2030133840705460E46DDF868900392A4
:10578000059340F0BB81041D30B1072909D86FF0A3
:105790001B0011B0BDE8F08F01F00706341DC6F103
:1057A0000806009B4FF000084FF0040A591E4FF006
:1057B000FF3347460193C3465346CDF810800DB1E1
:1057C000009820600598002800F3E8809848009A27
:1057D000824203D397488242C0F0E080039AA4EB50
:1057E000050E92074FEA9E0000F103810F2F00F291
:1057F000B180002D00F0058107F140020DEB020C95
:10580000019A0CF8200C0CF8102C0498013004902C
:10581000E7E07A285DD84B280ED8472859D82928A0
:105820002DD8252852D054D820287AD02338D0F12A
:10583000000B4BEB000B74E04C382E2849D8DFE806
:1058400000F07048484848484848484848484B484D
:105850004848484848484859484B4B595959704B53
:105860006D487048184B184848827F4B48484B4851
:105870007F0000204FF0000B4FF0040A38E00122B7
:105880002A38C0B202FA00F010EA0E0F49D110F027
:10589000625C2FD110EA020B43D06046013C5444B5
:1058A000B4FBFAF40AFB04F4002D61D0A3EB050C61
:1058B000A444B4453FF66BAF002868D1042B47D110
:1058C00059F8043B2360042304342AE0019A013A86
:1058D00001924FF0000B24E011F8010C6C2834D138
:1058E000002011F8023C83466C2BC5D14FF0080A0A
:1058F0005346D3E709F1070929F00709073424F0D3
:105900000704F9E802AB35B106982044B0423FF6EF
:105910003EAFC4E900AB4FF0000B08344FF0080A6B
:10592000534611F8010F002878D0BBF1000F7FF427
:1059300070AF2528F5D14FF0010B019B0133019386
:105940004FF0040AECE7584694E700208346A5E7A9
:10595000082B02D06FF015001BE709F1070929F0A9
:105960000709B9EC027B84ED007B08230834D8E7F3
:1059700068B9042B02D109F10409A4E7082BE9D185
:1059800009F1070929F0070909F10809EDE7059868
:105990000138059059F8040B009010E7039A90071E
:1059A00020D54FF0010CA4EB050E4FEA9E00BEF58A
:1059B000007FCFD20F2FCDD8F5B107F140020DEB0C
:1059C000020E019AC0B20EF8200C0EF8102CBCF199
:1059D000000F3FF41AAF60F07F000EF8200C08F1C2
:1059E00001080137C5F108024FF6DA7E0434069249
:1059F00097E74FF0000CDAE7BCF1000F01D0013659
:105A0000EFE7029A0236002AEBD10098CDE9063181
:105A100035F0A6FADDE906310644E2E7631BB3F58B
:105A2000806F97D245B9A6F10804E018B1E600BF2F
:105A3000F86504003CA60400029A9B0828602B70BD
:105A40009DF81030C2B1EB7085F80280B8F1000FFC
:105A500005D0002208A8C5F1010C97420ED14FF0E5
:105A6000000AC5F101030DF1200901930DF1300B7E
:105A7000574512D1601B8CE66B70E5E710F8013BCF
:105A8000190608D504EB0C0EB64503F07F033FF66C
:105A90007EAE04F8013B0132DFE7B8F1000F03D01E
:105AA00099F90020002A17DB029BD3B11AF80B20CA
:105AB00004F8012B0022019B98182044B0423FF6C5
:105AC00066AE99F80000009904F8010B2046039295
:105AD00035F074FA039A14440AF1010A09F1010934
:105AE000C6E799F8002055F822300093029B0098F1
:105AF00045F8223035F034FA421CDCE76FF00D0037
:105B000047E600BF2DE9F04F95B000AFD7F878B069
:105B1000BB61CBF3C00304467A627B61396251B941
:105B200003784678807800EB830020443B6A9E42ED
:105B30001BD8031B3B6294F8029094F803A04E46D6
:105B4000B9F1000F02D01BF0010F18D1BAF1000F0C
:105B50002BD17B6A1BB12046BA69396A98473D6AE6
:105B600028465437BD46BDE8F08F451C284635F021
:105B7000F7F93B6A0130013328443B62D6E763689A
:105B80002578FB617B6AAA003A6104EB8501002B52
:105B900040F0FF800E464FF000083D6A09EB01031C
:105BA000B3424BD101EB090610E01BF0020FD0D03D
:105BB0002578AB003B61636804EB8501FB617B6A80
:105BC000002B74D198463D6A01EB09061BF0050FC6
:105BD0000CBF022301237B620BF0020306EB4A0A8F
:105BE0003B625645BCD016F8021B16F8013C54F82F
:105BF0002390AD4B994502D3AC4B994536D37B6985
:105C0000002B40D0F86934F007FB00283BD0E94670
:105C10008AB06A46A64B5361FB69C2E906314FF46C
:105C200000731384A34B42F8103F00234FF412512A
:105C3000A14800F013FD023DCD46D2E716F8012B36
:105C4000C7E9081354F8220035F08AF9D7E9081398
:105C5000FA6F013042B1D7F8802090453EBFFA6F0D
:105C600022F8180008F10108054499E77B6923B17F
:105C7000F86934F0D1FA0028C9D11BF0010F05D121
:105C80007B6AED1AADE73B6A002BAAD0484635F097
:105C900067F9FB6F4BB1D7F8803098453FBFFA6F7B
:105CA000431C22F8183008F10108054499E7B9F1BE
:105CB000000F73D01BF0040673D0C846002607F10E
:105CC00040004A46F96035F079F9F9684FEA4A032D
:105CD00001EB0905BB6005EB4A03FB600BF0020317
:105CE0007B60FB689D425ED123781BF0020FFB6155
:105CF000637818BF002106EB030208BF4FEA580182
:105D00001BF0010FD2B240F09D801BF0040F14BFB6
:105D10004046002094F802B094F803A07B616270C2
:105D2000A070E1702046BA6939697B6A9847051E00
:105D3000FFF616AFFB69414623707B69BA69637051
:105D400084F802B07B6A84F803A007F1400098470A
:105D5000B0F10008C0F2A3803B6ABA69A3EB090165
:105D60003B69F868C91ABB68C91A7B6A984700285A
:105D7000C0F297804FF0000BA84408EB000507F134
:105D8000300AB34560D30021BA6908467B6A984758
:105D9000E6E64FF0000807F1300092E74E46C846AD
:105DA00094E7B04692E715F8021B3F4A15F801AC9C
:105DB00054F82A30934202D33C4A93421CD37B6965
:105DC00023B1F86934F028FA00288AD17B68F3B946
:105DD00008F1280207F12800024408F1010302F843
:105DE000101C07F1500208F1020852FA83F35FFA1F
:105DF00088F803F810AC74E77B692BB1F86934F0CC
:105E00000BFA00287FF46DAF1BF0010F09D006F1EB
:105E1000280207F12801731C561806F820ACDEB2E0
:105E20005FE71BF0040F3FF45CAF08F1280207F1B5
:105E3000280108F1010302EB010808F810AC5FFA31
:105E400083F84EE7002065E71BF80A3054F82390EA
:105E500087F82F30FB6FFBB133F81B800121BA6943
:105E60007B6A07F12F00984700281ADB0544B8F138
:105E7000000F06D1484635F073F800F101081FFA0B
:105E800088F841464846BA697B6A9847002808DB8B
:105E900005440BF1010B74E7D7F87C80DEE745463B
:105EA0005EE605465CE600BFF86504003CA604001B
:105EB000E78804000400000100680400014B18603A
:105EC000704700BFF805002030B5002587B0CDE948
:105ED00003010446009503A905480595FDF714FD47
:105EE000DDE904309842B8BF255407B030BD00BF8B
:105EF00067A2030008B5EFF31183402383F31288F0
:105F0000BFF36F8F01F038FA024834F0BEF934F075
:105F1000DFFFFCE7A18904002DE9F047058B04466B
:105F20002807904611D4022905F0070540F0CC80DF
:105F3000204634F0D7FC78B10138218B042811D8E1
:105F4000DFE800F0C2106D85950001290CBF45F017
:105F5000100545F02005258388F31188BFF36F8F66
:105F6000BDE8F08701F0070AAA4500F0A5800027E8
:105F7000B9463E46A368002B00F0BC8041F0080102
:105F8000218388F31188BFF36F8FA168002900F087
:105F9000BA800D68002900F0B6803346524620468C
:105FA000D1F80480C047002D76D02B6829461D46C5
:105FB000F0E701F007035A1F012A1BD8002221F045
:105FC0000701062B276889B2C4E9002209D13B46A4
:105FD00003E0628B013262831B68002BF9D141F030
:105FE00002012046218334F07DFC00287AD041F064
:105FF000200176E0042B0AD121F0070189B2204666
:10600000218334F06FFC10B141F020012183218BFA
:1060100001F0070AAA454FD00027B946AAE723692D
:1060200021F0070141F00601062DD3F800902183ED
:106030002DD1B9F1000F3FD041F00801218388F341
:106040001188BFF36F8F20463949C84729E021F0F6
:106050000701236941F0040189B2042DD3F80490AB
:106060002183E6D000274FF0040A3E4682E721F064
:106070000701236941F0050189B2052DD3F8089085
:106080002183D6D000274FF0050A3E4672E700274D
:106090004FF0060A3E466DE72B4687E7B9F1000F41
:1060A000D1D1EFF31188402383F31288BFF36F8FB0
:1060B000238B23F008032383258BEA062ED525F0B6
:1060C0001003238305F007056669218B002EBFF6B8
:1060D00070AF00232768C4E9003321F0070141F0C5
:1060E00001012183218B4FF0000901F0070AAA4525
:1060F0007FF440AF002F9CD041F00801218388F34A
:106100001188BFF36F8F002FC8D03D6839463346E2
:106110005246204634F012FC2F46F4E7AB067FF5DA
:106120001BAF25F02003238305F0070500E700BF20
:1061300069A903002DE9F047044607464FF001091D
:10614000DFF8508014B93846BDE8F08794FAA4F51A
:10615000B5FA85F509FA05F32E0108EB05156FEA86
:10616000030A24EA03042B7B002BEBD058F80630FB
:106170001B694BB94644736804222846196807EA2C
:106180000A0700F057FADDE7284698470028D9D1DA
:10619000F0E700BFE068040030B5002289B00F4985
:1061A0000F483AF04AFE002200230024CDE90623DE
:1061B0000E230C4DCDE903344FF440722846CDE94F
:1061C0000144094B0949009411F0BEFB08492846D7
:1061D0003AF05BFC204609B030BD00BFF56100001D
:1061E000582A002078190020E164000050A0002007
:1061F000CA890400014811F031B900BFDC13002046
:106200002DE9F04780461F480F4634F0A6FC0646AD
:10621000002830D000252846BDE8F087237B6BB1ED
:106220002368DB680BB12046984723681B69D3B904
:10623000636804222046196800F0FCF90136103426
:106240004C45EBD3B8F1000FE5D0002DE2D0284645
:10625000FFF770FF0546002FF7D0002140F23910FC
:1062600011F02CFEF1E7204698470028E0D00AFA0A
:1062700006F31D43E2E705464FF0010A024CDFF842
:106280000C90DDE7A86F0020E0680400F0680400CF
:10629000014B53F8200070479C6A040008B5034680
:1062A00008462BB1044A136000F070FC002008BDC2
:1062B0006FF01500FBE700BFFC05002010B5044C93
:1062C000237813B9034811F0C9F80123237010BDD6
:1062D00090920020DC13002010B50446094834F0E9
:1062E0003CFC3CB1084BD3E8EF1F0139C3E8E21F87
:1062F000002AF8D105483AF0ACFDBDE8104004484A
:1063000011F0ACB8A06F0020A46F0020582A002024
:10631000DC13002000200146034BD3E8EF0FC3E855
:10632000E21F002AF9D17047A06F002070B5FFF777
:10633000F1FF0546074C084EB44200D370BD6368B8
:106340005B792BB123685B6813B1294620469847D7
:106350001034F1E7E0680400F068040010B5044C64
:106360000449204634F03FF9034B1C6010BD00BFC8
:1063700040120020886A0400986F002008B50023AE
:10638000064A07491370074A07481360074A136013
:10639000FFF784FFBDE80840FFF7E0BF91920020BF
:1063A00040420F00A06F002057AB0300A46F0020F5
:1063B000014600220023014834F036B94012002083
:1063C000014834F0CCB900BF40120020024B014616
:1063D000186834F018BA00BF986F0020014834F0F4
:1063E0004DBA00BF4012002070B5264B1878002827
:1063F00047D0FFF7E5FF054670B1234BD3E8EF1F09
:106400000139C3E8E21F002AF8D1204C204EB442E3
:106410002DD32846FFF7DAFF1E4B1F4C1B68002BBD
:1064200019DD3AF0C3FC4FF47A75A0FB050647F678
:106430001222002305FB0161FCF784FDD4E9003240
:10644000C01A40F2E93361EB0201984271F1000198
:1064500001D3FFF76BFFD4E9003213F57A7342F1F1
:106460000002C4E90032BDE87040FFF7B7BF6368BF
:106470005B7923B12368294620461B68984710346E
:10648000C5E770BD90920020A46F0020E068040072
:10649000F0680400A06F0020502A002070B50D4D58
:1064A000297861B90120FFF7ABFE0B4C0B4EB442CB
:1064B00006D3FFF799FF0028FBD101232B7070BD95
:1064C00063685B791BB1236820469B68984710344A
:1064D000EDE700BF91920020E0680400F06804003E
:1064E00000212DE9F0470846FFF78AFE044648B32D
:1064F00040F21B684FF0000911F000FD1A4B1860C4
:1065000030B11A4B1B68092B02DD194810F0A6FFA9
:106510000025184FDFF858A044B12046FFF70AFEC7
:10652000044618B94FF0FF384FF0FF39FFF75CFF12
:10653000064628B9B5B942464B46504610F0B4FF5E
:106540003546E9E74FF0FF384FF0FF39D4E72B68C5
:106550009B691BB100222846114698471035BD4261
:10656000F5D3E8E7044DFAE79C6F0020A46F002004
:10657000DC130020F0680400E068040013B518483C
:1065800034F0EBFA174B1B7873B1EFF3118440230F
:1065900083F31288BFF36F8FFFF726FF84F3118810
:1065A000BFF36F8F02B010BD0F4B1B68002BF9D0EB
:1065B00050B9002200230D48CDE9002347F61222EE
:1065C000002311F003FFEDE70928EBD107483AF06B
:1065D00040FC074802B0BDE8104010F03FBF00BFCC
:1065E000A46F0020919200209C6F0020582A002068
:1065F000DC13002010B5064B04461B689847214663
:10660000A060044834F08CF8BDE81040FFF7B6BF36
:10661000FC05002040120020044A054B9B1AB1EBF8
:10662000D30F34BF52F8310000207047F0670400E8
:10663000E0680400084B10B4C31A44681B1101330E
:10664000237143689A7101224368196043685A7143
:106650005DF8044BFFF732BEE06804002DE9F04F0F
:106660008FB0C1F34A2804AF0D469146B8607B60F5
:106670000C0DB8F1000F63D000264FF0040B4FF063
:106680000A0A07F11403C7F80C80C7E907667E629F
:106690000193CDF808B0CDF800A007F11C033246F5
:1066A0004846F968FFF72EFAB0F5006F03461CD391
:1066B0006C468AB0D9F8041004AB26481A46C3E9E0
:1066C000050140F2FF71D9614FF400711984224B2A
:1066D00042F8103F4FF4125133462048FFF7BEFFF7
:1066E000A5462C37BD46BDE8F08FC0F30A0804F17B
:1066F0001700184420F0070080083B60FFF758FEA1
:1067000068F35325044690B13B6800F11001C7E9D6
:10671000083607F11403F961CDE900A3CDF808B0FC
:1067200048460F4AF96807F11C03FFF7EBF968F3D5
:1067300053252A4620467B68B96834F040FAD0E7F2
:1067400004F1170020F007008008FFF731FE04462F
:10675000EDE700BFDF890400040000015068040079
:1067600093AB03002DE9F04F87B00446DDE9105AE2
:10677000DDE91279934698460391BFB13B465246F4
:1067800010210020CDF80090CDF81490FEF7E8FF1E
:10679000B0F5006F06460AD340F2FF730221174A94
:1067A000174807B0BDE8F04F34F062BA3E4605F135
:1067B0001700304420F007008008FFF7F9FD04F0CF
:1067C00007040BF0070BE40044EA8B1444EA462468
:1067D00044EA0554054640B13FB13B465246314676
:1067E000CDF800901030FEF7BBFF43462246284606
:1067F000039907B0BDE8F04F34F0E1B91E8A0400F8
:1068000050680400406820B1034BC01A40F3CF0029
:1068100070474FF0FF307047F06704000EB403B5C7
:1068200003AB53F8042B01460448019334F051FAAA
:1068300002B05DF804EB03B0704700BFE1AC0300A9
:10684000CA0605D48B064CBF02490349FFF7E6BFD1
:10685000704700BF578A0400568A04002DE9F04FA4
:106860008BB09B46169B9DF854A00693179B04463D
:106870000593189B0D469046199E0493BAF1000F9C
:1068800000F09E8006F00103089306F008030793CA
:1068900006F48073099334F07AF906F0020902468F
:1068A00000283BD020468F49FFF7B8FF0746B9F1D3
:1068B000000F08D016F0440F32D12A4620468A49EC
:1068C000FFF7ACFF0744089B53B1884B204653F8B1
:1068D0002A20874B8749002A08BF1A46FFF79EFFE8
:1068E000099B002B48D0079B002B62D1B8F1000F09
:1068F00064D0424620468049FFF790FF0546069B3C
:106900003D44002B6BD1049B002B71D1F30700F1A8
:10691000E28031462046FFF793FFD6E00746C6E700
:10692000764B18680028CDD0754B4FF47A791B68E8
:106930004FF46161B5FBF3F5B5FBF0F300FB1355C4
:1069400009FB05F5B3FBF1F2B5FBF0FE4FF03C0C93
:1069500001FB123100FB1E55B1FBFCF309FB05F5F1
:10696000B5FBF0F50CFB131120460091CDE901E5D4
:106970006449FFF753FFA5E7079BEBB1624B204645
:1069800053F82A206149FFF749FF0546B8F1000F87
:1069900005D0424620465849FFF740FF0544BBF169
:1069A000000FACD05A4620465949FFF737FF05443F
:1069B000A5E74FF0000BE1E7079DE7E745469EE7B7
:1069C000BBF1010F069B06D1002B64D1049B002B69
:1069D0007BD000250CE0002BF8D04E485CE04E4800
:1069E000069B22464D4933F0E6FB049B002B68D002
:1069F000DFF83881DFF83891049F3146102F2046A8
:106A000028BF10274FF0000BFFF71AFF5D4545DC4C
:106A1000059B494620461A78FFF700FF4FF0010B0F
:106A20001BF0070F03D141462046FFF7F7FE5F45F5
:106A30003BD9059B4946204613F80B20FFF7EEFE95
:106A40000BF1010BBBF1100FEAD14FF0000B204608
:106A50003349FFF7E3FE5A46059B20469A5CA2F1B4
:106A600020015F2928BF2E222E49FFF7D7FE0BF108
:106A7000010BBBF1100F1DD01BF0070F03D14146D6
:106A80002046FFF7CBFE5F455A46E5D841462046F3
:106A9000FFF7C4FEEBE720485546A1E741462046F4
:106AA000FFF7BCFE0BF1010BB0E720461E49FFF7D4
:106AB000B5FEC5E7059B3B440593049BDB1B049394
:106AC0009AD1BAF1000F7FF421AF20460BB0BDE898
:106AD000F04F34F0F1B82046054A0649FFF79EFE14
:106AE00017E700BF5E8A0400628A0400AC6A0400F3
:106AF000598A04007B920400878A0400B06F00204A
:106B0000AC6F00206B8A0400C06A04008B8A04000A
:106B1000918A04000FAD0300E1AC0300D3AC030085
:106B2000A08A0400A28A04009C8A04009E8A0400B1
:106B3000968A040042F20F7373B58B4228BF0B464E
:106B400005680446052168460D4A33F0ABFB06464E
:106B5000636828460B225B680A4934F09FF8636833
:106B60003246694628465B6834F098F863681B2211
:106B700028465B68044934F091F802B070BD00BF4C
:106B8000ABA00400C18A0400A58A040000210123EF
:106B9000064A904206D8064A01B901231360054B04
:106BA00018607047012140085B00F2E740420F0087
:106BB000AC6F0020B06F00200122014B1A707047AB
:106BC00092920020014B002019607047C86F00208E
:106BD0000148FFF7AFBF00BFF06A040010B5064BD5
:106BE0000C461868FFF754FB2146BDE810400346E9
:106BF0000F220248184700BFC86F0020F06A040047
:106C00000122F8B5084B094D094E1A70D5E9004725
:106C10000CB92C60F8BD214630463A4600F01EF80B
:106C2000241A0644F4E700BF93920020BC6F0020B2
:106C30009492002010B9074B18707047064B1B78D0
:106C40001BB141F2883039F0F2BC9D20002111F0D7
:106C500035B900BF92920020939200202DE9F843AD
:106C600080460E460424DFF874901B4F99F80050BC
:106C700095B910F04DF82846324641460FF0B6FF60
:106C8000054610F04FF8E5B101233B7099F800304C
:106C900073B93046BDE8F8833246414600200FF014
:106CA000A5FF0546EFE72046651EFFF7C3FF2C460C
:106CB000002010F023F80028EBD03B78002BF2D115
:106CC000E7E73B78002BE4D0013C2046FFF7B2FF1A
:106CD0003B78002BCAD1DCE79292002093920020EF
:106CE000014B036000207047006B040070B5114B2E
:106CF0000D461C68DCB1104B196800238B4202DB87
:106D00006FF0010070BD224612F8106B864202D06F
:106D100014460133F2E7E06810B96FF01200F1E7B2
:106D200039F08AFC0028F8D000202C60EAE76FF0E8
:106D30000C00E7E700060020006B040008B50448DB
:106D400033F0A3FABDE80840024833F09EBA00BF12
:106D5000228B0400578B040038B50C46154634F0DE
:106D60008AF8034B43F8305003EBC0035C6038BD36
:106D7000B00900202DE9F84F80460C4600AF0029ED
:106D800065D0D1E90012E9468AB0A3686D464FF09C
:106D9000050A2E463748C5E90723C5E9050146F827
:106DA00010AF002332464FF421513348FFF756FC11
:106DB000D4E90312CD466369AD463048C5E90723DF
:106DC000C5E90501C5F810A0002332464FF4215152
:106DD0002948FFF743FCCD46E3690121284A2648AC
:106DE00033F046FF264600254FF00A0ADFF8A0B030
:106DF000E946D6E908E0D6E90A138EB06A46C2F839
:106E00001CE005F1010EC2E908E0A81CC2E90A0174
:106E1000E91CC2E905B5C2E90C1342F810AF002322
:106E200045F2400114480435FFF718FC102DCD46FB
:106E300006F11006DCD1236E0121124A0E4833F010
:106E400017FFA3690121104A0B4833F011FFB8F175
:106E5000010F07D1EFF305830C4A41460648103B6A
:106E600033F006FF214640460FF072FFBD46BDE8F5
:106E7000F88F00BF858B040098680400B48B040071
:106E8000E38B0400358C0400448C0400728C0400F5
:106E9000F28B040030BFFFF7FDBF00BF074A9368C5
:106EA00093F90E10002907DB926993421FBF044A31
:106EB000536843F08053536010F0F6BCD076002046
:106EC00000ED00E070B52A4C06460D4629482A49D7
:106ED00033F0DDFFA36ADB0647D52648274933F0A8
:106EE000D6FF1120A36A1C0704D52248244933F099
:106EF000CEFF12201E4CA36A990712D521491D48C6
:106F000033F0C5FF636BA26A120609D501211E4A40
:106F1000184833F0ADFE1EB1A36A23F08003A362CC
:106F20001320134CA36ADE0704D51248174933F027
:106F3000AEFF1420A36A9C0604D50E48144933F012
:106F4000A6FF15200A4B9A6AD10658BF9A6A9A6A18
:106F5000920642BF5A6A22F400525A629A6A42F07A
:106F6000FF029A6200232B7070BD1020BAE700BFA9
:106F700000ED00E098680400858C04009B8C040000
:106F8000CE8C0400E18C0400F98C04000F8D040009
:106F90002E8D040010B5244C2449254833F077FF8A
:106FA000A36A99013ED52248224933F070FF1E2082
:106FB000A36ADA0104D51E481F4933F068FF1F2079
:106FC000194CA36ADB0204D519481C4933F05FFF52
:106FD0000220A36A1C0304D51548194933F057FF52
:106FE0002120114CA36A590304D51148154933F0E7
:106FF0004EFF2220A36A9A0304D50D48124933F0AC
:1070000046FF2320084CA36ADB0304D508480F4938
:1070100033F03DFF2420A36A6FEA03436FEA134372
:10702000A36210BD1D20C3E700ED00E05D8D0400EC
:1070300098680400758D0400888D0400A28D0400FA
:10704000CC8D0400EA8D04000F8E0400298E04000C
:1070500070B5294C06460D462848294933F017FFDC
:10706000A36AD9043CD52548264933F010FF1720E0
:10707000A36A1A0504D52148234933F008FF1820D4
:107080001D4CA36A9B0512D51C48204933F0FFFE16
:10709000A36BA26A100409D501211D4A174833F0D9
:1070A000E7FD1EB1A36A23F40043A3621920124C2A
:1070B000A36A590504D51148164933F0E8FE1A2091
:1070C000A36ADA050ED50D48134933F0E0FE1B2004
:1070D000094A936A43F47F43936200232B7070BD87
:1070E0001620C5E7A36A9B04F2D504480B4933F088
:1070F000CEFE1C20ECE700BF00ED00E09868040025
:10710000548E04006A8E0400CE8C04007B8E040032
:10711000948E0400A98E0400C48E04002E8D0400F9
:107120002DE9F0419CB0624B0546D3F8048000265F
:1071300000AFC8F3080486F31188BFF36F8F02F025
:107140007F43B3F17F4F07D102F00C03082B12D11C
:107150005849594833F09BFE002635460023FB7101
:10716000E31E092B00F28380DFE803F00A797C76C6
:1071700081818181817F10074CBF0D460126EDE79B
:107180004E494D4833F083FE0023494CFB71E36ABE
:107190009A0705D54A49484833F079FE002432E081
:1071A000E36A002B01DA4749F5E7E36A5B00F5D5AE
:1071B0004549414833F06BFE6369AA6943F4807323
:1071C0006361BFF34F8FBFF36F8F636932F8022C97
:1071D00023F480736361BFF34F8FBFF36F8F4DF65E
:1071E00002739A4208D0A36ADBB243B30120F91DAF
:1071F000FFF768FE044606E02B680121334A2E485B
:1072000033F036FD2C68FB79ABB96822294607F1CB
:10721000080033F0D3FE7B6A002E44D0C3F308028B
:1072200022B96FEA53236FEA43237B62204607F1BA
:107230000801FFF79FFD7037BD46BDE8F081A36AE6
:1072400013F47F4F04D00120F91DFFF701FFD1E7B0
:10725000A36AB3F5803FA1D3FFF79CFECAE70020E5
:10726000F91DC5E70020F91DEFE7194993E7194A11
:1072700018F4F87FE8468AB0174B18BF13466A46E1
:107280001649103CC2E905134FF400731384144BE4
:10729000D46142F8103F00234FF411510648FFF724
:1072A000DDF9C5467AE723F4FF7323F00103BCE759
:1072B00000ED00E00A8F040098680400358F040098
:1072C0004C8F04006D8F04007B8F04009A8F0400A4
:1072D000B68F0400F18E0400DC8E0400DA8F040007
:1072E00004000001064B5A6942F010025A615A69C3
:1072F00042F480625A615A6922F008025A6170476A
:1073000000ED00E0EFF30880EFF3098101B572466C
:10731000FFF706FF01BD00BF002080F31488BFF314
:107320006F8F002080F30A8880F30B880EF09AF8A4
:1073300000200E490860BFF34F8F0D4880F3088886
:1073400000F03EF8402080F311880A484FF40061B5
:10735000401880F30988EFF314800221084380F37A
:107360001488BFF36F8F00F03DF9000094ED00E04A
:1073700070EA002030C10020BFF34F8F0549064B53
:10738000CA6802F4E0621343CB60BFF34F8F00BFC3
:10739000FDE700BF00ED00E00400FA0500231846F9
:1073A0000649D1F89020C2F30722934200DB7047D0
:1073B000C1F89830C1F8A0000133F6E700ED00E015
:1073C00010B572B6002484F31388FFF7E7FF234655
:1073D0004FF0FF300C4A03F120010133102B42F82B
:1073E0002100F8D100234FF0FF30074A03F160017C
:1073F0000133102B42F82100F8D162B6BFF34F8F52
:10740000BFF36F8F10BD00BF00E100E0084B9B6829
:1074100083420BD1EFF3058343B1064B5A6842F028
:1074200080525A605A6A22F400425A6239F03EBCD5
:10743000D076002000ED00E06FF00A01094A936861
:10744000C3F88C100849C3F888004B6843F0805398
:107450004B60002383F31188BFF36F8F9368D3F8D9
:107460008C007047D076002000ED00E00F4A936852
:1074700083F8D100EFF31183402383F31288BFF325
:107480006F8F4FF00061936920F0FF009360084A0E
:107490005160002193F8D1201043D3F88820C3F81D
:1074A000881082F31188BFF36F8F7047D076002069
:1074B00000ED00E01D498A6882F8D1E04FF030000D
:1074C0001044EFF3098C80E8F01F1EF0100F03D179
:1074D00002F1900080EC108A74467046FFF7C6FFF8
:1074E000A64612498A6886461EF0100F03D0002374
:1074F000E1EE103A03E002F1900090EC108AEFF315
:10750000148323F0040383F31488BFF36F8F02F115
:10751000300090E8F01F8CF3098802F1000004B5F8
:1075200033F0CBFCBDE8044070470000D07600206B
:107530001EF0040F0CBFEFF30880EFF309808169A0
:1075400011F8021C0229FFD001B533F095FC01BDF2
:1075500000B2002807DB01234109034A00F01F00A5
:10756000834042F82130704700E100E000B200287B
:107570000CDB01220649430900F01F008240203342
:1075800041F82320BFF34F8FBFF36F8F704700BFC9
:1075900000E100E0054B420953F82220012300F0EE
:1075A0001F0003FA00F01040704700BF00E100E048
:1075B000D30748BF002100B258BF02310028ACBF3A
:1075C00000F16040064A4FEA4113DBB2ABBF00F561
:1075D000614000F00F0080F800331354704700BF83
:1075E00014ED00E0144A08B5144B22F07F029A60B3
:1075F000BFF34F8FBFF36F8FD3F8882022F4700250
:10760000C3F88820D3F8882042F4A002C3F8882069
:107610004FF04042C3F83422BFF34F8FBFF36F8F58
:107620000023E1EE103A0FF07FFC10F005FD00F0B2
:107630007DF80FF0B9FC00BF0000000000ED00E095
:1076400042F8203C009B0D4942F81C3C019B21F074
:10765000010142F8183C029B42F8081C42F8143C15
:107660004FF0807342F8043C0023C0F888304FF498
:107670007D43203A0265C0F8D0307047BFA20300B6
:10768000104B9B6883421AD1EFF30580B8B9EFF332
:107690001181402282F31288BFF36F8F1A7B22F090
:1076A00002021A73EFF3148323F0040383F31488A4
:1076B000BFF36F8F81F31188BFF36F8F70476FF047
:1076C00015007047D07600200E461546002300B501
:1076D000E1EE103AEFF3148323F0040383F31488EC
:1076E000BFF36F8FBFF36F8F0A4B9860836F83F385
:1076F0000B882C4686F309884FF00000064B98470C
:1077000020464FF000014FF000024FF00003034C01
:10771000204700BFD0760020C3AE0300BFA2030005
:107720001022014B1A61704700ED00E00023402059
:1077300040F20F1210B5044CE1180133934281F866
:107740000003F9D110BD00BF00E100E008B5EFF380
:107750000583064A103B02EBC30152F83300496827
:107760008847BDE80840FFF799BB00BFB00900207B
:107770001FB5094C094A23460121094800F012F9B6
:1077800000230393074B0121E41A01A801930294FB
:1077900000F012F904B010BD00F00220000000203B
:1077A000346B0400D014002010B50C7A0B6804F080
:1077B0001F0223F01F031A43CB68640923F01F0341
:1077C000054943EA440343F00103C1F89800C1F8B6
:1077D0009C20C1F8A03010BD00ED00E010B50A4BB0
:1077E000D3F89030C3F30723013B984208D9012115
:1077F0000346064A064833F03BFA6FF0150010BD09
:10780000FFF7D2FFFBE700BF00ED00E0F18F0400BF
:10781000686804002DE9F04F8946144606464FF08B
:107820000008514D85B0C84527DAD6F804A0BAF152
:10783000000F44D0BAF11F0F17D91AF01F0F14D13F
:10784000D6F800B01BF01F0F0FD1584633F05CFB89
:1078500007460AEB0B00013833F056FB874210D085
:107860006FF01507414A3B4601E04346404A01217B
:10787000404833F0FDF96FF01504204605B0BDE82F
:10788000F08F17F1160FEDD0BC42EBDDC5F8987004
:10789000D5F89C10C5F89870D5F8A03021F01F01DC
:1078A00043F01F0BD6E900321A44994202F1FF3A25
:1078B0001DD1D34507D13146F8B233F02EFB08F184
:1078C00001080C36AFE73146C5F89870D5F89C3002
:1078D00022F01F0203F01F031343C5F89C30E0B2EF
:1078E00033F01BFB10F1160FC5D0441CE7E7C5F8B9
:1078F0009870D5F8A020013B23F01F0302F01F026F
:107900001343D3453146E0B2C5F8A030E8D033F098
:1079100004FB10F1160FAED0C5F89870D5F89C2076
:107920009DF808300BF1FF3B62F304038DF808303B
:10793000D5F8A0309DF808205B0863F347128DF856
:107940000820D6E900321344009323F01F035B4460
:10795000A3EB0A03013023F01F036946C0B203936F
:10796000FFF73CFFBEE700BF00ED00E03A900400E7
:1079700017900400686804000522044BC3F89420A3
:10798000BFF34F8FBFF36F8F704700BF00ED00E074
:10799000BFF35F8F0022024BC3F89420704700BFF3
:1079A00000ED00E010B5034C2278FFF733FF2070A4
:1079B00010BD00BFA49200202DE9F74F294D8A4643
:1079C00006464FF00008AB46274FD0451BDAD6F8E5
:1079D0000490B9F1000F3FD031680846019133F0AF
:1079E00093FA0199044609EB0100013833F08CFA4F
:1079F00084424FF014021D4B08D002FB08F36FF0D5
:107A000015024BF8032003B0BDE8F08F14F1160FF8
:107A10002C60F8D01978A142F5DD02FB08B0C7F858
:107A20009840C7F89840D7F89C4000F10801007BC7
:107A300064F304000871D7F8A0000C79400860F3E3
:107A400047140C71D7F89C1021F01F016960D7F81A
:107A5000A01021F01F01296108F1010814350C362E
:107A6000B3E700BFCC6F002000ED00E0A49200203F
:107A7000F0B54149414CD1F890302568C3F3072354
:107A80009D4287B075D80020FFF782FF3C4BC1F8BC
:107A9000C030854216D13B4C01A82570FFF720F974
:107AA00000250646384FAE4213D1002023783249D4
:107AB000D1F89020C2F30722934254DBFFF75CFF1A
:107AC00000202FE0616801EB0011FFF76DFE01302F
:107AD000DFE70199280101EB0513DA683A40B2F5B6
:107AE000001F21D0B2F5800F2BD0B2F5801F38D106
:107AF0005A689B680958013B22F01F00034401208B
:107B0000844623F01F0340EA4C10CDE902218DF892
:107B1000100002A920780593FFF760FE00281DDA07
:107B20006FF0150007B0F0BD5A689B680958013B1B
:107B300022F01F0003444FF0020C012023F01F032A
:107B4000E1E75A689B680958013B22F01F00034493
:107B50004FF0000C022023F01F03D4E723780133F9
:107B6000237001359FE7C1F89830C1F8A0000133B8
:107B70009EE74FF0FF30D5E700ED00E0406B0400DA
:107B8000AAFF4400A49200200000F0FF08B50248BC
:107B900032F07BFBFEE700BF6C900400014B1860E5
:107BA000704700BF040600200CB410B586B009B9B8
:107BB0000DF10B000024CDE9040109AB089A0094F3
:107BC00004A905480393FBF79FFE049B1C7006B0B5
:107BD000BDE8104002B07047EBAF030070B54169DB
:107BE0000446867A0A4D59B1437ADB0706D42C2322
:107BF00003FB06535B6A1B689B689847002363611D
:107C00002C20214606FB0050BDE8704038F0A6BE8F
:107C10000C1400202C21827A054B01FB02339A6A56
:107C20001B7F801A1B3323F00303B0FBF3F0704774
:107C30000C14002038B52C24827A064B04FB023346
:107C40005B6AD3E901240C601568FFF7E3FF04FBCE
:107C5000005038BD0C1400202DE9F04F85B00546CA
:107C6000684690461C4691469B46039139F0A0F821
:107C7000DDE90067EFF3118A402383F31288BFF335
:107C80006F8F6B8B002B42D02A8B9A4226D9002211
:107C9000002328460FF0B0FB0446F8B18AF31188A0
:107CA000BFF36F8F039B002B4ED032463B46684696
:107CB00039F0A2F82C21A27A2C4B204601FB02338A
:107CC0005B6A03A91B681D68DDE90023A8476061A2
:107CD00000283AD12046FFF781FF2AE0698B4B1E2E
:107CE0006B838AF31188BFF36F8F2B7F2A8BAC6A6B
:107CF0001B3323F00303521A02FB03441B4B1C4AA1
:107D0000EB1A9B105343A3722B7FE372CAE78AF3EB
:107D10001188BFF36F8F54EA08040FD14FF00009A8
:107D2000CB464A465B4628460FF066FB04460028D1
:107D3000B8D10024204605B0BDE8F08F10F0DEF881
:107D40000C4B8342EDD1E9E76361012300252381D8
:107D5000039B29466382E27A656004F1180033F0E0
:107D600038F963692582E360E4E700BF0C14002062
:107D7000A38B2EBAE03B002070B52C250B4C00B92C
:107D800070BD037A4668013BDBB20372002BF7D16A
:107D9000C3604360837A05FB03431B6A13B19847B2
:107DA0003046ECE7FFF71AFFFAE700BF0C1400209B
:107DB00008B50DF041FB41F6F8732548D0F82416BC
:107DC000C1F3080203EA5133162182F4807288322B
:107DD00001FB02331F4A590ADB0548BF0131C2F8D3
:107DE0000419D0F820364FF47A60C3F30801C3F3C6
:107DF0000943434342F21C5081F4807101F2172180
:107E000000FB01334FF47A701B0AB3FBF0F100FB67
:107E10001133B3F5FA7F28BF01310D4BC2F81C179F
:107E2000D3F840131C290CD1D3F84433012B08D1CB
:107E30003423C2F82436D2F83C3623F40023C2F8A7
:107E40003C360122034B0020C3F8002608BD00BFCA
:107E500000C0FF000000125048B1054B054A1B68E6
:107E6000B3FBF2F35843044B43F001031847704748
:107E7000B406002040420F00606A040010B50346BB
:107E80000548826814688AB21946A0470028B4BF22
:107E90006FF00400002010BD306704002DE9F041B0
:107EA0000D46064608B301B3084633F059F80828D2
:107EB0001ED8114FDFF84480441C474507D32246A3
:107EC0002946301D33F07AF80020BDE8F081B74232
:107ED00001D13C37F1E722462946381D33F047F8F7
:107EE0000028F6D16FF07700EFE76FF01500ECE7B0
:107EF0006FF05A00E9E700BF64140020A0140020CE
:107F00002DE9FF414FF0FF324FF0FF331E4833F0B1
:107F10002FF933F002FC1D4C1D4F1E4EDFF8788008
:107F2000BC4205D3184804B0BDE8F04133F03EB977
:107F300009220021201D33F04CF823681B689D683E
:107F400095B12B6883B104F1100038F077FC04F18F
:107F5000240038F073FC2B682046984794F838309A
:107F600023F0030384F8383023795BB9336809219F
:107F70005A1C326001A8424632F094F9204601A909
:107F8000FFF78CFF3C34CBE7201300206414002063
:107F9000A0140020E06F00208D90040038B5074C3D
:107FA000074DAC4200D338BD0321204633F0E9F839
:107FB00010B9204633F063F93C34F2E76414002032
:107FC000A01400204FF0FF320121014838F0D0BC4E
:107FD000E46F002073B5044616461D4638F04FFD89
:107FE00008B1002635462B463246204601A90FF03F
:107FF0006FF80546B8B950220146019832F0E9FF02
:1080000001230A4A019894420363446005D180F831
:108010004B3033F0C9FA02B070BD054B9C4208BF2B
:1080200080F84B50F5E70020F5E700BFA0120020D4
:108030008412002002460B460148FFF7CBBF00BF69
:10804000A01200202DE9F041DDE90667054614463F
:10805000884629B922B990F8463013F0700F2AD01B
:1080600038F00DFD08B100260027284633F08AFAC3
:1080700020BB95F8463013F0700F1FD0012C1FD095
:10808000A4F13A035A425A41920008EB0201081A3D
:10809000814228BF014632463B466C680B4F0C4874
:1080A0000C4EBC4208BF304633F074F9014648B16B
:1080B000284633F08DFA0020BDE8F0810022E4E785
:1080C0000422E2E76FF00B00F6E700BFA0120020E9
:1080D0000C1400203814002030B585B00093DDE981
:1080E00008451346CDE902450A460146024833F0E9
:1080F00080FA05B030BD00BF84120020034BC0EBF6
:10810000401003EBC00038F01EBC00BF902A0020D6
:10811000082828BF0020014B185C7047939004008A
:1081200010B588B00F4C204638F001FC4FF0FF32FC
:108130004FF0FF33CDE9062300230B49CDE903239C
:10814000CDE901334FF4BC62084B009404F11800F0
:108150000FF0FAFB20B108B0BDE8104038F09ABC2F
:1081600008B010BD902A002050A30020FFB60300E5
:10817000084B70B5C31A0D4607499B100446594376
:108180004022064833F0D3FA2B4601462046BDE88C
:108190007040184710700020B76DDBB6D066040041
:1081A000402373B50B4C0093041B0B460D460A4944
:1081B000A41061430646094A094833F0E3FA011E58
:1081C00005DA30462B4602B0BDE87040184702B0D1
:1081D00070BD00BF10700020B76DDBB6EDB70300B7
:1081E000D066040010B5EFF31184402383F31288A6
:1081F000BFF36F8F084A136823F00201DB07116099
:1082000005D4012037F0C0FA0122044BDA6084F370
:108210001188BFF36F8F10BD6070002000E0105018
:1082200070B500220121044640F20510FFF7C0F9A5
:108230000F4808F0ABF80F4B984215D137F0A9FA68
:1082400026690D49304632F09DFB00280BDB0125E5
:1082500035642469084904F11C0032F093FB0028BE
:1082600001DB0020E56470BD6FF00400FBE700BF98
:10827000858300000000AD0B946B04007FB50022E5
:108280000123CDE9022304ABCDE90433094A6B464F
:10829000CDF800D0CDF804D033F0A1FA002805DBEA
:1082A00043F60952002368460FF0FEF807B05DF868
:1082B00004FB00BF0DB803000C22104B014602FB6B
:1082C0000033002030B4D3E90E529863EFF31180ED
:1082D000402484F31288BFF36F8F1C6C04F0C00439
:1082E00044F002041C6480F31188BFF36F8F1DB14A
:1082F0002B4630BC0248184730BC70471070002035
:10830000D066040010B4EFF31182402181F312888B
:10831000BFF36F8F1848036843F0020413F0010F96
:108320000460164B09D182F31188BFF36F8F0120CF
:1083300098605DF8044B08F019B8D3F80C04C0033A
:10834000F1D5EFF3118081F31288BFF36F8F0C49E1
:108350000B6C03F0C00343F002030B6480F311883D
:10836000BFF36F8F82F31188BFF36F8F00205DF82A
:10837000044BFFF7A1BF00BF6070002000E0105069
:108380001070002010B1012804D07047034B1B6C03
:108390005B0701D1FFF790BF704700BF107000204E
:1083A000C3B21C20014A03FB00207047107000205C
:1083B0002DE9F041012207463449D1E8EF3FC1E8F9
:1083C000E02F0028F9D133B9314932484B60CB60F6
:1083D0008A6032F0EAFA7B1E012B28D8012F06D1E1
:1083E0002D4BD3F8503403F00303012B1FD038F08A
:1083F00046FB0546E8B9294B1B78D3B10422064653
:10840000254BC3F80823244CDFF89480D4F84C247F
:10841000D4F84C34D20315D503F00303012B01D05B
:10842000012F0FD165B386F31188BFF36F8FBDE8BD
:10843000F081EFF31186402383F31288BFF36F8F2F
:108440000125E0E7BDB1304632F04FFDD4F84034AD
:1084500013F0FF03DAD1D4F80821002AD6D0C4F8EB
:108460000831D4F8083120220123C4F84034C8F878
:10847000A0212361CAE7002120200FF01FFDE5E7BE
:108480000422054BC3F80423D1E700BF0C70002081
:10849000FC6F00202C70002000E0105034A0002061
:1084A00000E100E010B5044C2046FDF707FD204632
:1084B000FFF774FB002010BDBD84000073B50446B7
:1084C00003250F4E8DF80700012200200DF1070152
:1084D0000EF0FCFB20B101233370204602B070BDCA
:1084E0003378002BF9D0013D08D038F0C8FA0028C5
:1084F000EAD100213F200FF0E1FCE5E73570ECE721
:10850000A592002000487047DC6B0400024B0B6012
:1085100001231360704700BFE46B040008B501221B
:108520000548114638F024FA07F078FF034B044A57
:108530000020C3F80C2508BD6470002000B0045072
:108540008000008038B542F201030F4D1446C5F893
:108550000035A1B132F032FDBFF35F8FD5F818348A
:10856000DB0706D4C4F308041CB10123AB60BFF3DE
:108570005F8F4FF40052044BC3F8002538BDFF2134
:1085800032F027FDE8E700BF00B00450F0B51D4B06
:10859000054698420F46144687B030D8C0F5B2134E
:1085A00003F580539A422AD8FAB14FF0FF324FF0C8
:1085B000FF3315480EF078FF37F0EEF80646B8B1F5
:1085C00001238DF81430114B4FF4FA50009302AB95
:1085D00004940193CDE9027507F028FF684607F07F
:1085E0002BFF044608480EF039FF204607B0F0BDC7
:1085F000224639462846FFF7A5FF3446F2E76FF0DA
:108600001504F2E7FF4F16006470002037B803002E
:1086100010461A46084B10B5994209D8C1F5B21454
:1086200004F58054A24203D832F0C8FC002010BDEB
:108630006FF01500FBE700BFFF4F160038B5456827
:108640002B69E3B1103528460DF0C0FB0446B0B9E4
:10865000014628460DF07CFB0B4B984211D1224677
:1086600028460A490DF048FB22460121DB20FEF78F
:108670009FFF2246012140F20D10FEF799FF0020D6
:1086800038BD6FF00400FBE70000AD0B158800005B
:108690002DE9F04340F206354668D00648BF032076
:1086A000337B02EA050558BFC2F3401087B001F0E2
:1086B0001F07B5F5837F144647EA43178DF803007B
:1086C00046D00FD8062D45D007D8B5B1022D14D00D
:1086D0006FF0150007B0BDE8F083B5F5807FF7D1E6
:1086E00001250AE040F20222954235D0B5F5407FDF
:1086F00034D0B5F5007FEBD104250123220303FA22
:1087000001F12DD573685960326972BB5F2F07F094
:108710001F034FEA571175D83C4A52F8212084F4C0
:10872000803102EB8302D2F88030C1F30041C4F300
:10873000404423F4706344EA410423F00F031C43D4
:1087400044EA800444EA0524C2F880400020C1E7DE
:108750000925D2E70825D0E70625CEE70525CCE791
:10876000630344BF73689960CEE7103639463046DC
:108770000DF102020DF0CEFA14F4403F80460CD108
:108780003946304637F080FE214B9845DED13046E1
:108790009DF802100DF028FBD8E74FF0000901AB5F
:1087A0003946304603AACDE90439CDE90199CDF81F
:1087B0000C900DF017F9164B984289D114F4003340
:1087C00015D09DF8033084F48034C4F300448DF850
:1087D0000E3039464B46304603AA8DF80C508DF8C2
:1087E0000D400DF0F5F90A4B9842CDD070E7CDE978
:1087F000043339460DF10303304603AA03930DF009
:10880000F1F8F0E7203352F82330FFDE006C04006B
:108810000000AD0B4209022A034670B503D0012ABD
:1088200018D0CAB170BD0E4E326951680029F9D016
:10883000012503F01F030C689D400029F2D08A68CF
:108840002A4002D030464B6898473CB12368214605
:108850001C46F2E7034EE7E7034EE5E72346F6E75B
:108860001867040000670400E8660400F0B540687B
:1088700001F01F04057B87B044EA45140569002D0B
:1088800063D0B2F5001F00F1100506D1214628463D
:1088900037F0FCFD002007B0F0BD0027B2F5800FD7
:1088A00001AE019777603BD1B3F1007F14BF052380
:1088B00004238DF804300023CDE904630393836817
:1088C00023FA01F111F001011CD1B2F1A07F19D1FD
:1088D00004F01F035F2C4FEA541003F120033AD831
:1088E0001E4A52F8202052F82330DB070AD40DF13B
:1088F00003063246214628460DF00CFA184B9842E2
:1089000019D002962146284603AA0DF06BF8154BA4
:1089100098421DD10122214628460DF07DFAB9E783
:10892000B3F1C06F05D0B3F1007F14BF0123022360
:10893000BFE70323BDE7314628460DF061FA094B36
:108940009842DED06FF00B00A5E76FF08500A2E73C
:108950006FF015009FE751F82330FFDE006C040034
:108960000400AD0B0000AD0B02780B69012A08D0A2
:10897000022A08D04AB9064A1A6303F118000EF019
:108980006DBD044AF8E7044AF6E7044AF4E700BF7D
:108990000000AD0B0100AE0B0200AE0B0100AD0BF1
:1089A0002DE9F04F89B002AFC7E9023243680546AE
:1089B000D3F828B09B8B0C46D0F810803B614FF069
:1089C000FF324FF0FF3340460EF06EFD08F1180302
:1089D0007B6100260023002278690EF065FD334696
:1089E000FA68964201D3002341E0207A010700F1A2
:1089F0009580FA6801369642D4F800E00BD28207DF
:108A000009D4227D80EA020C0CF0010C02F0040271
:108A10005CEA020C08D023B90EF06042B2F1005FAC
:108A20003FD04FF0000901E04FF001096268396959
:108A300003EB020C8C4524D96C468CB0286802A943
:108A4000384DCA61C1E905533B690A46C1E908309E
:108A500040F203530B85344B42F8103F00234FF490
:108A600051513248FDF7FAFD6FF01B03A5467B61BB
:108A700040460EF0F3FC7B691C371846BD46BDE846
:108A8000F08FC10706D40BEB030071467B6032F018
:108A900095FA7B6862681A4493B2B9F1000F27D146
:108AA000D3B94FF00009D4F800A0A388BA68217A9E
:108AB00028460092524600F089F8031ED7DB43F6A1
:108AC0000952002378690EF0EFFC40B1284600F00F
:108AD00031F86FF00403CAE79946DA46E6E7D8F8BA
:108AE0003030134A9342F4D1237ADB0702D40023B7
:108AF0000C3475E7D345FAD123460AE0A9EB02010D
:108B0000D8681FFA81F91AFA81F17B6032F056FABF
:108B10007B685A680C3B9145F0D2E8E76FF085031B
:108B2000A5E700BF21910400060000014068040091
:108B30000000AD0B73B544680DF107012368D3F84D
:108B40000056D3F8046632F025F99DF8073013B9C2
:108B500020460DF021FD314628460DF0ADFF9DF871
:108B60000710054629B9606A32F004FF20460DF06F
:108B700003FD044B9D4214BF6FF00F00002002B0B4
:108B800070BD00BF0000AD0B08B5CA0743680AD42A
:108B9000C1F34201012909D002290ED00121094A5D
:108BA000094832F05CF86FF0150005E04FF0CC7228
:108BB0001B680020C3F8242508BD4FF0C8621B685D
:108BC000F7E700BF0592040040680400F0B50C46CA
:108BD0001D46164689B04768122200210DF10E008D
:108BE00032F0F7F904F001038DF80C30BDF838309D
:108BF00004958DF80D30BB8D0696AB420AD2104815
:108C0000009301212B460F4A32F03CF86FF01B0015
:108C100009B0F0BD84F00202C2F3400238465201AE
:108C200003A90DF0D9FC084B984207D00B339842AA
:108C300014BF6FF004006FF00F00E9E70020E7E7D2
:108C400040680400179204000000AD0BB0B5044664
:108C5000456800AF2B6A98470121686A32F08AFEA6
:108C600023462846AA6905F108010DF04BFC104B7C
:108C7000984217D023686C4688B06A460D49C2E90D
:108C800005134FF4007393830B4B42F8103F0B48CE
:108C900000234FF4E251FDF7E1FC6FF00400A5461C
:108CA000BD46B0BD2046064932F089F8F8E700BF5E
:108CB0000000AD0B5E920400030000014068040058
:108CC00093B90300014BB3F880067047882B00204E
:108CD000024B002083F88416704700BF882B0020C9
:108CE00038B50B4DD5F8784664B94FF47A704843DF
:108CF000C5F8782636F0EFFD38B9C5F878066FF07C
:108D00000F0038BD6FF07700FBE72046F9E700BFA2
:108D1000882B002008B50121034A044832F05FFE89
:108D20006FF0040008BD00BF7E9204004868040094
:108D300008B50121034A044832F051FE6FF00400E7
:108D400008BD00BF999204004868040008B5074BAD
:108D500093F9840636F078FD36F08BFD18B9BDE83E
:108D60000840FFF7E5BF002008BD00BF882B0020AA
:108D700021B1012906D06FF00100704701230020C6
:108D800013607047004BFAE7306D040070B514466D
:108D900086B00C290ED8DFE801F007182F33370D05
:108DA0000D0D0D0D0D3C8C00137843B1507820B1A2
:108DB000012802D06FF0150005E036F0A9FD2078FB
:108DC00036F0B7FD002006B070BD537911791068F8
:108DD00033B136F0B0FD0028F4D16FF00B00F2E7AC
:108DE00030B136F0B1FD0028ECD16FF00100EAE7B8
:108DF000084636F0ACFDE5E7107836F087FDE1E790
:108E0000107836F07FFDDDE71268304BC3F87C2622
:108E1000D8E7937A43B10121002036F088FD012183
:108E2000084636F084FDCDE74FF6FF7312899A426B
:108E30003CD06368002B39D004A90D46ADF80C2056
:108E400003F1080212F8010D9A4201F8010BF9D161
:108E5000226812B1137859060AD10122002103A811
:108E600036F063FD01222846114636F05EFDA9E783
:108E70005078C3F3C01100F07F0041EA400149B2CD
:108E80001A2913D1012603F07F0300210096023333
:108E900003A836F03FFD226831461378284603F0D8
:108EA0007F030096023336F035FD8BE76FF08500C7
:108EB00089E7107836F028FD2378044A82F8853651
:108EC000002B7FF47FAF36F0CCFC7BE7882B0020B3
:108ED00037B5036804461B6869461D69F4232B7186
:108EE000CE236B713623AB710B4BE81DD3F80423F3
:108EF000D3F80833CDE90032052232F05FF80123C0
:108F000008222046291D32F092F920462C6003B039
:108F1000BDE8304006F0F0BE00C0FF0070B5054669
:108F200088B04668046904F5816037F000FD0122CD
:108F3000002104F5B86037F01BFD0122002104F286
:108F4000A45037F015FD07F0C1FD36F010FD82B2D8
:108F5000D301110101F4016103F4807312020B4388
:108F600002F48062134343F49553164A43F00F030F
:108F7000A2F88036012384F885363368284698475E
:108F800004F54C76002200230025CDE906236FF07E
:108F90000D034FF44872CDE903353046CDE9015554
:108FA000094B009404F110010EF0CEFC0749304645
:108FB00037F06BFD0321064A064832F010FD2846C3
:108FC00008B070BD882B002031490000B792040022
:108FD000BF920400486804002DE9F041184C0023BA
:108FE000264607468C46DDE90601D4F82484B8F10C
:108FF000000F06D00133102B04F11804F5D1BDE8A1
:10900000F08118245C433519C5F8247485F831C4FF
:1090100085F830243A783CF049F805F58563C3E9D2
:109020000001B6F8A03504F58461A5F83234A6F83D
:10903000A08531440348BDE8F04137F084BC00BF4F
:10904000882B0020902F0020034607B5114A013BD2
:10905000116809680868072B17D8DFE803F01804BF
:1090600014161616161801238DF807300023A2F8DF
:10907000A035D2F87C361BB101210DF107029847CB
:1090800003B05DF804FB0223EEE70323ECE70023C3
:10909000EAE700BF882B00204378054AC3F300139A
:1090A00082F8A0354378C3F3C00382F8A135704736
:1090B000882B0020002210B5144B83F858260A781C
:1090C00083F882264A7883F883268A68C3F8642660
:1090D0008AB191F90D0083F87106887B83F87006D8
:1090E000D1E9040150EA010403F5CE6408D100225D
:1090F000002344E90223BDE8104005480EF0AEB954
:1091000012783BF0D3FF44E90201F4E7882B0020FA
:1091100048310020064880F85816137880F88236C7
:10912000537880F8833600F5B8600EF097B900BF29
:10913000882B0020034B83F8BC0503F2A4500EF0EB
:109140008DB900BF882B00200023034880F8BC3570
:1091500000F2A4500EF082B9882B0020064BD3F801
:10916000782642B10021C3F878161B6890F90010E8
:109170001B68186810477047882B0020064BD3F8EF
:10918000782642B10021C3F878161B6847F6FF71B4
:109190001B68186810477047882B00202DE9F04F96
:1091A00040F2FF1C8E460024DFF80481DFF80491B2
:1091B000E3B29E4502D80020BDE8F08F50F824109D
:1091C000C1F3C325082DC1F3080360D8374E090E3B
:1091D000634508BF4FF0FF33765D0C295AD8DFE8AE
:1091E00001F0070D13165959595959595919450084
:1091F000C2F804365F1C3CD10134D9E7C2F80C3602
:109200005D1CF9D000210DE0C2F81036F2E7C2F87B
:109210000836F5E7C2F80036002EF1D1591CEBD024
:109220000021082650F824704FEA531B07F400452C
:10923000002D0EBF8A464FF0010A00215F2B03F07C
:109240001F052DD858F82B30C7F3412703EB8505B0
:10925000D5F8803003EA090343EA870343EA06238B
:109260000B4343EA4A03C5F88030C5E7C2F8043629
:10927000D2E75F2B4FEA53150FD80D4951F82570EF
:10928000012103F01F0501FA05F57D60CAE76FF0C3
:10929000150091E76FF085008EE700235B60FFDE2D
:1092A0000023203553F82530F9E700BFC7930400A9
:1092B000386D0400F0F0FCFFF8B5446800AF0546D7
:1092C00032F0FEFBA06A28B90021284632F071FC7A
:1092D000BD46F8BD37F0B0F90346B0B9A26A6C4696
:1092E00088B011686A461548C2E905014FF400715B
:1092F0009183134942F8101F12484FF4E251FDF7D1
:10930000ADF96FF01200A546E2E7E38DA06A94F88C
:109310002C1043F400320124066913F0010F336866
:1093200004FA01F414BF2343A343D0F808C0336008
:10933000DCF8003098470028C6DAC9E7D09304006B
:1093400003000001B06804002DE9F04305460669FA
:10935000406885B083681B689847041E08DA694A2C
:109360000121694831F07BFC204605B0BDE8F0835F
:1093700040F608034FF4FA67B38109234FF4FA70FB
:10938000B373378232F0CDFC68688368DB68984736
:10939000044608B15D4AE3E701460123284602AAD4
:1093A00032F0C1FC04460028DED19DF80830242BA1
:1093B00009D02422012100925348554A31F062FC21
:1093C0006FF00404D0E7B6237E218DF809302846DB
:1093D00001230DF1090232F0D6FC04460028C3D166
:1093E000384632F09EFC01237C2128460DF10B0209
:1093F00032F099FC04460028B6D14FF47A779DF8F4
:109400000B307C2123F001038DF80B30284601231B
:1094100000970DF10B0232F0BEFC04460028A3D1E8
:109420008DF80A000123592128460DF10A0232F075
:10943000AAFC0446002897D106468146D5F8048048
:10944000D8F80C309B689C423BD33446002E8BD11D
:109450000123592128460DF10A028DF80A3032F015
:1094600092FC044600287FF47FAF01232121284687
:1094700003AA32F058FC044600287FF475AF9DF82B
:109480000C3003F00F03012B8DF80C3037D0013670
:1094900042F21070F6B232F044FC102EE5D19DF885
:1094A0000B307C2143F001038DF80B304FF47A73BD
:1094B000284600930DF10B02012332F06CFC0446A8
:1094C00052E763098DF80D305B210223284600978F
:1094D00003AA8DF80C9032F05EFC46B25EB9D8F863
:1094E0000C305E215A6828464FF48073009722445E
:1094F00032F051FC46B204F58074A4B2A0E70F2EFE
:10950000CDD15DE703940400F06704001C940400CF
:109510004194040038B5044600220121C620FEF71C
:1095200047F8C620FEF714F8626853691068C0F85F
:109530002435917E537ED58B0B43918B127E29432C
:1095400089B20B431343C0F86C3561680B68D3F8DC
:10955000002242F48022C3F800220822C3F800252A
:109560000A6A0121C3F83C270022C3F84027196585
:10957000D3F830110029FBD0C3F800252046BDE800
:109580003840014931F01BBCA9BF03002DE9F3416C
:1095900004460D46476837F072FAA8B92B4B1B7882
:1095A00093B14FF04008642663681B68D3F83031EC
:1095B000002B39D1012036F09DFE013EF4D100216F
:1095C00020200EF07BFCEEE74022EFF311831E46D5
:1095D00082F31288BFF36F8F61680968D1F8301188
:1095E00021B983F31188BFF36F8FEEE73B6A204602
:1095F0001D7063680DF107013F6A1D6831F0CAFBF9
:109600009DF807204AB90123C5F83C77C5F84037D3
:10961000C5F83021D5F830212B6586F31188BFF3CA
:109620006F8F02B0BDE8F081EFF311831E4688F31F
:109630001288BFF36F8F62681268D2F83021002A57
:10964000D4D183F31188BFF36F8FB8E734A0002023
:1096500073B514461D4668460CF0C0FC009BA3423F
:10966000019BAB4114D30B4AD2E90061A41B24F047
:109670001F0365EB010064099B1941EB000144EAFB
:10968000C060C2E9003102B0BDE870400EF0AEBD6E
:1096900002B070BD1032002010B500220121E4207C
:1096A000FDF786FF00200CF0D1FC114B04469842D8
:1096B00008D101200F490CF05FFDA04205D00E4BF0
:1096C000984211D04FF0FF3010BD67220B4B0220A3
:1096D0001A60FEF76DFE0A4A0020D2F8183723F40C
:1096E0004033C2F81837EFE76FF00B00ECE700BF2C
:1096F0000000AD0B300600200200AD0BF87000201A
:1097000000200E5070B501248440E243084BD3E89A
:10971000EF5F05EA0201C3E8E61F002EF7D1C0B2F1
:109720000CF002FE2C4214BF0120002070BD00BFCF
:10973000F870002069B10123064A8340D2E8EFCFD8
:109740004CEA030CC2E8E1CF0029F7D1C0B20CF01B
:1097500007BE7047F870002013B50A4C2378032B1E
:1097600003D96FF00B0002B010BD0DF107000CF033
:1097700067FC054B9842F4D123789DF8070001332C
:109780002370F0E7B09300200000AD0B034BC0B294
:1097900080001858003818BF0120704700210E5073
:1097A000C3B202489B001844704700BF00210E500E
:1097B000F0B587B004461D461746FFF7A3FF0C9B84
:1097C000064603930D9B3A460493012303A8009396
:1097D0002B468DF814400CF065FD054631462046B9
:1097E000FFF7A8FF0348281A18BF4FF0FF3007B053
:1097F000F0BD00BF0000AD0B7FB500238DF8140055
:10980000CDE9033300934FF0FF32064B03A80CF071
:1098100049FD054BC01A18BF4FF0FF3007B05DF887
:1098200004FB00BFFFFF0F000000AD0B07B568464B
:109830000CF0D4FB0098074AD2E90032C01A019B11
:109840004FEA501063EB020340EAC36003B05DF8D7
:1098500004FB00BF103200207FB5431C18BF20EA74
:10986000E07502A808BF6FF000450CF0B7FB029945
:109870000E4B2020D3E900268C1A039961EB0603D6
:109880002146C5FB0013402973F1000436BF014691
:1098900021F01F01002352184FF0010146EB030392
:1098A000009103480CF0FEFC04B070BD10320020A3
:1098B0002806002010B50B4AA2F5BC739A4201D8C5
:1098C00000200CE0D11A091103EBC10453F8311048
:1098D000814205DC02DA04F10803EFE7606810BD9D
:1098E0002246EBE7E86F040008B5FFF7E3FF024B01
:1098F000002808BF184608BDEB9804000146022264
:10990000014805F0F7BE00BF559B000038B56FF069
:1099100007020D4601230C21044639F089F8057031
:109920002146BDE8384001481EF0BABB399102001B
:10993000F8B5202200240F460D210D4B054683F873
:1099400088201C7083F8764083F88A1022462346CC
:1099500039F09AF8064650B1214628461AF0C0FC64
:1099600037702946BDE8F84002481EF099BBF8BDA3
:10997000B193002039910200002373B50C460DF11C
:1099800007018DF8073038F0D9FB38B90246094B8A
:109990009DF8075093F84310914202D86FF01B00D6
:1099A00004E0DE7B0D33AE4202D1227002B070BD06
:1099B0000132F1E7B193002037B5134C05461AF098
:1099C000DFF82378042B08D1427832B929460F48B2
:1099D00003B0BDE8304005F08DBE40880DF10701B1
:1099E000FFF7CAFF70B90D2229469DF807300848D5
:1099F00002FB0344637D0133637503B0BDE830406F
:109A00001EF04EBB03B030BDB1930020519D00004D
:109A1000E99E00000B4BD3F801202AB9114683F8C8
:109A20007620094805F066BE8C2A0BBF0722062265
:109A300083F8762083F8762007BF002203210022D6
:109A40000221EEE7B19300203199000008B5002211
:109A5000FF2109481EF094FD0022FF2107481EF057
:109A60008FFD73220021064831F0B3FA054B064AF8
:109A7000C3F8042D08BD00BF159A0000FD98000032
:109A8000B19300201477002049A0000010B50022F7
:109A9000FE210F481EF074FD0024204602F06CF8F1
:109AA000012203460321204601F09AFF044660B9D3
:109AB0000222FF21074805F01DFE2022064B1C70E4
:109AC00083F8882083F8764010BD03F0BFFAE4E7FE
:109AD000FD9800000D990000B1930020FF2838B5D3
:109AE00004460D4603D1BDE83840FFF7CFBF01461D
:109AF000002215481EF044FD204603F0A7FA25B9C0
:109B000002222146114805F0F5FD0025204602F00D
:109B100033F8012203460321284601F061FF844205
:109B2000054605D030B133F061FD0028EED038BDD8
:109B3000002CEBD100222021054B1A7083F88810ED
:109B400083F87620F3E700BFFD9800000D99000030
:109B5000B193002038B50446CDB228460121FFF765
:109B6000BDFF01230C212046002238F08DFF057037
:109B70002146BDE8384001481EF092BA39910200F2
:109B800008B50022FE2105481EF0FAFCBDE8084099
:109B900000220121024805F0ADBD00BF159A00006A
:109BA0003199000070B50C4BD3F845302BB11D7CBA
:109BB000D3F811200023AB4201DB002070BDC3EBC2
:109BC00003141619145B844202D1347A8C4201D1F9
:109BD0000133F0E70120F1E7B19300202DE9F04FC8
:109BE00004460E4689B0E07919F0CAFF804690F825
:109BF0000BB0077B5F44D4F80950BD425AD22B1DED
:109C000008EB4303B3F80590AB4594BF0221012153
:109C10001FFA89FA5046FFF7C5FF002855D01C21CE
:109C200030461AF007FADFF81C810546D8F80930EB
:109C3000CBB1217806A819F019F8A279534622442D
:109C40000220D8F809B0527806A9D84758B9D4F8F4
:109C500009309F4272D13B4F97F84A30CBBB304618
:109C600019F03AFF60E01C220021284631F0B1F9DA
:109C700028461FF03DF998F84430A5F80A902B7259
:109C80004FF6FF73B8F873209A4217D1217805F187
:109C90000D0018F0EBFF03232B73A3793046234408
:109CA0005B786B75284B2672AB610EF057FED4F8CB
:109CB00009309F42CFD009B0BDE8F08F01232B734C
:109CC000B8F87330A5F80D30E7E70135C4F809504E
:109CD00091E74FF6FF73B7F873209A42BFD0002583
:109CE000217806A819F006F82B462A4601213046AD
:109CF000009502F085F9B7F8731038F009FE4FF4BB
:109D000082730146042201F8015BCDE90232049519
:109D100097F8443030460193A37906AA23445B7830
:109D20000093022332F002FDA379E1790133A3719C
:109D300006481EF0B5F90023E371BCE70133C4F80F
:109D4000093050E7B1930020ED9D0000E99E00002E
:109D50002DE9F341CEB2044630460F4619F010FF0C
:109D6000204DC1888046D5F8450032F063FB03469C
:109D70000DF10701B8F80200A3B1FFF7FDFD38BBF4
:109D80000D219DF8073001FB035738767876B876B9
:109D9000F876384621460F30BE7502B0BDE8F04176
:109DA000FFF71CBFFFF7E8FD90B90D229DF80730C3
:109DB000314602FB03556B7D0B4801336B751EF07A
:109DC0006FF964B1204602B0BDE8F04119F084BEDD
:109DD00014B1204619F080FE0FB13046F3E702B00F
:109DE000BDE8F081B1930020E99E00002DE9F34722
:109DF0001C2180461AF01EF9254B814600251C4681
:109E000093F84320954202D302B0BDE8F087D97D94
:109E10000D33414511D10D23002703FB0543404677
:109E2000DF751AF047FA064648B16FF07303012652
:109E30006370A770E770277108E00135E2E701233E
:109E40006070A070E070207184F84A300D2707FB25
:109E500005476846F97B18F009FFD4F809A0BAF164
:109E6000000F07D07B7D69461F443A7CB9F80A3061
:109E700030B2D0470D2341465D43621993690F35D7
:109E800001336019936102B0BDE8F047FFF7A6BE49
:109E9000B193002038B50C460546014620461AF01D
:109EA0001FFA8C2D19D0002D0CBF002206220C4D5C
:109EB0002B7885F87620052B04D100230C21204631
:109EC00038F0E2FD00232B70202385F888302146EE
:109ED000BDE8384003481EF0E3B80722E7E700BFBB
:109EE000B1930020399102002DE9F341054619F0A4
:109EF00047FE0DF105014088FFF73EFD07460028AB
:109F00004AD10D229DF80530274C02FB0346717D96
:109F1000307D884222D9314491F8108028460321AF
:109F200019F08EFE04460322394631F052F8F17BD7
:109F30000DF1060018F0DEFEBDF8063028461B497C
:109F4000238084F8028039F06FFBFF2803D1294673
:109F50008A20FFF79FFF02B0BDE8F081FF21022BAE
:109F6000F1730BD803FB0220C3F1030300F10F01CF
:109F700002305A432144204431F009F894F8433028
:109F8000013BDBB284F8433033B9D4F801208C2A8A
:109F900008BF072384F87630002DDCD0284602B0B5
:109FA000BDE8F04119F098BDB1930020B9990000C7
:109FB0002DE9F347064619F0E3FD214C05462378C9
:109FC000042B32D140880DF10501FFF7D5FC07467F
:109FD00098BB4FF00D0A9DF805900DF106000AFBA5
:109FE000094898F80F1018F085FE2B4613F8042F37
:109FF0004446042A28BF0422C5F1FF2505F57F0544
:10A0000088F8157088F814200F34FC35E9188A4256
:10A0100006D831460B481EF043F802B0BDE8F08781
:10A0200013F8011F04F8011FF0E76FF00700314635
:10A0300002B0BDE8F047FFF72DBF0020F7E700BFF3
:10A04000B1930020E99E00002DE9F043504C0546F5
:10A0500023788BB0042B40F09680D4F801301C3369
:10A0600004D100236370A370E37023711C21284680
:10A0700019F0E0FF1C22014603A830F09FFFBDF855
:10A080000D0001A919F0B8F8064620B9414B93F824
:10A09000603F9B0614D50621284619F0CBFFBDF87A
:10A0A0000D303D494380038000238380284639F0EA
:10A0B00095FAFF2843D129468A20FFF7EBFE3EE0C0
:10A0C000FF238DF802302378BDF80D80042B9DF816
:10A0D00017701FFA88F951D148460DF10201FFF7B8
:10A0E0004BFCA8B394F84330032B2BD99DF80230D6
:10A0F000FF2B45D048460DF103011E4638F01EF8EF
:10A10000814698BB0D2303FB06449DF803300521CF
:10A11000E3730123607528462375277419F090FDB9
:10A1200006464946052230F054FFA6F8028086F81C
:10A130000190237D2946194833711DF0B1FF0BB002
:10A14000BDE8F0835A1C8DF8023084F84320D1E733
:10A150009DF80230FF2B13D00D2202FB0344237D18
:10A16000032B06D9284619F0B7FCE8E7294600B2C8
:10A17000A3E7E218013317742375F3E76FF00706BE
:10A18000294630B299E70BB0BDE8F04319F0A4BC02
:10A19000B193002014770020A5C00300E99E0000C1
:10A1A000F7B50D46FF2604460DF1060128468DF849
:10A1B0000660FFF7E1FBA0B31F4A92F84330032B80
:10A1C00004D88DF80630013382F843309DF80670CC
:10A1D000FF2F29D0002328460DF107018DF8073005
:10A1E00037F0ACFF0646F8B90D22134B022102FBF3
:10A1F00007339DF807202046DA7319F021FD074642
:10A200000222314630F0E5FE20460C493D8039F00F
:10A2100024FAFF2803D121468A20FFF73BFE03B032
:10A22000F0BD8DF80660D1E7002CF8D0204603B0D1
:10A23000BDE8F04019F050BCB1930020B19F000080
:10A24000024B93F88B00C0F380007047B19300205D
:10A25000024B93F8D005C0F38000704714770020BC
:10A26000014B93F887007047B193002010B5044666
:10A270004A4200233A2112B238F006FC2146BDE8DA
:10A28000104001481DF00CBF3991020073B5284BF6
:10A29000284C0646C4F8743D1CF0AAFF00224FF675
:10A2A000FF73254DC4F8742DB5F85010994238D07D
:10A2B00004F2C23305F1520019F0B4F80023012171
:10A2C00094F8C20301AA019317F084F820B9019B06
:10A2D0005A7860F302025A70B4F8AC1301AB012251
:10A2E000164819F09FF895F84F3094F8782784F8BD
:10A2F000D03295F86B30003B18BF012363F30002A6
:10A3000094F8D83584F8782743F0010384F8D835D9
:10A3100038F0ADFA30460A4902B0BDE8704014F09A
:10A32000B3BD04F2C23105F1520037F01CFFC5E79E
:10A33000E5C0030014770020B1930020C47A002008
:10A3400045A3000010B5064B044693F8B90308B9BD
:10A3500023F0CEFB2046BDE8104019F0BDBB00BF86
:10A360001477002038B5484C054694F88830082BFF
:10A3700008D8082B0CD8DFE803F00C12150B180BCB
:10A380000B0B1B00402B0AD0802B14D0202B15D098
:10A3900038BD01463D48BDE838401DF081BE294624
:10A3A0003B48F8E701463B48F5E701463A48F2E703
:10A3B00001463A48EFE701463948ECE794F84D305A
:10A3C000192B5BD194F87630012B08D1002294F838
:10A3D0008B3084F8762062F3000384F88B3094F895
:10A3E0008B3094F876206FF3C3030D2A84F88B30FA
:10A3F00094F88A104FF0000334D16FF048022846D9
:10A4000038F016FB294627481DF04AFE94F88B3099
:10A410009B070FD594F88A30062B0BD1002294F8B5
:10A420007610214805F066F994F88B306FF34103FC
:10A4300084F88B3094F8763043B994F88A305A1FF8
:10A44000012A01D90A2BA3D134F0FCFF94F876300D
:10A450000E2B9DD194F88A30053B012B98D8002112
:10A46000124898E7052A01D00F2A02D16FF017028F
:10A47000C5E72846524238F007FBC3E7002887D0DB
:10A48000BDE8384019F028BBB193002065AC00004E
:10A4900039AA0000C9AF0000E5A90000A1A9000089
:10A4A000BDA60000399102006DA2000041A6000087
:10A4B00038B50421054619F0BDFD002104220446EB
:10A4C00030F087FD6FF0030323704FF0FF336370AC
:10A4D000B423A3700123E3702846BDE83840014946
:10A4E00022F0FCB9EDAA000073B5044628B9124861
:10A4F00002B0BDE8704005F0C9B800260F4D0196C6
:10A50000B5F86E0001A90130A5F86E0080B203F025
:10A51000C9FE01210330204604BF85F86E6085F82E
:10A520006F6019F087FD012303702146019A0448EA
:10A530001DF0BAFE02B070BDE9A40000B193002086
:10A5400031AB020030B50D46044687B030B9024643
:10A550000F4807B0BDE8304005F0CCB803A837F08D
:10A56000F1FF0EF059F9014603A837F0DCFF04A80B
:10A570001EF0C4FC074B204693F8873003AA0093D3
:10A580002B1E18BF012304A91FF052FB07B030BDDA
:10A5900045A50000B1930020002307B56846CDE92A
:10A5A00000331EF0ABFC082268460F4930F0DFFC98
:10A5B00050B91EF03DFE38B90EF006F914280CD83B
:10A5C000012003B05DF804FB0EF0FEF814284FF0F4
:10A5D0000000F6D900F00100F3E71EF031FE80F034
:10A5E0000100C0B2F6E700BF53A3040038B5124D16
:10A5F00095F8884014F0DF0419D195F87630012BD6
:10A6000017D085F8750085F888401EF009FE18B946
:10A610001EF0ECFC012038BD0123084885F8763097
:10A6200085F8884085F84D3005F030F8F2E70020D5
:10A63000F1E72046EFE700BFB193002065A30000DB
:10A6400008B508B119F048FA20F0A8FA00BB1FF0CD
:10A65000B3FA20220F4B022083F888200D2283F8C2
:10A660007620192283F84D2093F88B2042F00102C6
:10A6700083F88B20FFF7BAFF074B93F8B9333BB948
:10A6800003F0FAFD20B1BDE80840044804F0FEBF25
:10A6900008BD00BFB193002014770020E9A400009A
:10A6A000044B83F84D00044809B11DF0F9BC04F0D7
:10A6B000EDBF00BFB193002065A30000F0B5A34C2F
:10A6C000054694F84D3087B0A3F113020C2A00F22E
:10A6D0003581DFE812F00D0070007000700070002E
:10A6E0002D01330133012101BA00BA002601BA005D
:10A6F00003F078FF03F0F6FE94F87070944E6FBB91
:10A7000096F8783703F0010384F86B3017F094FB68
:10A710004FF0FF3396F8C22384F84F00FF2A84F8E5
:10A72000503084F8513019D08A4803A90497ADF805
:10A730000C3018F061FA394696F8C20304AA16F0F4
:10A7400049FE58B9049B844A03F1100153F8040BE5
:10A750008B4242F8040BF9D11B78137002217F4819
:10A7600023F0B4FE003818BF012094F84E3060F397
:10A77000410384F84E3013F049FE94F84E3096F8B9
:10A78000B92303F0010313430CBF142617267448A2
:10A7900084F84D6004F07AFF002314211A462846FD
:10A7A00084F8716038F070F929466E4807B0BDE84A
:10A7B000F0401DF075BC142B33D0172B1CD16A4907
:10A7C00003A837F080FD0126614A92F8783743F0FC
:10A7D000010382F8783794F84D3084F8713004A87A
:10A7E0001EF08CFB94F887302846009303AA33466A
:10A7F00004A91FF01DFA12E0152B24D05A4903A812
:10A8000037F061FD002694F84D3084F871300DF07A
:10A810009FFF0028E3D029461D20FFF741FF07B026
:10A82000F0BD012603A837F08DFE494B03A893F82D
:10A83000BC23134493F8BB2393F8BA1337F01FFEDD
:10A84000002EE0D0C0E70026ECE794F87130A3F1C9
:10A850001402032A06D8DFE802F00208424A152350
:10A8600084F8723029464148A0E794F84E209207B8
:10A8700001D51623F4E7364A92F8B923002A08BF17
:10A88000172384F8723000230493314B93F8B96393
:10A8900096B301F0D3FB90F8A23253BB01F0CEFB8C
:10A8A000B0F8AA6201F0CAFBB0F8AC0237F0EFFFD3
:10A8B000422306445E43049694F870301BB929463F
:10A8C0002B481DF0EDFB94F84E30002143F00403BB
:10A8D000049A264884F84E301DF0E6FC9FE71C4B96
:10A8E00093F8B933002B0CBF17231523C9E71323A3
:10A8F000C7E7204B0493DFE7B4F86E0004A90130EA
:10A90000A4F86E0080B203F0CDFC033004BF84F8DD
:10A910006E6084F86F60CFE794F84E305B073FF5C8
:10A920007EAF2946182007B0BDE8F040FFF7B8BE5B
:10A930002023014684F888301920F4E700283FF4EA
:10A940006EAF07B0BDE8F04019F0C6B8B193002073
:10A9500014770020039400200B940020C47A002078
:10A9600065A30000399102005C7C002079A90000F9
:10A970008DA2000000035700014610B9064804F0FC
:10A9800085BE064B93F84E2093F872006FF3820257
:10A9900083F84E20FFF784BE79A90000B193002010
:10A9A0000F4B014693F84D20122A06D01C2A09D0DD
:10A9B000112A11D11220FFF773BE2022192083F82B
:10A9C0008820F8E71B78042B02D0052B02D07047B3
:10A9D000FFF7D6B8FFF75AB808B119F07DB870473D
:10A9E000B1930020134B014693F84D201A2A0CD046
:10A9F0001C2A0DD00F2A0FD193F87520500704D5CB
:10AA0000042A02D10B2283F88A201020FFF748BEC7
:10AA10000D2283F87620F8E793F87620012A15BFF7
:10AA2000202208221920112014BF83F8882083F8DF
:10AA30008820EBE7B19300200F4B014693F84D209F
:10AA4000092A0AD01C2A04D0052A14D10920FFF7AC
:10AA500027BE0D2283F87620F8E793F87620012AA6
:10AA600015BF2022022219200A2014BF83F8882053
:10AA700083F88820EBE77047B193002038B50323B3
:10AA80000D4D044685F876300C4B93F8613FDB069C
:10AA90000BD51EF0C5FB40B1202385F88830214638
:10AAA000BDE838401920FFF7FBBD00222046BDE875
:10AAB0003840114638F0F3BCB193002014770020E1
:10AAC0000A22084B014683F87620074B93F8612F42
:10AAD00012F0100202D00E20FFF7E2BD114638F04E
:10AAE000DEBC00BFB19300201477002010B50446EF
:10AAF00019F0E0FBC0B218B10922054B83F87620AB
:10AB00002CB12146BDE810400E20FFF7C9BD10BD95
:10AB1000B19300200B46024610B90D4804F0EABD7F
:10AB2000DBB20C49581E4342434191F84E0063F397
:10AB30000000002381F86E3081F86F30802381F8A7
:10AB40004E0081F8883013201146FFF7A9BD00BFE1
:10AB500015AB0000B193002010B5044620B9BDE844
:10AB60001040134804F092BD1EF06AFB78B90DF056
:10AB7000D3FD034658B93A2120466FF0220237F040
:10AB800083FF2146BDE810400A481DF089BA012222
:10AB9000094B214683F87620002283F888203A2248
:10ABA00083F88A200320BDE81040FFF779BD00BF7D
:10ABB00059AB0000418A0200B193002007B5FF2184
:10ABC0000A480DF107021DF0DBFC9DF8070048B1B3
:10ABD0006FF0480119F084FB0B209DF80710FFF778
:10ABE0005FFD012003B05DF804FB00BF9DE00100A4
:10ABF00010B50421044619F01DFA026812F1230F62
:10AC000006D1FFF7DBFF00280CBF6FF01402002213
:10AC10003D212046002337F00BFF2146BDE81040C0
:10AC200001481DF03DBA00BF01550000002307B5E3
:10AC30006846CDE900331EF061F9082268460849EC
:10AC400030F095F928B9002000F0010003B05DF85C
:10AC500004FB1EF0EDFA0028F5D01EF0F1FAF3E740
:10AC600053A3040038B53F4C054694F84D30042BEF
:10AC70000ED88BB1023B022B0FD8DFE803F032383D
:10AC80006D001C3B032B0ED8DFE803F062434D43FD
:10AC9000A3F11A02052AF4D938BDFFF7C7FF40B166
:10ACA0001EF0BEFA28B129460420BDE83840FFF75F
:10ACB000F7BC012294F8893084F8762062F302030D
:10ACC00084F88930002384F87F3084F8803084F859
:10ACD000813084F882302946BDE8384022481DF092
:10ACE000DFB901212846BDE83840FFF72BBC94F8B6
:10ACF0008A300021062B02BF94F88B3043F0020308
:10AD000084F88B3094F88B3043F0040384F88B3054
:10AD1000E8E7032384F8763094F88B306FF38203EE
:10AD200084F88B30BFE7114B93F8B9334BB903F07C
:10AD3000A3FA30B1B4F86E201AB9FF210C481DF007
:10AD40001FFC1EF0A5FA0028E6D113F05FFBE3E735
:10AD5000052384F88A30A6E70123014684F8883069
:10AD60000520A2E7B1930020C9AD000014770020B0
:10AD700031AB0200002313B5CDE9003317F05CF8C6
:10AD8000032802BF0E4B93F8D12283F8D02217F08C
:10AD900053F868461EF0B2F8FFF748FF08B138F0E4
:10ADA00077FB0DF03FFD012807D0064CD4F8773033
:10ADB0001BB90DF01DFDC4F8770002B010BD00BF37
:10ADC00014770020B193002013B50446FFF7D2FF9B
:10ADD000FFF7E2FB50B1052221460420254B83F802
:10ADE0008A2002B0BDE81040FFF75ABC224B93F80E
:10ADF000B923E2B11F4A93F8511392F88B2001F066
:10AE0000200102F001020A4311D193F8D82542F043
:10AE1000010283F8D825174B93F8752022F002021F
:10AE200083F87520062283F88A2002B010BD002323
:10AE30006846CDE900331EF061F8082268460F49E4
:10AE400030F095F868B11EF0F3F920B121460220E8
:10AE5000FFF726FCDFE71EF0F3F910B121460320CF
:10AE6000F6E700222046114602B0BDE8104038F057
:10AE700016BB00BFB19300201477002053A3040039
:10AE800070B50C21054619F0D5F804460B4E0C227E
:10AE9000002130F09EF82046D6F87F1037F043FBB3
:10AEA00096F8873029462371054B064893F8202AE7
:10AEB00083F81D2ABDE870401DF0F2B8B193002060
:10AEC000147700209DE0010070B505461EF0E0F902
:10AED00020B12846BDE8704018F0FEBD1EF0A0F974
:10AEE000064628B12946BDE8704033481DF0D8B861
:10AEF000FFF752FB314C40B9032384F876302946E2
:10AF0000BDE870400E20FFF7CBBB94F8893003F00A
:10AF10000702012A31D1D4F8771079B366F302031E
:10AF200084F8893084F876201EF0BAFFA0B1244B53
:10AF300093F81169012E0FD1D4F87F3063B91DF059
:10AF4000EDFF94F8893006FA00F066F30203C4F8C6
:10AF50007F0084F8893018B9D4F87730C4F87F308E
:10AF60002846FFF78DFF0DF05DFCD4F87F200146E9
:10AF7000BDE87040134837F0B9B96AB9D4F87B30EE
:10AF800053B1032194F8892061F3020284F88920E7
:10AF9000012284F87620E1E70323012284F8763049
:10AFA00094F88930294662F302030E2084F8893030
:10AFB000FFF776FBD7E700BFB1A40000B1930020F4
:10AFC000147700205C7C002038B53B4D044695F892
:10AFD0004D300A3B152B64D8DFE803F00B283B4BC0
:10AFE000676363636363636363636363634154338E
:10AFF000483595F875309A070DD5022B04BF0A2302
:10B0000085F88A301EF00CF995F88B301B0708D5AF
:10B010000D2385F8763021460E20BDE83840FFF735
:10B020003FBB2046BDE83840FFF74EBF19F042F95C
:10B030004930EDD095F87630012B02D121460A2017
:10B04000EBE70323E5E701461C48BDE838401DF067
:10B0500027B80A23014685F876301948F5E71EF02F
:10B0600017F90028EAD113F0D1F9E7E71EF010F93B
:10B0700018B9012385F87630F5E72046BDE8384059
:10B0800018F02ABD95F87630032B0BD001460E2020
:10B09000FFF706FB95F87630012B02D10D2385F8DA
:10B0A000763038BD00210748CFE70423014685F8F4
:10B0B00088300F20B1E700BFB19300207DAA0000C7
:10B0C000C1AA0000599802004FF0FF3108B5204B8B
:10B0D000002283F8731083F874100E2183F8751022
:10B0E0006FF04B0183F883100521012083F888203D
:10B0F00083F8762083F8842083F8852083F88620DF
:10B1000083F87B2083F87C2083F87D2083F87E20E1
:10B1100083F8772083F8782083F8792083F87A20E1
:10B1200083F887100DF0EEFAFEF790FC094B0A4AFF
:10B13000C3F83025094AC3F8282A094AC3F8382A2F
:10B14000084AC3F8302A084AC3F82C2A08BD00BFB1
:10B15000B193002014770020F1AB00006DB1000026
:10B1600041A2000061A2000051A200007FB5954DF0
:10B170000C4695F88B30D90675D50E2814D00AD810
:10B1800001283AD00A2855D0ACB3204604B0BDE817
:10B19000704018F0A1BC1528F6D16FF3041385F8A0
:10B1A0008B30FFF791FFEFE76FF3041385F88B30D7
:10B1B0001EF06EF808B112F085FC834E012096F85F
:10B1C00084376FF3000386F884371FF0E3FE012114
:10B1D000204618F02FFF0423214603707B481CF003
:10B1E0005FFF96F8B94334B903F046F818B185F813
:10B1F0006E4085F86F4004B070BD6FF3041385F89E
:10B200008B30012295F88930214662F3020385F8DC
:10B21000893000236E4885F8762085F87F3085F8E0
:10B22000803085F8813085F8823004B0BDE8704008
:10B230001CF036BF6FF3041385F88B301EF028F82E
:10B2400008B112F03FFC95F88830202B9CD095F87F
:10B250007630032B00F09D801C235E4885F84D302E
:10B2600004F014FA90E7013815288DD801A353F89B
:10B2700020F000BF03B20000CDB20000DBB200003E
:10B28000F5B20000FBB200002DB3000073B3000064
:10B2900079B300007FB300003DB2000089B1000027
:10B2A0009DB30000A9B30000B1B1000089B1000056
:10B2B00089B1000089B1000089B1000089B10000A6
:10B2C00089B10000A3B1000085B3000021460B2026
:10B2D00004B0BDE87040FFF7E3B93B4B93F8143A74
:10B2E0002BB1204618F0F8FB00213B489DE7214692
:10B2F0001D20EDE721461F20EAE70121204618F036
:10B3000099FE0378032B0BD1202385F8883019236D
:10B3100085F84D300E2321462E4885F8763084E797
:10B32000204604B0BDE87040FFF78AB90DF010FA6E
:10B3300090B9254D95F8D0351A070DD595F8E1351A
:10B340005B0709D40822254905F254502FF00FFE5F
:10B3500028B9002023F058FF21461E20B8E702211B
:10B3600005F2545023F034FB4FF6FF739842F3D1AB
:10B37000EFE721461B20ABE721460D20A8E7214639
:10B380000C20A5E795F88B3043F0100385F88B303F
:10B39000FAE6002110481CF083FEF5E6204604B0D2
:10B3A000BDE8704036F038B902A81DF0A7FD95F849
:10B3B0008730204600930A4A002302A91EF038FC79
:10B3C00019E700BFB19300201477002031AB0200D1
:10B3D000C9AD000065A300005998020053A3040002
:10B3E0005C7C002010B5FF28044688B007D100F02F
:10B3F00025FE0C4BC0F86032012008B010BD1C21A6
:10B4000018F018FE1C22014601A82FF0D7FD9DF868
:10B41000183023B9214604481CF042FEECE7002016
:10B42000EBE700BF34060020D5C1030007B5054B8C
:10B43000012100930023044A184632F076F903B044
:10B440005DF804FBE5B30000D1C1030010B501466F
:10B4500004460022044804F04DF920B12046BDE81E
:10B46000104018F039BB10BD7DBA00000A4AD2F86E
:10B47000483A1BB1D2F84C3A23B9012302EB8303BB
:10B48000C3F8480AD2F8443A23B9C2F8440A034838
:10B4900004F0FCB8704700BF1477002045BB0000E3
:10B4A000F8B5124B0446D3F8EC3A0BB10078984744
:10B4B00000250F4E23783370237C9D4202D3FF2357
:10B4C0003370F8BDD4F81130C5EB05173B44D3F801
:10B4D0000B3003B19847D4F81120B4F8011020784C
:10B4E0003A4433F0C7F90135E6E700BF147700208E
:10B4F0007C0900202DE9F04F0026012035463A4B0B
:10B5000089B0D3F844BA9BF800A0AA4502D109B08B
:10B51000BDE8F08F6B1CDDB22946AB0001938A4574
:10B520005FD0DBF80120935902931B7C0593019BAC
:10B53000D318039300222DE0029BC4EB041ED3F822
:10B54000119009EB07030693DCF8118039F8079096
:10B5500008EB0E0338F80EE00793CE4513D1069B97
:10B5600093F80880079B93F80890C8450BD1BEF16B
:10B57000190F2ED0BEF1200F08F0010818D1B8F134
:10B58000000F18BF00200134049B5FFA84FE73454E
:10B59000D2D80132059BD4B2A3421CD9039B00240C
:10B5A000D3F800C0C2EB02179CF810300493EBE70D
:10B5B00040F20B739E450CD040F201239E45DED035
:10B5C000BEF5006F05D04FF657439E4508BF0020DB
:10B5D000D9E70020D7E7019B01310433C9B20193B9
:10B5E0009DE7043691E700BF147700204A2807B58D
:10B5F00000F29B80072801D8FF208EE0A0F108030D
:10B60000422BF9D801A252F823F000BF23B7000063
:10B6100027B7000091B700008DB7000095B7000074
:10B6200019B7000099B70000EDB7000023B700007C
:10B63000F9B50000F9B50000F9B50000F9B5000052
:10B64000F9B50000F9B50000F9B5000023B7000016
:10B6500027B7000091B700008DB7000095B7000034
:10B6600019B7000099B70000EDB7000023B700003C
:10B6700027B7000091B700008DB7000095B7000014
:10B6800019B7000099B70000EDB7000023B700001C
:10B6900027B7000091B700008DB7000095B70000F4
:10B6A00019B7000099B70000EDB7000023B70000FC
:10B6B00027B70000F9B50000F9B50000F9B50000A2
:10B6C000F9B50000F9B50000F9B5000027B7000092
:10B6D0008DB70000EDB70000F9B50000F9B5000026
:10B6E000F9B50000F9B50000F9B50000F9B50000A2
:10B6F0009DB700009DB70000ABB70000F9B5000092
:10B70000F9B50000F9B50000F9B50000ABB70000CD
:10B71000F9B50000ABB700000620C0B203B05DF879
:10B7200004FB0120F9E70220F7E700F12003DBB278
:10B73000112B3FF661AFE03811283FF65DAF01A352
:10B7400053F820F08DB700008DB700008DB70000D2
:10B75000F9B50000F9B50000F9B50000F9B5000031
:10B76000F9B5000027B7000027B700008DB700002B
:10B77000F9B50000F9B50000F9B50000F9B5000011
:10B78000F9B50000EDB70000E9B700000420C4E7F8
:10B790000320C2E70520C0E70720BEE741B30878D1
:10B7A000FF2825D00130C0B2B7E7002348284FF06A
:10B7B0000202ADF8063001D043280BD10DF106008E
:10B7C0002FF0FCFB4FF6FF73BDF8060098420FD038
:10B7D0000230A2E70DF106002FF0F0FBBDF80630B5
:10B7E0009B00ADF80630EDE7102096E7082094E7BF
:10B7F0004FF0FF3091E700BF2038C0B20F289ABF4A
:10B80000014B185C00207047FE98040070B5144985
:10B810000246D1F8480AB0B1002305789D4208D904
:10B82000D0F8014054F82340267896420CD00133DA
:10B83000F4E70020D1F84C4A2CB100232578AB4224
:10B8400004D30146084670BD2046F3E7D4F8011042
:10B8500051F823100E789642F4D00133EFE700BF81
:10B860001477002000F52D3303F2A51303F00F0227
:10B870001346F0B50D4C9E1C04EBC60595F8447AB2
:10B880003FB904EBC60484F8440A0020C4F8401A07
:10B89000F0BDD5F8405A002DF3D0013303F00F036B
:10B8A0009A42E8D16FF01500F2E700BF147700204C
:10B8B000F8B500F52D3303F2A51303F00F0204468B
:10B8C0001346154E9D1C06EBC50191F8441AA14282
:10B8D00019D1204618F0EEFC08B122F077F806EBFB
:10B8E000C507D7F8400A58B121461CF0D9FB002003
:10B8F000C7F8400A002306EBC50585F8443AF8BDB1
:10B900006FF01B00F6E7013303F00F039A42D9D121
:10B910006FF01B00F3E700BF147700202DE9F04F14
:10B920008B4615461E4685B0BDF83CA0DFF8AC90AE
:10B93000039059F8048FB8F1000F07D0002798F84A
:10B9400000309F4205D3244B9945F2D105B0BDE8A4
:10B95000F08FBB000293D8F80130039A53F8270008
:10B960000378934235D02A46594630F08EFD0028A0
:10B97000E5D05246314631F082F804460028DED048
:10B98000D8F80130BA009B58594618780E9B2A46C1
:10B990000093CDF804A0334630F0FEFBD4F8063017
:10B9A0000E99A0780293FFF721FE0E9902460298A5
:10B9B0002FF004FBE3785B070BD5D8F80130BA0011
:10B9C0009B58594618782A463346CDF800A002F015
:10B9D000B5F90137B3E700BF60810020588100202E
:10B9E0002DE9F74F044690464FF0000A214E009192
:10B9F000019356F8049FB9F1000F30D099F800B0C8
:10BA0000B4B300273A46934507F1010701D844B182
:10BA100022E0D9F8011051F822201278A242F1D187
:10BA20000024BB4518D9D9F80120B8F1030F52F80A
:10BA3000275018D101222846009930F026FD20B960
:10BA40000222284630F021FD80B12846019930F0CD
:10BA5000F1FC58B195F800A0074B9E42C9D1504661
:10BA600003B0BDE8F08F42460099EAE70137D8E716
:10BA70002746D6E758810020608100202DE9F0415B
:10BA8000CDB207461C21284618F0D4FA04462946B0
:10BA9000384618F05BFA237894F80C80013B012BB0
:10BAA00019D91CF03BFA114EB0FBF6F63246394676
:10BAB0000F481CF0F9FB637D4046002B14BF0222A7
:10BAC0000122638A218AFFF78BFF30B92846BDE83F
:10BAD000F04118F001B80026E8E720733246294605
:10BAE000BDE8F04103481CF0DFBB00BF24499224AD
:10BAF000B9BB00004DB400002DE9F84F0A460646D8
:10BB00004FF000080E4C04F1080A54F8047F8FB17E
:10BB1000002597F800B0AB450AD9D7F80130314677
:10BB200053F82590484630F0B0FC30B199F80080C9
:10BB30005445EAD14046BDE8F88F0135EBE700BF38
:10BB40005881002010B5044620B9BDE810400948CE
:10BB500003F09CBD01212020FFF7CEFF01462046C7
:10BB600019B1BDE8104032F089BCBDE8104017F0B3
:10BB7000B3BF00BF45BB0000F0B5024600244FF63E
:10BB8000FF700C4D55F8041F71B100230F789F42D0
:10BB900009D9D1F8016056F8236096F800C09445A1
:10BBA00005D1B6F8010004B1F0BD0124EAE7013384
:10BBB000EDE700BF58810020F0B51C2189B0044694
:10BBC00018F038FA077B05463846FFF71FFE4FF698
:10BBD000FF736A8A29469A4208BFB0F801304FF0D5
:10BBE0001C0208BF6B82064601A82FF0E7F9384611
:10BBF0009DF81B30BDF814209DF8181030F01AFB8A
:10BC000020B9204617F068FF09B0F0BD3846BDF8EE
:10BC1000141030F0F2FC68B19DF811309A0609D486
:10BC2000BDF814303D2B34D17E22204601A931F0DD
:10BC3000C3FFE9E733F0E2FC48B9D6F80330C3B9F3
:10BC4000204631F0F1FE02460028EED1DCE7BDF8D7
:10BC5000140032F07BFF18B19DF81330DB07E3D5F9
:10BC6000BDF81410BDF8050032F03DFF0028E4D106
:10BC7000DAE7094BD3F8FC3C33B92046D6F8033059
:10BC800098470028DCD0BFE701A898470028D7D103
:10BC9000F3E70122C9E700BF1477002070B51C212B
:10BCA000054618F0C7F9037B0446FF2B23D1437DDB
:10BCB000018A002B18BF0222438A08BF01220020FC
:10BCC000FFF78EFE064620B92846BDE8704017F003
:10BCD00003BF0B4BD3F8143D43B900222946094852
:10BCE000267303F007FD0028EED170BD2846984763
:10BCF0000028F2D1E8E72846BDE87040FFF75CBFB6
:10BD0000147700207DBA00002DE9F84F0A46064658
:10BD10004FF000080F4C04F1080A54F8047F37B1C3
:10BD2000002597F800B05D4504D35445F5D1404651
:10BD3000BDE8F88FD7F80130314653F825904846D2
:10BD400030F0A3FB10B1037A934201D00135EAE74A
:10BD5000C846EAE75881002038B51C2118F06AF976
:10BD60000446007BFFF752FD657D218A002D0CBF44
:10BD70000122022230F089FB0F4B024693F8103D5E
:10BD8000012B0FD0617EE37D51B17D3BD8B28AB1EA
:10BD9000012D09D1137A13F0020F18BF002038BD0E
:10BDA0007F3BF3E78120F2E7002DF8D1137A13F0FF
:10BDB000010FF2E7C320F2E7147700202DE9F04FDE
:10BDC0008BB002939DF850308B460693BDF85430EB
:10BDD0001D2117460493054618F02CF90446284601
:10BDE00017F0CEFE237B94F80DA003930378B4F8EC
:10BDF0000A9013F0030F80460CBF012300238178C3
:10BE00004A465046E67B30F015FA88B947B13246CB
:10BE100021462846CDE900A7039B30F056FCC1E03F
:10BE2000284617F059FE6FF007000BB0BDE8F08F01
:10BE30002089494630F06BFC0590BBF1000F17D00C
:10BE40005946284617F080FF0790284617F0B2FEA3
:10BE5000079B83420CD95946284617F075FF834645
:10BE6000284617F0A7FEABEB0001284618F014F99E
:10BE7000012E11D0E37B022B04D14FF6F7732288F9
:10BE80009A4209D8484632F046FE28B1069B1BB9B3
:10BE9000237C43F004032374059B1BB1237C43F0F4
:10BEA000080323740CF054FC834600287CD133F043
:10BEB000A5FB002878D0484632F048FE002873D011
:10BEC0000822594608A82FF084F8022E06D0032E27
:10BED00043D0002E3CD133F091FB08E0208808A924
:10BEE00017F08AF9A0BB33F089FB00283BD102216F
:10BEF00008A822F0EBFA68B3029B013B012B38D86B
:10BF0000237C494643F001032374504630F075FB0F
:10BF1000029B012B51D10822002108A82FF059F8CB
:10BF2000022E4DD0032E5CD0002E55D0002098F864
:10BF300002300B2B0ED198F800305A070AD198F82E
:10BF40000430012B06D1C0B1002F7FF460AF6CE745
:10BF500033F054FB6FF02700F6E70822214608A8CB
:10BF60002FF02CF8BFE708A80CF022FC0028F1D035
:10BF7000BDE74946504630F040FB39462846FFF7BA
:10BF800071FC0028E0D1284617F0FAFD0378DB06A3
:10BF900002D4012021F0CCFC049B43BB2946174866
:10BFA0001CF07EF8002040E74946504630F025FB63
:10BFB000029B012BAFD0022BDFD10028ABD1DCE7F5
:10BFC000208808A917F018F90028B0D1022108A884
:10BFD00022F07CFA0028A9D0237C43F001032374CB
:10BFE000CBE70822214608A82EF0E8FFEEE7294615
:10BFF000049A02481CF058F9D4E700BF19A00100C8
:10C000002DE9F041069F0C4690461E4617F06EFE45
:10C01000094B00F8014B93F8405A6A1C83F8402AF8
:10C02000630702D5414636F073FC05704670023056
:10C0300007B13D70BDE8F0811477002000487047DB
:10C040005481002002289DBF034B83F8080D002077
:10C050006FF00500704700BF14770020014B93F884
:10C06000100D70471477002001289DBF034B83F803
:10C07000100D00206FF00500704700BF14770020FE
:10C08000174B93F8083D53B3932815D8802826D929
:10C09000A0F18103122B22D8DFE803F00A0A0A0A72
:10C0A00021212121210C212121211C1E1E201E00C5
:10C0B0008120704700207047C2280FD006D800F1B9
:10C0C0004003DBB2012B98BF01207047C42808BF92
:10C0D000002070477E207047012070477F20704706
:10C0E000147700202DE9F04788B0ADF81E10074600
:10C0F00017F0FCFD082303700446FFF79FFF037849
:10C10000DFF8BC905A1C027063700A2399F8008013
:10C11000DFF8B0A0A3700334B8F1050F3CD80122BA
:10C12000C42011463AF8183030F05BFE064638B3AA
:10C1300001214CF25D2030F0EAFA20B3384617F0C6
:10C1400063FC21460546384617F0FEFD2D3D2D1AAD
:10C15000D6F80610B078FFF749FAADB20330854241
:10C1600018D32046318836F0D3FBB17800F8011B94
:10C17000D6F8062030F082F80023044689F8003013
:10C1800008F10108C8E72146384617F0DDFDC0F187
:10C190005205DDE789F80080012300224CF25D2181
:10C1A000CDE90332C4233846CDE90131009321465D
:10C1B00002230DF11E0230F0B9FA08B0BDE8F08795
:10C1C0003F9400204886040073B50E460446244D73
:10C1D00050B92A78002A40D1012322482B7002B09E
:10C1E000BDE8704003F086BAFFF728FFD0F89C3016
:10C1F0005BB3342120468DF8046017F01BFF342216
:10C2000000212EF0E6FE3421204617F013FF6123B3
:10C2100034210370204617F00DFF002634214660BC
:10C22000204617F007FF34218660204617F002FFF2
:10C2300001ABC3603421204617F0FCFE0661FFF716
:10C24000FDFED0F89C3020469847002320462B70F6
:10C2500002B0BDE8704017F03FBC02B070BD00BF37
:10C2600040940020C9C1000010B510B90F4B1870E0
:10C2700010BD0128FCD10E4B19780129F8D10B4CC7
:10C280002278012A09D80B4803F000FA0A4803F083
:10C29000FDF9237801332370EAE7002003222070A0
:10C2A0001A70BDE81040FFF78FBF00BF3E9400201A
:10C2B00041940020BDC30000BDC20000064A0346F1
:10C2C00012782AB1032A03D04FF6FC71FFF70ABF98
:10C2D000184617F001BC00BF4194002038B5044651
:10C2E00020B9BDE83840214803F0D0B9204D2B7863
:10C2F000A3B3032B32D0012208231146C42030F00F
:10C3000070FDD0F80630204619884FF6FF73994229
:10C3100021D1FFF7D3FF0022144811461CF030F959
:10C320002B78022B21D10123C4201A46194630F064
:10C3300058FDB8B1D0F8063018880F3880B236F002
:10C34000A6FABDE8384042220F3080B242430021B5
:10C3500006481BF0A9BFFFF7C5FEDCE7204617F033
:10C36000BBFBD8E74FF49670E7E738BDDDC20000AD
:10C3700041940020002208B511460E481CF000F937
:10C380000D4B1B78022B13D10122C420114630F033
:10C3900028FD50B1D0F806301B88422200215A43B4
:10C3A000BDE8084003481BF07FBF4FF49673F4E7E5
:10C3B00008BD00BFBDC300004194002070B5044615
:10C3C00088B028B9224808B0BDE8704003F05EB9D3
:10C3D000204B1B78BBB3032B35D014F081FEADF896
:10C3E0001E00204617F082FC002606700546FFF767
:10C3F00025FE037808215A1C02706B70AE70E81C91
:10C4000036F086FA092136F083FA0A2136F080FAEE
:10C4100001254CF25D23CDE90235C4230146CDE967
:10C4200000330DF11E0202232046049630F07EF9FF
:10C4300040F2BC72294608481BF036FF08B0BDE840
:10C440007040FFF797BF204617F046FBF6E700BFA6
:10C45000BDC300004194002069C200002DE9F743EC
:10C460000022FF21054635481CF08AF81CF0CEFD5D
:10C47000074680B1DFF8D08098F800305BB1032B1D
:10C4800009D04FF00009284617F094FB022805D880
:10C49000B9F1000F3ED103B0BDE8F083284617F094
:10C4A0006FFB04460028F3D08078FFF7E9FDA07009
:10C4B00008BBE078211DFFF799F8061D2846F6B263
:10C4C00017F078FB284617F075FB8642E0D8314616
:10C4D000284617F075FCA278002AD4D12388082BAF
:10C4E0000BD10192012204341146C420009430F093
:10C4F00038F8B946C7E70326E4E7092BF1D00A2B41
:10C50000C1D101920122043411460094C42030F0BC
:10C5100028F8B8E700210A4B197098F80030012B71
:10C52000B9D1022340F2DE32064888F800301BF011
:10C53000BBFE03B0BDE8F043FFF71CBF69C20000BB
:10C540003E940020DDC200004194002038B505462D
:10C5500017F016FB90F86330044653B901463B22AE
:10C5600010482EF02BFD28220F4804F13B012EF03D
:10C5700025FD0C4CD4F8630070B194F867101BF0E3
:10C580008FFD002384F8673084F8633084F86430CA
:10C5900084F8653084F866302846BDE8384017F0E6
:10C5A0009BBA00BF429400207D94002070B5094CD6
:10C5B0000546D4F863300E464BB98F2106481EF06D
:10C5C0007BFF18B9C4F8636084F8675070BD6FF0E2
:10C5D0000300FBE7429400204DC5000010B5074959
:10C5E0000446FFF7E3FF043006D12146BDE81040C2
:10C5F000002203481BF058BE10BD00BFB9CA03009B
:10C60000DDC5000038B5044608464A2811461D46D7
:10C6100000F29080072801D8204638BD083842280B
:10C62000FAD801A353F820F099C70000A1C7000071
:10C63000C5C70000ADC70000D1C70000B9C70000E2
:10C64000DDC70000F5C7000099C7000019C600004B
:10C6500019C6000019C6000019C6000019C600005E
:10C6600019C6000019C6000099C70000A1C7000044
:10C67000C5C70000ADC70000D1C70000B9C70000A2
:10C68000DDC70000F5C7000099C70000A1C7000082
:10C69000C5C70000ADC70000D1C70000B9C7000082
:10C6A000DDC70000F5C7000099C70000A1C7000062
:10C6B000C5C70000ADC70000D1C70000B9C7000062
:10C6C000DDC70000F5C7000099C70000A1C7000042
:10C6D00019C6000019C6000019C6000019C60000DE
:10C6E00019C6000019C60000A1C70000ADC70000B0
:10C6F000F5C7000019C6000019C6000019C60000E1
:10C7000019C6000019C6000019C60000E9C70000DC
:10C71000E9C70000E9C7000019C6000019C60000FB
:10C7200019C6000019C60000E9C7000019C60000BC
:10C73000E9C7000000F12003DBB2112B3FF66CAF1C
:10C74000E03811283FF668AF01A353F820F000BF8E
:10C75000ADC70000ADC70000ADC7000019C600009E
:10C7600019C6000019C6000019C6000019C600004D
:10C77000A1C70000A1C70000ADC7000019C6000096
:10C7800019C6000019C6000019C6000019C600002D
:10C79000F5C7000001C80000137804F8013B3BE72F
:10C7A000204602222EF00AFC023435E720460422FD
:10C7B0002EF004FC04342FE7204606222EF0FEFB68
:10C7C000063429E7204603222EF0F8FB033423E742
:10C7D000204605222EF0F2FB05341DE720460722F5
:10C7E0002EF0ECFB073417E720462A462EF0E6FB36
:10C7F0002C4411E7204608222EF0E0FB08340BE71A
:10C80000204610222EF0DAFB103405E72DE9F04F18
:10C810001C218BB0804617F00DFC0546FFF70EFC7F
:10C82000407817F063FA6B7E002B0CBF18231C2393
:10C8300000F8013B6B7E13B1698B36F069F8AB7D74
:10C84000841C037009234370287BFEF7DFFF6B7D98
:10C850000890002B14BF02220122298A2FF015FE16
:10C860006B7E8146002B65D06B8B0793404617F09B
:10C87000A1F9022840F2D380404617F081F9002840
:10C8800000F0CD80032190F800B0B0F801A0404640
:10C8900017F096FA298A688A2FF039FF00284CD0C1
:10C8A000FFF7CCFB407817F0AFF80646FFF7C6FB62
:10C8B0002146407817F048FA2D3E361AB6B2032EBC
:10C8C00040F2AD8051464846079A30F0D8F8074606
:10C8D000002800F09980D0F80630002B00F09480FA
:10C8E000C3785B0740F19780089BB9F8001018786F
:10C8F0006B7E99F808204BB36B8B0093534631F055
:10C9000093FE0990002800F08880092E40F287806D
:10C91000002284F801B02270A01C514635F0F8FFC7
:10C92000099B0446BBF1000F13D0BBF1010F9DD151
:10C93000198A45E04FF6FF7397E7FFF77FFB214623
:10C94000407817F001FAC0F15206B7E74FF6FF73CF
:10C95000D3E7BA78099300F8012B5A8A198A35F07F
:10C96000E3FF0446B8782FF024FD00283FF47EAFA3
:10C97000BA78099B203A0B2A3FF678AF01A151F80B
:10C9800022F000BFB5C90000BDC90000D9C9000030
:10C99000E9C900006DC80000F9C900006DC80000B9
:10C9A0006DC80000B5C90000C9C90000D9C90000A0
:10C9B000E9C900001B7D04F8013B57E72046998A2E
:10C9C00035F0A6FF044651E72046022203F1140188
:10C9D0002EF0F4FA023449E72046032203F1140151
:10C9E0002EF0ECFA033441E72046042203F114014F
:10C9F0002EF0E4FA043439E72046062203F114014C
:10CA00002EF0DCFA063431E786235146237084F891
:10CA100001B0A01CD4E78C23F7E78B23F5E7FFF7E1
:10CA20000DFB0023407804932B8A214603936B8AE5
:10CA30006A1C02932B7B0193EB7A009302232FF065
:10CA400075FEFFF7FBFA80F801800BB0BDE8F08FB0
:10CA50002DE9F04FC38D87B00093C38802798946D2
:10CA600005464188407830F0A8F990F803A0484680
:10CA700017F03CF90AF02006CAF3401A4FEA8A037D
:10CA800043F0080304460370002E69D0E98D01309D
:10CA900035F03EFF0446FFF7D1FA037802345A1C02
:10CAA000027004F8023C0A2304F8013C2E46F78D7C
:10CAB0007188F38832797078009730F07EF9718848
:10CAC0008046B08D2FF023FE002855D0484616F042
:10CAD0009BFF21460746484617F036F92D3F3F1A7F
:10CAE000D8F8061098F80200FEF780FDBFB2C31C0C
:10CAF0009F4283461FD32046B8F8001035F008FF48
:10CB000098F802105B4600F8011BD8F80620FFF7E2
:10CB100079FD41460446304631F06BFE337A51468A
:10CB200023F0160343F020033372284631F0D9FD79
:10CB300006460028BBD1144B214604936B88484617
:10CB40000393AB8D05F1280202936B78019395F85E
:10CB50002A30009300232FF0E9FD07B0BDE8F08FE5
:10CB6000FFF76CFA037803345A1C027004F8023C95
:10CB70000A2304F8013C99E72146484617F0E4F8F7
:10CB8000C0F15207ACE700BFF9DF000038B51C2147
:10CB9000044617F04FFA037D0546152B64D8DFE8ED
:10CBA00003F00B1037372C373F2C43633B4B476365
:10CBB0006363635C63616347204630F0EBF80120F8
:10CBC00038BD2A4BD3F8003DEBB92B8A0A2B04D190
:10CBD000204601F0A5FE0028F1D11C21204617F0C7
:10CBE00029FA4CF25D23428A05469A4205D1038A0E
:10CBF000012B02D12046FFF731FC002229462046B6
:10CC000030F074FFDBE7204698470028DDD0D6E7F8
:10CC1000204630F0EEF8D2E7204631F003FFCEE7B1
:10CC2000204630F06EFACAE72046FFF7EFFDC6E770
:10CC300020462FF0F2FDC2E71C21204617F0FAF93A
:10CC4000038A192B03D0204616F046FFB7E720468B
:10CC500030F0D5FE0028B2D1F5E70121204630F0B2
:10CC600065FBACE70021F9E70020A9E71477002075
:10CC700038B50621044617F0DDF9037923B12046C3
:10CC8000BDE8384016F028BF1821204617F0D2F929
:10CC90000546204616F074FF1822014628462EF05D
:10CCA0008DF92046BDE83840014936F072BB00BF1F
:10CCB000FDD4030010292DE9F74304460D4616461E
:10CCC00040F08C8035F07BFA2B4601220746218A02
:10CCD000207B30F086F818218046384616F0B0FFE9
:10CCE00005461822002105F10D092EF072F949467A
:10CCF000B4F8010016F080FA10F11C0F19D10122CE
:10CD00003046B4F801100DF1070316F08BFB082232
:10CD1000314648462EF052F9314698F80200D8F8CC
:10CD20000690FEF763FC3146024648462EF01FF996
:10CD30000DE00028EBD1314698F80200FEF756FCD2
:10CD40003146024648462EF012F90028E4D0207BF6
:10CD500030F0DDFB0646002839D1218A4EF201036E
:10CD60000122207B30F03DF8E27AD0F806301A70CC
:10CD7000218A4EF202030122207B30F032F8B4F80F
:10CD80000120D0F8063028461A801CF0B1F8237B29
:10CD90002B72E37A6B75238A6B8103232B731CF050
:10CDA00043F90821E882384617F044F9054608227D
:10CDB00031462EF00EF9238A38466B80FF232B7004
:10CDC000084B6B6003B0BDE8F0430BF08FBD2FB193
:10CDD000384603B0BDE8F04316F07EBE03B0BDE8B0
:10CDE000F08300BF71CC000038B50122002303217D
:10CDF00004462FF0F6FF10B3D0F80630FBB11D88C3
:10CE000095B1013D422221460D481D801BF04CFA90
:10CE1000FFF714F9D0F89C308BB12146BDE83840BB
:10CE20000022084802F066BC2046FEF7EFFCD0F86E
:10CE300007000028ECD029461BF032F9E8E738BD9E
:10CE4000E9CD0000A5D5030007B5054B01210093EE
:10CE5000044A054B032030F068FC03B05DF804FB86
:10CE60002DD0000033D5030011D60300F8B5012200
:10CE70000E460023032104462FF0B3FF054650B3AE
:10CE8000D0F806303BB31F881E80B74209D0FFF7A9
:10CE9000D5F8D0F89C3023B1002221460F4802F08B
:10CEA00029FCD5F806301B889BB197B93A46214634
:10CEB0000B481BF065FB4222214609481BF0F4F9A0
:10CEC0002046FEF7A3FCD0F8070010B101211BF0AB
:10CED000E7F80020F8BD8620FCE700BFA5D50300D9
:10CEE000E9CD000070B51C2190B0044617F0A2F8FF
:10CEF0001C22014609A82EF061F89DF83850012D3A
:10CF00002CD0402D68D0002D40F089809DF83950FC
:10CF1000D5B9204616F04EFE012813D9204616F04A
:10CF20002FFE0222014608A82EF048F8BDF8201076
:10CF30009DF83000FFF79AFF2A46204609A930F0F5
:10CF400096FD05E08025F7E7364BD3F8043D13B98D
:10CF5000012010B070BD20469847F9E79DF83000D9
:10CF600030F044FB024690B32A46002303219DF88B
:10CF700030002FF036FF0646204616F0B7FE192384
:10CF8000002503709DF83A3085704370D6F806305E
:10CF90000330198835F0BCFC9DF831300146C3F3ED
:10CFA0004013CDE9045303230393BDF836302046E4
:10CFB00002939DF83030CDE9065501939DF82F304E
:10CFC0000DF12502009302232FF0E4FBC0E7204679
:10CFD00009A930F0ACFDBBE7204616F0EBFD0128B7
:10CFE0001BD9204616F0CCFD0222014608A82DF0E0
:10CFF000E5FF1E21204617F01DF8054609A91C2251
:10D000002DF0C5FF9DF8203021462B779DF821306B
:10D0100005486B771BF044F89AE780228DE70020E3
:10D0200097E700BF1477002037D50300FF2808B525
:10D0300003D0BDE80840FFF755BFFEF7FFFF024BE6
:10D04000C0F86032012008BD4406002038B5012236
:10D050000023032104462FF0C4FE054698B10022A8
:10D06000214609481BF08CFAD5F8063000252046E9
:10D070001D80FEF7CBFBD0F8070020B12946BDE8A4
:10D0800038401BF00DB838BDE9CD000013B5084C91
:10D09000FF2120460DF107021BF072FA20B99DF81E
:10D0A000070016F019FDF3E71C30F1D102B010BDF6
:10D0B000B5D000002DE9FF411C21044616F0BAFF4F
:10D0C000067B002301220621054630462FF089FE0B
:10D0D00044F2010380460122062130462FF081FEF2
:10D0E00044F2020307460122304606212FF079FE62
:10D0F000D8F8063006461B78A3B1D7F80620138867
:10D100000BB1013B9BB2ADF80E301380DBB11C4B71
:10D1100021461A781B4882F001021A7006321BF071
:10D12000C3F80DE0D0F8062013880BB1013B9BB289
:10D13000ADF80E301380002BE9D1204616F0CCFC60
:10D1400004B0BDE8F0810DF10E02287B06210193A9
:10D15000009201222FF005FAFEF770FFD0F89C3004
:10D160002BB120469DF80E20297B31F04EF900228C
:10D17000D6F80630FF211A8002481BF001FADCE7DE
:10D18000AB940020B5D0000010B50B46044628B97A
:10D19000BDE810400246074802F0ACBA1C21D8B2E4
:10D1A00016F048FF002201462046BDE8104030F04E
:10D1B0005EBC00BF89D1000070B51E218AB0054653
:10D1C00016F038FF037F01461C22467F03A88DF826
:10D1D0000B302DF0F3FEFEF731FFD0F89C403CB150
:10D1E00028469DF80B209DF8181031F00EF90446E2
:10D1F00000230DF10B020092062101229DF8180078
:10D2000001932FF0AEF99EB194B91C21284616F077
:10D2100011FF1C2203A92DF0D1FE2946072209483F
:10D220001BF042F829462046FFF7AEFF0AB070BD5A
:10D23000204630F015FD03A90246284630F017FCC1
:10D24000F4E700BFB5D0000007B5054B01210093FE
:10D25000044A0023062030F068FA03B05DF804FBAE
:10D2600075D70000C5E303002DE9F04188461E2173
:10D2700017461E46054616F0DDFE044641461C22B2
:10D280002DF085FE277766772946BDE8F0410148F5
:10D290001AF006BFB9D100002DE9F0471C2192B069
:10D2A000044616F0C7FE1C22014604A82DF086FE97
:10D2B0009DF82460402E00F062810BD8012E77D0BB
:10D2C000022E00F00E81002E00F0E280002012B04D
:10D2D000BDE8F087412E00F0B081422EF6D11C212E
:10D2E000204616F0A7FE057B0023012206210746F3
:10D2F00028462FF076FD44F20103012206218046E4
:10D3000028462FF06EFD44F202030646012228460D
:10D3100006212FF066FD0546002E00F02182002830
:10D3200000F01E82204616F045FC042840F21882C8
:10D33000204616F025FC0146814611F8013B0222E9
:10D340000DF12D008DF82C302DF038FE022209F160
:10D3500003010DF12F002DF031FE9DF82C30DB077D
:10D3600004D5D8F806301B78002B60D0FFF78EFE6E
:10D37000D5F806100B88002B00F0C481D8F80620E1
:10D380001278002A40F0BE81BDF82F0082B293428D
:10D390004FF6FF7200F2B181934207D0D6F8063003
:10D3A0001A884FF6FF739A4240F0CC8101208EE735
:10D3B0001C21204616F03EFE057B00233246062146
:10D3C000814628462FF00DFD44F201033246062126
:10D3D000824628462FF005FD44F20203324606211C
:10D3E000074628462FF0FDFC4FF480438046324626
:10D3F000284606212FF0F5FC0546BAF1000F14D09F
:10D40000DAF806301B7883B917B1B8F1000F23D1D1
:10D4100025B1D5F806301A7802B91E700023012212
:10D4200049462046FFF720FFC0E73FB945BB9DF8BE
:10D430002830002B40F09081002292E1B8F1000FDB
:10D44000F4D0D7F806301B88002BEFD1D8F806208F
:10D450001380FFF71BFEE9E7D7F806301B884BB1B6
:10D46000002DDBD0D5F806301A78002AD6D101225B
:10D470001A70D3E7D8F806201380FFF707FEEFE70E
:10D48000D5F806301A78002AD1D101221A70CEE7D9
:10D490001C21204616F0CEFD90F80C803346012268
:10D4A0000621054640462FF09CFC074644F2010346
:10D4B0000122062140462FF094FC1FB1D7F8062028
:10D4C000127832B90028B2D00022D0F806301A8083
:10D4D000ADE710B1D0F806301E80002329461A4669
:10D4E0009FE71C21204616F0A5FD077B00230122A3
:10D4F0000621064638462FF074FC44F201038146AB
:10D500000122062138462FF06CFC44F2020301226E
:10D510000621054638462FF064FC4FF480438046D0
:10D520000122384606212FF05CFCD9F80630074668
:10D530001B78002B0CBF4FF001094FF0000917D1E9
:10D540005DB1B8F1000F08D0D5F806301B8823B9BB
:10D55000D8F806201380FFF799FD2FB1D7F80630D1
:10D560001A780AB901221A7000234A46314658E750
:10D57000002DF9D00022D5F806301A80F4E71C21DE
:10D58000204616F057FD067B0023012206210546A2
:10D5900030462FF026FC44F2010301220621074603
:10D5A00030462FF01EFC4FF4804380460122304667
:10D5B00006212FF016FC0646B8F1000F00F0D080CF
:10D5C000002800F0CD80204616F0F4FA012840F241
:10D5D000C780204616F0D4FA0222014601A82DF099
:10D5E000EDFCD7F8063093F80090D6F806301B789B
:10D5F000012B1DD100271C212046ADF808708DF8A5
:10D600000A7016F017FD1C2201460BA82DF0D6FC5F
:10D610000BAA02A9204631F020FF1C2228460BA9A4
:10D620002DF0CCFCD6F806301F70D8F806301F80DD
:10D63000B9F1000F3FF4FBAE4FE71C21204616F076
:10D64000F9FC077B002301220621064638462FF00D
:10D65000C8FB44F2010301220621054638462FF09B
:10D66000C0FB44F2020301220621814638462FF016
:10D67000B8FB4FF4804380460122384606212FF044
:10D68000B0FB07462DB1D5F806301D78B5FA85F503
:10D690006D09002F6AD0B9F1000F0BD0B8F1000F5F
:10D6A00008D0D9F806301B8823B9D8F80620138093
:10D6B000FFF7ECFCD7F806201378C3B9ADF80830B3
:10D6C0008DF80A3001231C211370204616F0B2FC9D
:10D6D0001C2201460BA82DF071FC0BAA02A92046C2
:10D6E00031F0FDFE1C2230460BA92DF067FC002D09
:10D6F0003FF49DAE0023012238E70880D5F80630BC
:10D700001B8849E6D6F80630BDF82D20188891B25E
:10D71000884238BF1A80D5F80630BDF82F201A800D
:10D720004FF6FF72D5F806301B88934208D0D6F822
:10D7300006301B889B1A18BF01230122394670E668
:10D740000023FAE72146072209481AF0ADFD2146D9
:10D750000020FFF719FD29E6204616F0BDF925E661
:10D760008522204604A930F082F91FE68122F8E7DD
:10D77000B5D00000FF2808B503D0BDE80840FFF78A
:10D780008BBDFEF75BFC024BC0F86032012008BD88
:10D790005406002010B50C4608B116F09DF943F66A
:10D7A000FF32064B002103FB0423BDE810404FF479
:10D7B00070520348B3FBF2F21AF076BD90D003002A
:10D7C00039D80000F8B51021044616F033FC0121C9
:10D7D00007462020FEF790F94EF6FE730122202125
:10D7E00005462FF0FEFA3F68D0F806606FB93A465A
:10D7F00029460F481AF0C4FE384620F099F84FF435
:10D80000FA7229460A481AF04FFDF37803F00F0325
:10D81000012B08D9214607481AF042FCF3786FF330
:10D820000303F370F8BD204616F056F9F6E700BF83
:10D8300041E4030039D8000070B5012104462020DE
:10D84000FEF75AF900230122202105462FF0C9FADC
:10D85000D0F8063020211E6801224EF6FE732846BD
:10D860002FF0BFFAD0F8061056B1CB781A070DD0BA
:10D8700003F00F02012A03D8013262F30303CB70D5
:10D880008CB12046BDE8704016F026B924B9BDE839
:10D890007040054801F0FABE2046BDE87040FF2107
:10D8A000024A30F0D6BD70BD39D80000B1D80000B2
:10D8B0002DE9F04F062189B0064616F0BBFB012189
:10D8C00004462020FEF718F90023012220210746F4
:10D8D0002FF087FAD0F80630D3F800902379002B88
:10D8E0006AD00025012220214EF6FE733846ADF89D
:10D8F0001E502FF076FAD0F806803046D8F8003067
:10D900004FF0000ADB4333F07F431BBFB8F8003011
:10D910000225AB4698F802B018BFADF81E3016F0DD
:10D92000E5F9192303700446FEF788FB0378E11C30
:10D930005A1C02706370224B84F802A020220493C8
:10D940004FF482733046CDE90232CDE900B72B4661
:10D950000DF11E022EF0EAFE012298F8033039463E
:10D9600062F3030388F803304FF4FA7215481AF093
:10D970009BFC4FF4F05020F06BF850461FF09CFFDA
:10D98000FEF75CFBD0F8A03033B1FEF757FB5146F1
:10D99000D0F8A0001AF084FB43F6FF330A4A0021B6
:10D9A00002FB09334FF47052B3FBF2F2074809B09F
:10D9B000BDE8F04F1AF078BC304616F08DF8EBE772
:10D9C000C5D7000041E4030090D0030039D800001F
:10D9D00010B5FEF733FB08220021A4302DF0F9FA30
:10D9E00016F004F8044618B1FEF728FB80F8AA40A8
:10D9F0000022FE2104481AF0C3FDBDE810400022B9
:10DA0000FE2102481AF0BCBD4DDC0000D9DA00004E
:10DA1000F8B5054620B9FEF711FBFF242046F8BDF6
:10DA2000FEF70CFB4368002BF5D000260BE06F7867
:10DA3000FEF704FB4368D3F8013053F826301B7817
:10DA4000BB420CD00136FEF7F9FA436806EB8604B8
:10DA50001B7804EB8404B342E4B2E8D80EE0FEF78E
:10DA6000EDFA4368D3F8013053F82630D3F81A00A2
:10DA7000064B281A001103FB0040C4B2FEF7DEFA81
:10DA800043681B78B342C9D8C7E700BFABAAAAAAAC
:10DA900010B50446FFF7BCFF002201460C481AF0FF
:10DAA0006FFD238A93B12046FFF7B2FF43F6FF33A1
:10DAB000228A0146BDE81040064800FB02334FF4BD
:10DAC00070520348B3FBF2F21AF0EEBB10BD00BF78
:10DAD000D9DA000040420F0038B5054630F07DFD30
:10DAE0000446FEF7ABFAD0F8983043B1FEF7A6FA39
:10DAF000E288D0F89830618894F82A009847FEF7B9
:10DB00009DFAB0F8A4307BB143F6FF33228A07496F
:10DB1000074801FB02334FF470522946B3FBF2F27F
:10DB2000BDE838401AF0C0BB38BD00BF40420F000E
:10DB3000D9DA000038B5058A04463DB9037A43F0C6
:10DB400004029B07027216D4458AA5B14FF6FF73F3
:10DB50009D4210D031F0B0FD237A074A43F0100304
:10DB6000237243F6FF3302FB05334FF47052B3FBCD
:10DB7000F2F30344E36038BD40420F002DE9F04763
:10DB800000256FF000492C462F46FEF757FA4368F0
:10DB90001B78AB4214D8002F53D031F08DFDFE21FD
:10DBA0000546002228481AF0EBFC6FF000412B1BC1
:10DBB0008B423CD2BDE8F047002123481AF070BAEE
:10DBC000FEF73CFA43684FEA850AD3F8013053F870
:10DBD0002530D3F81A30A3B1FEF730FA4FF0000821
:10DBE0004368D3F8013053F82530D3F81A60FEF7B4
:10DBF00025FA4368D3F8013053F80A305B7E434579
:10DC000001D80135C1E7337A03F00902012A07D1AF
:10DC1000DB0605D5F3683FB1E21A4A4538BF1C461A
:10DC2000303608F10108E2E71C461746F8E7621BA8
:10DC30008A4228BF1A46BDE8F047002102481AF080
:10DC400033BBBDE8F08700BF4DDC00002DE9F04795
:10DC500031F032FD4FF0000906464D466FF00047A7
:10DC6000FEF7ECF943681B784B4509D81DB100213C
:10DC700030481AF015FABDE8F0470020FFF77EBFE4
:10DC8000FEF7DCF943684FEA8908D3F8013053F80E
:10DC90002930D3F81A30A3B1FEF7D0F94FF0000ABB
:10DCA0004368D3F8013053F82930D3F81A40FEF70F
:10DCB000C5F94368D3F8013053F808305B7E53450B
:10DCC00002D809F10109CBE7237A03F00902012AFE
:10DCD0001FD1D8061DD5E268B21ABA4219D2590727
:10DCE00021D443F0040222729A0702D50135EDB225
:10DCF0000FE0628A8AB1238A0F49D21A43F6FF33B2
:10DD000092B201FB02334FF47052B3FBF2F333448F
:10DD1000E36030340AF1010AC9E723F0100343F04D
:10DD200004032372F5E723F0100343F00203237288
:10DD3000DCE700BF3FE5030040420F00F0B585B0CF
:10DD4000BDF82840009430F06FFC0446002858D0FD
:10DD5000E58DC38802794188407800952FF02DF831
:10DD6000054600284DD080782EF023FB002800F0D7
:10DD7000A980237A590615D523F040032372237A0C
:10DD80005A0740F1AE8023F0100343F00203002154
:10DD9000237256481AF084F9002005B0BDE8F0401F
:10DDA000FFF7ECBEAA78D5F80630203A0B2A00F22D
:10DDB0008980DFE802F00610285F876F8787061AE0
:10DDC0003B67227F1B789B1A002BB8BF5B42227DEA
:10DDD000DBB29A4228E01B88A28B9342B5BFD21ACD
:10DDE0009B1A93B29BB2A28AF3E7A28B1B889B1A61
:10DDF0001BB2002BB8BF5B42B4F914201BB29A428D
:10DE0000BDDD05B0F0BDA27DA18A987801EB02418D
:10DE10001A88A38B02EB0042A07F03EB00439A42D7
:10DE20008CBFD31A9B1A9942A9D9EAE793F90250F9
:10DE300094F91E00002D94F91610B4BF4FF07F47DF
:10DE400000270028B4BF4FF07F46002600291B881A
:10DE5000A28B94DB43EA054342EA004232433B4350
:10DE60009B1AA28A002BB8BF5B4242EA014293424E
:10DE7000C7DB84E71A68E3699A428CBFD31A9B1AFE
:10DE80006269A6E7E2691B689B1A002B6269B8BF4A
:10DE90005B42ECE7186802AA02909B88104604F1E6
:10DEA0001C01ADF80C3034F01BF9BDF80C20238BAD
:10DEB0009A4202D03FF663AFA3E76369029A9A429F
:10DEC000F8D15CE7D5F80610A878FDF78FFB01467E
:10DED000D5F80600E6691AF035F886427FF44FAFB0
:10DEE0008FE743F0020323728BE700BF3FE5030097
:10DEF00073B50E460546002872D04078FDF786FCC3
:10DF000018B96FF01B0002B070BD2A7969882EF035
:10DF1000BCFA0028F5D0EA8DE9882EF0B0FD002883
:10DF2000EFD02B790BB901232B71EB8D0093EB888C
:10DF30002A796988687830F077FB044618B146B9C9
:10DF40006FF01A00DFE7687830F0A8FA044600287E
:10DF500049D0E38C13B1A28C9A4247D8302229468B
:10DF600020462DF02BF8636A0822236101234FF02D
:10DF7000FF31237204F11C002DF02BF8237823BB12
:10DF80004FF6FF73628A9A4204BF09232372194B2A
:10DF900093F8893D5B0702D5032019F0C1FC207A74
:10DFA00010F008050FD12046FFF7C4FD2846FFF703
:10DFB000E5FD638A3BB1E388227961886078E48D6E
:10DFC0000094FFF7BBFE00209DE72046FFF760FDB1
:10DFD000238A002BF7D1237A23F001032372F2E77F
:10DFE0006FF049008FE76FF015008CE76FF00900C4
:10DFF00089E700BF147700202DE9F0411021064683
:10E00000002416F017F8FEF719F843681B789C42B5
:10E010000FD30020FFF7B2FD304615F067FEFEF784
:10E020000DF880F8AA600021BDE8F0411A481AF006
:10E0300037B8FEF703F843684FEA8408D3F8013095
:10E0400053F82430D3F81A300BB90134DBE7FDF76D
:10E05000F5FF00274368D3F8013053F82430D3F894
:10E060001A50FDF7EBFF4368D3F8013053F808303E
:10E070005B7E9F42E9D22B7A03F02102212A07D14D
:10E080001A0705D423F0200328462B72FFF752FD10
:10E0900030350137E5E700BF3FE5030008B5FDF780
:10E0A000CDFF90F8A232013380F8A232BDE80840DB
:10E0B000014801F0EBBA00BF19E6000008B5FDF712
:10E0C000BDFFD0F8A6328BB1FDF7B8FF4222D0F8E1
:10E0D000A63200215A4308481AF0E6F8FDF7AEFFD1
:10E0E0000023A0F8A632A0F8A83208BD0348BDE876
:10E0F000084001F0CBBA00BFBDE00000EDE6000033
:10E100002DE9F0430D46044687B030B90246314848
:10E1100007B0BDE8F04301F0EDBA01214FF65740DA
:10E12000FDF7EAFC3E210646E8B215F083FF0746FC
:10E13000204615F025FD1D2341F2172100F8013B73
:10E1400034F0E6FB0546FDF779FF90F8A032204653
:10E150002B7009236B7015F013FD8046204615F0D7
:10E160000FFD03787A7913F0040F0CBF0323052306
:10E1700008EB03050135B91D08F80320284602EB1A
:10E1800082022CF004FF7B794FF0000803EB83033D
:10E190001D44FDF753FF0746FDF750FF90F86592C9
:10E1A0003046FDF7E9FC4FF657432946CDE90338E1
:10E1B000CDE90160022307F266222046CDF80090E7
:10E1C0002EF0B4FAFDF73AFF80F8A18207B0BDE85F
:10E1D000F08300BF01E1000010B5044631F00EFAF3
:10E1E00008B9012010BD0948112301224FF65741FB
:10E1F00000782EF0F6FDD0F806301A78FF2AF0D01D
:10E20000012393401B1B58425841EBE7AC9400207C
:10E2100010B5044631F0F2F908B9012010BD0948E3
:10E22000122301224FF6574100782EF0DAFD4FF607
:10E23000FF72D0F806301B889342EED01B1B584269
:10E240005841EBE7AC94002008B531F0D7F970B134
:10E250000848072301224FF6574100782EF0C1FDF0
:10E26000D0F806301878003818BF012008BD01200A
:10E27000FCE700BFAC94002008B531F0BFF968B1ED
:10E2800007480B2301224FF6574100782EF0A9FDD5
:10E29000D0F806301878003818BF012008BD00BF3C
:10E2A000AC940020F8B52D4F0546FB7A0E469BB185
:10E2B000FDF7C4FEFDF7C2FEB0F8AE42FDF7BEFEAC
:10E2C000B0F8B032FA7AB4FBF3F301339BB26C1EB0
:10E2D00094FBF3F4A4B22AB94EF608036FF00200DF
:10E2E0003360F8BDB5FBF3F203FB1255ADB23DB19F
:10E2F000FDF7A4FEB0F8B032422200205343EFE70E
:10E30000FDF79CFEB0F8B232002BE5D0FDF796FE8B
:10E31000B0F8B63273B1FDF791FEB0F8B632A34251
:10E3200008D8FDF78BFEB0F8B622B4FBF2F302FB7F
:10E3300013439CB2FDF782FEB0F8B23203FA04F444
:10E340003460FDF77BFEB0F8B4329C4204D9FDF78F
:10E3500075FEB0F8B43233603368CDE736920020F2
:10E360001FB519F049FE114C112301228DF80F0041
:10E370004FF6574120782EF034FDD0F806309DF846
:10E380000F201B7800209A420DD00DF10F0300934F
:10E390000190112301224FF6574120782EF0E1F829
:10E3A000152019F0BDFA04B010BD00BFAC940020D8
:10E3B0001FB5114C12230122ADF80E004FF6574144
:10E3C00020782EF00EFDD0F80630BDF80E201B8808
:10E3D00000209A420DD00DF10E03009301901223FC
:10E3E00001224FF6574120782EF0BBF8152019F086
:10E3F00097FA04B010BD00BFAC9400201FB5124CBA
:10E40000032301228DF80F004FF6574120782EF09C
:10E41000E8FCD0F806309DF80F201B780020003B68
:10E4200018BF01239A420DD00DF10F030093019004
:10E43000032301224FF6574120782EF092F8152041
:10E4400019F06EFA04B010BDAC9400201FB5124C48
:10E450000F2301228DF80F004FF6574120782EF040
:10E46000C0FCD0F806309DF80F201B780020003B40
:10E4700018BF01239A420DD00DF10F0300930190B4
:10E480000F2301224FF6574120782EF06AF815200D
:10E4900019F046FA04B010BDAC94002010B5044643
:10E4A000FDF7CCFD90F8B832DB0709D5042C08D174
:10E4B000FDF7C4FD90F8B8326FF3420380F8B8322C
:10E4C00010BD2146002205481AF05AF82146BDE841
:10E4D0001040034A014819F0E7BE00BF97EB030064
:10E4E00000035700002210B50D4C114620461AF0CB
:10E4F00047F80022022120461AF042F8FDF79EFD5F
:10E5000090F8B8326FF3420380F8B832FDF796FD09
:10E5100090F8B8326FF3000380F8B83210BD00BF36
:10E5200097EB03001FB5124C0D2301228DF80F004D
:10E530004FF6574120782EF054FCD0F806309DF865
:10E540000F201B780020003B18BF01239A420DD0FA
:10E550000DF10F03009301900D2301224FF6574157
:10E5600020782DF0FEFF152019F0DAF904B010BD67
:10E57000AC94002038B50AF0F9F8012105464FF6B1
:10E580005740FDF7B9FA48B3062301224FF6574129
:10E590002EF027FCD0F806301B78012B1ED11AF084
:10E5A0008FFCD8B1FDF74AFD90F8A432B3B9FDF75E
:10E5B00045FD90F8A232022B10D10AF0DDF8044696
:10E5C00060B94FF6FF739D4208D0FDF737FD80F824
:10E5D000A242BDE83840024801F058B838BD00BF3B
:10E5E00019E6000010B5FDF729FD0024A0F8A642A9
:10E5F000A0F8A842FDF722FD80F8A442FDF71EFD19
:10E60000022380F8A2322246BDE81040FE210148D4
:10E6100019F0B6BFBDE0000070B505460AF0A6F8D7
:10E620000646FDF70BFD90F8A232022B54D00C21C8
:10E63000284615F005FB0123837100230680C37172
:10E6400046800446FDF7FAFC90F8A23253B1012B44
:10E6500014D000236FF0200240F6470143F204700B
:10E6600034F05DFD02212520FDF74EFB70B9FDF76A
:10E67000E5FC90F8A232013380F8A232022100209A
:10E68000FDF742FB0028E4D0002300E0252323818E
:10E69000D0F81530B3F80130A380FDF7CFFC114955
:10E6A0000446284634F0F2FF84F8A302FDF7C6FCC6
:10E6B00090F8A332FF2B07D0BDE870404FF4A5625D
:10E6C0000021094819F0F0BDFFF78CFF2846BDE88E
:10E6D00070400021FCF71EBA2846BDE8704015F0D6
:10E6E000FBB900BFB5E800009DE000002DE9F04156
:10E6F00088B005460AF03AF8ADF81E00FDF79EFC1A
:10E7000090F8A4320BB1FDF799FCFDF797FC90F857
:10E71000A2421CB3012C61D06FF00304FDF78EFC04
:10E7200090F8A532013380F8A532FDF787FC90F808
:10E73000A232002B7DD0FDF781FC90F8A232012B94
:10E7400005D1FDF77BFC90F8A532002B78D1002C89
:10E750007FD02946404819F0A3FC7AE0284615F0FE
:10E76000C5FA04700646FDF769FC037821465A1C79
:10E7700002707370B470F01C34F0CAF8012134F0E8
:10E78000C7F8022106462520FDF7BEFA0746FDF729
:10E7900055FC3F7890F8A4823846FDF7EDF9252323
:10E7A0003146CDE902030223CDE9008704940DF13F
:10E7B0001E0228462DF0BAFF04460028AED1FDF710
:10E7C0003DFC0678FDF73AFC013E80F8A36240F27A
:10E7D0003B122146214819F067FDA6E7284615F0AF
:10E7E00085FA002606700446FDF728FC03784FF6EC
:10E7F000FD715A1C02706370A670E01C34F088F83A
:10E80000022104463046FDF77FFA0746FDF716FC65
:10E810003F7890F8A4823846FDF7AEF902232146EE
:10E82000CDE90366CDE90170CDF800800DF11E023F
:10E83000BFE7FDF703FC90F8A532022B7FF67BAF14
:10E84000FFF7D0FE0021002C14BF28460846FCF735
:10E8500061F908B0BDE8F081EDE6000061EC03006D
:10E8600038B5FDF7EBFB90F8A232022B1ED0FDF776
:10E87000E5FB90F8A432CBB10022FE210C4819F040
:10E880007FFEFDF7DBFBB0F8AA42FDF7D7FBB0F83F
:10E89000AC0233F0FCFF0546FDF7D0FB2C44C0F87A
:10E8A000A642BDE838400020FFF708BC38BD00BFD5
:10E8B000BDE00000F8B5054615F062F9467804465B
:10E8C000A6B90778FDF7BAFB90F8A332BB420DD189
:10E8D00023795BB1FDF7B2FB6379324680F8A4324D
:10E8E000FE21054819F04CFEFFF7BAFF2846BDE8A7
:10E8F000F84015F0F1B800BF9DE00000002307B517
:10E9000001210093044A054B40F202402EF00DFF16
:10E9100003B05DF804FB00BF65F5030063F5030079
:10E920002DE9F74F1C21054615F084FB038A80462C
:10E930000A2B40F0BF80614B93F800A0BAF1000FA2
:10E940003BD0284615F036F9022840F2958028463B
:10E9500015F016F90446002800F08E808078FDF747
:10E960008FFBA07068BBE078211DFCF73FFE061D01
:10E970002846F6B215F01EF9284615F01BF9864216
:10E980007AD83146284615F01BFA002C74D000279F
:10E990004FF0FF393E46A378002B38D0284615F0BB
:10E9A00009F9022806F101060DD8F6B2002E66D04C
:10E9B0000022414628462FF099F8504603B0BDE8A2
:10E9C000F08F0326D8E7284615F0DAF80446002829
:10E9D000EBD08078FDF754FBA070A8B9E078211D3A
:10E9E000FCF704FE00F1040B28465FFA8BFB15F0E0
:10E9F000E1F8284615F0DEF88345D6D85946284672
:10EA000015F0DEF9F6B2C6E74FF0030BF1E7238805
:10EA1000012B25D12779284615F0CCF80228C5D935
:10EA2000284615F0ADF804460028BFD08078FDF7E1
:10EA300027FBA070E8B9E078211DFCF7D7FD00F1B5
:10EA4000040B28465FFA8BFB15F0B4F8284615F046
:10EA5000B1F88345AAD85946284615F0B1F99AE786
:10EA600023B9201D2DF026FE8146D4E70136F6B2EB
:10EA7000D1E74FF0030BE9E700274FF0FF3907F02C
:10EA80000903092BB8F801200ED1002A0CBF04217C
:10EA900003210B4B1C68002C8AD098F80B30002007
:10EAA000CDF80090A04783E7FB074CBF0221C7F3D6
:10EAB0004001EEE74FF0000A7FE700BFAD94002071
:10EAC000FC700020F0B583B03C4B00AF1A78FAB16F
:10EAD00000223B491A703B4B0A7019783A4A3B4B6B
:10EAE0006C4688B0002918BF13466A463849394831
:10EAF000C2E905134FF400739383374B4FF4E6518B
:10EB000042F8103F30F094FDA5460C37BD46F0BDED
:10EB1000324D2B78002BF8D10124314A13789C40D8
:10EB2000B4F5617F44DC0133782C137043D92DF0A8
:10EB3000E7FA01462B4B2C48002908BF184643F63C
:10EB4000FF332A4A002102FB04334FF47052B3FB17
:10EB5000F2F200F013FD444238B32046FAF7C4FE47
:10EB60006E468CB06B462249D861C3E90514214931
:10EB700003F1100279602049381D196240F22631F4
:10EB800003F12B04596203F1270110F801CB01F8BE
:10EB900001CF8C42F9D119490E4819614FF46151E6
:10EBA00030F046FDB54600F001FE01232B70ACE7C6
:10EBB0004FF46174BBE70C48C1E700BFB29400207A
:10EBC000B3940020AF940020588A04000E990400EA
:10EBD00013990400D868040003000001B1940020D8
:10EBE000B094002059AB000023F6030040420F0010
:10EBF000378804000103020444990400060000025F
:10EC0000044B1B7823B1044B1B780BB1FFF75ABFA1
:10EC1000704700BFB4940020B3940020F0B583B0D7
:10EC2000003818BF01202F4D2F4C2B7800AF2070DB
:10EC300003B3FF212D4800F0F1FC2D4B00284DD1EE
:10EC400021782C4A18702C4B6C4688B0002918BFCC
:10EC5000134628706A4629492948C2E905134FF42A
:10EC600000739383274B4FF4E65142F8103F30F086
:10EC7000DFFCA546FF21244800F0D0FC10F11C0F5A
:10EC800029D0444238B32046FAF72EFE6D468CB0A8
:10EC90006B461E49D861C3E905141D4903F11002F2
:10ECA00079601C49381D196240F28F3103F12B0441
:10ECB000596203F1270110F8016B01F8016F8C42D2
:10ECC000F9D115490E4819614FF4615130F0B0FC8B
:10ECD000AD4600F06BFD0C37BD46F0BD01221A7049
:10ECE000C8E700BFB3940020AF94002023F60300D0
:10ECF000B2940020588A04008A99040013990400F1
:10ED0000D8680400030000011DEC000037880400EF
:10ED10000103020444990400060000020121F0B539
:10ED2000224B83B019700023214A22481370224AD3
:10ED300000AF1370214A1370214A1370214A1370D7
:10ED400043F2DD2200F01AFC444238B32046FAF7C1
:10ED5000CBFD6D468CB06B461B49D861C3E90514E9
:10ED60001A4903F1100279601949381D196240F2FD
:10ED70004F3103F12B04596203F1270110F8016BA5
:10ED800001F8016F8C42F9D11249134819614FF40F
:10ED9000615130F04DFCAD4600F008FD03210F4AF3
:10EDA0000D4830F041FC0C37BD46F0BDB394002057
:10EDB000B29400201DEC0000B1940020B09400201B
:10EDC000AF940020AE9400203788040001030204B1
:10EDD0004499040006000002D86804008F990400DA
:10EDE00008B51AF01DFA80B9084B1B786BB1084BB7
:10EDF0001B7803F0FF0243B9064B1A70064B1B78D1
:10EE00001BB9BDE80840FFF789BF08BDB4940020D6
:10EE1000AF940020B1940020B39400202DE9F84F66
:10EE20001C469DF828300746884691466BB1661E01
:10EE3000002B14BF4FF0FF3A4FF0010A0025DFF816
:10EE40002CB024B92846BDE8F88F1E46F0E75A4694
:10EE500019F80630A8EB05017819F8F7A5FE002887
:10EE6000F1DB013C05445644E4B2EAE7B199040001
:10EE70002DE9F0414FF000088AB002AF3946044650
:10EE8000C7F8008033F0B7FD0646204615F012FAA9
:10EE9000044634F05BF9182E05461CD8182E20D8ED
:10EEA000DFE816F0AF0037002802AE011F00A10016
:10EEB000C2001F001F001F00FA00380132021F00AD
:10EEC0001F001F001F001F00AF00C7011F001F0011
:10EED000E30127002C02302E00F0CA813A2E00F008
:10EEE000168203213346AD4AAD4800942BF0CAFE8A
:10EEF00087E01CB12346AB4A032191E00321AA4AD3
:10EF0000A74830F091FB2046FFF77AFE0124013C30
:10EF10003FE10120FDF796F8444238B32046FAF766
:10EF2000E3FC6D468CB002ABA049D861C3E905147F
:10EF30009F4903F11002F9609E4907F10C00196224
:10EF4000F92103F12B04596203F1270110F8016B39
:10EF500001F8016FA142F9D19749914819614FF425
:10EF6000615130F065FBAD4600F020FC0120FDF75B
:10EF70007BF8444238B32046FAF7B6FC6D468CB0B5
:10EF800002AB8A49D861C3E90514894903F110022B
:10EF9000F960884907F10C001962FA2103F12B048A
:10EFA000596203F1270110F8016B01F8016F8C42DF
:10EFB000F9D181497A4819614FF4615130F038FB39
:10EFC000AD4600F0F3FB01227C4B75481A7003211B
:10EFD0007B4A30F029FB0020FBF708FB04460020A9
:10EFE000FFF70EFE93E70321764A6D4830F01CFBD5
:10EFF0009CB95DB1744A0321694830F015FBFFF7F5
:10F00000EFFE0020FFF7FCFD0024C2E003216F4A61
:10F01000634830F009FB0420DEE723466C4A0121F7
:10F020005F4830F003FBECE784BB21460D22FC6017
:10F0300007F110002BF0CDFF07F10C04381D19F07B
:10F040005DFF112120463A1D30F0F5FA002803DA61
:10F05000204660492BF07AFF0020FFF7DFFD11F01A
:10F0600091F86D468AB0438802AA5B49D3614FF498
:10F0700000731384594BC2E9051449484FF41351E6
:10F0800042F8103F30F0D4FAAD46BAE708B1544A1E
:10F09000B1E72346534AC2E794BB21460D22FC60E8
:10F0A00007F110002BF095FF07F10C04381D19F043
:10F0B00025FF112120463A1D30F0BDFA002803DA61
:10F0C000204644492BF042FF11F05CF86E468AB0AE
:10F0D000438802AA4449D3614FF4007313843F4B21
:10F0E000C2E905142E484FF4135142F8103F30F096
:10F0F0009FFAB546002D84D00020FFF78FFD80E7F2
:10F10000234628B10321394A254830F08FFA76E7A3
:10F11000374AF1E674BB21460D22FC6007F110006E
:10F120002BF057FF07F10C04381D19F0E7FE1121F1
:10F1300020463A1D30F07FFA002803DA20462549A0
:10F140002BF004FF11F01EF86D468AB0438802AA26
:10F15000D3614FF4007327491384204BC2E905148F
:10F160000F484FF4135142F8103F30F061FA02207B
:10F17000AD4631E7234603211F4A094830F056FACD
:10F18000422204211D4800F0F9F904460020FFF74F
:10F1900037FD20462037BD46BDE8F081979E04002C
:10F1A000D8680400B6990400F69904003788040072
:10F1B000010302044499040006000002B4940020F4
:10F1C000239A04003C9A04005E9A0400759A040095
:10F1D0008D9A0400BC9A0400C49A04000400000143
:10F1E000189B04004B9B04008B9B0400CE9B0400E7
:10F1F000FF9B04003A9C0400959C0400EDA50000D0
:10F20000A4B93B6803211B79574A584830F00EFADD
:10F2100033F09CFF00287FF4F2AE554D6B79002B44
:10F220003FF4F9AE30F012FA6C71F4E62346514A1D
:10F23000F5E63D680D220021C7F80C8007F11000AB
:10F2400007F10C042BF0C5FE11212046AA1D30F059
:10F25000F2F9002803DA204647492BF077FEAB7B12
:10F260006D468AB002AA454900E719F063FCC8E67A
:10F270003E680D224146C7F80C8007F11000341D8E
:10F2800007F10C052BF0A5FE22461121284630F08F
:10F29000D2F9002803DA284637492BF057FEB18906
:10F2A000B37B6E468AB002AAC2E9075340F201332B
:10F2B00033489384334BC2E9050142F8103F4FF4C1
:10F2C00033512A4830F0B4F90022B54611462046A1
:10F2D0003B1D14F02DF800287FF493AE0221204648
:10F2E0001FF0F4F800283FF48CAE3979264800F07E
:10F2F00095F986E63B68254A9B88FDE50221244A6C
:10F300001A4830F091F97CE62346224AF4E5F4B934
:10F3100021460D22FC6007F110002BF05AFE07F188
:10F320000C04381D19F0EAFD112120463A1D30F079
:10F3300082F9002803DA20460F492BF007FE10F06F
:10F3400021FF6E468AB0438802AA1349C3E62346CA
:10F3500040B10321114A054830F068F9104B83F899
:10F3600000804EE60F4AC7E5BC9C0400D868040044
:10F3700018320020DA9C0400BC9A0400FF9C0400B0
:10F38000329D04000500000129FE0100709D04006B
:10F39000A59D0400BB9D0400E69D0400399E040069
:10F3A000B1940020639E040008B548B1002019F014
:10F3B00081FD064A0321BDE80840054830F034B914
:10F3C000012019F077FD034AF4E700BFC59E040051
:10F3D000D8680400E99E040008B533F0CDFE012290
:10F3E000024B1A7033F0B0FEFCE700BFB694002069
:10F3F0000022F0B5404B87B0D3E8EF1FC3E8E02F01
:10F400000028F9D13D4C6946204631F0F6F9002834
:10F410006FD19DF80030072B0CD8DFE803F0041201
:10F420001A484F53575F9DF80C10019818F00AFFC7
:10F430001D305BD0002200236946204607F0CEFE37
:10F44000E1E7BDF80E209DF80C10029818F014FFAB
:10F45000EEE731F0ABFC4FF47A75A0FB0507002313
:10F4600047F6122205FB0171F3F76CFD049E059B24
:10F4700086428B4119DB31F099FCA0FB050747F66A
:10F480001222002305FB0171F3F75CFD43F6FF3206
:10F490004FF47053361A05FB0622B2FBF3F29DF8C7
:10F4A0000C10019819F050F8C2E70122F7E700228A
:10F4B0009DF80C10019819F063F8B9E7019832F043
:10F4C00086FEB5E7019832F09BFEB1E7BDF80C204F
:10F4D000BDF80E10029832F0ADFEA9E7BDF80C2081
:10F4E000BDF80E10029832F0C0FEA1E7044808F003
:10F4F00033F907B0F0BD00BF04710020AC13002049
:10F500000871002007B51349134831F080FA002034
:10F5100019F014FC002019F017FC19F077FC33F0F7
:10F52000B0F815F059FA33F074F8684600F0D2FBE1
:10F53000684619F0D5FC002019F0FAFC012019F0FA
:10F540005BFD4FF480302CF0D1FD002003B05DF85E
:10F5500004FB00BFDDF7000008710020014807F040
:10F560000FBF00BF981300204FF0FF324FF0FF3362
:10F57000014807F08DBE00BF98130020F0B5244B62
:10F5800006461F680D46144687B077B130F05CF828
:10F5900087420AD1EFF305833BB92246294630461C
:10F5A00007B0BDE8F04018F0CFBF18220021684630
:10F5B0002BF00FFD022301968DF80030ADF80C50B2
:10F5C00031F0F4FB4FF47A754FF47053A0FB05064D
:10F5D0005C4347F61222002305FB0161F3F7B2FCFE
:10F5E000B4FBF5F4241841F10001CDE904410022F7
:10F5F00000236946074807F099FD044628B90648E4
:10F6000008F0AAF8204607B0F0BD6FF01C04F9E737
:10F6100000710020AC1300200871002070B5184B59
:10F6200005461E680C4686B06EB130F00DF8864275
:10F6300009D1EFF3058232B92146284606B0BDE86C
:10F64000704018F09DBF1822002168462BF0C1FCC5
:10F65000032301958DF80030ADF80C400022002303
:10F660006946084807F062FD044628B9064808F0D4
:10F6700073F8204606B070BD6FF01C04F9E700BFB8
:10F6800000710020AC1300200871002030B5164B2B
:10F6900004461D6887B065B12FF0D6FF854208D1BA
:10F6A000EFF305832BB9204607B0BDE8304032F0B8
:10F6B0008EBD1822002168462BF08BFC0423019498
:10F6C0008DF80030002200236946084807F02EFD1F
:10F6D000044628B9064808F03FF8204607B030BD78
:10F6E0006FF01C04F9E700BF00710020AC1300208C
:10F6F00008710020F0B51A4B06461F680C461546E7
:10F7000087B077B12FF0A0FF87420AD1EFF30583CE
:10F710003BB92A462146304607B0BDE8F04032F0FA
:10F7200089BD1822002168462BF053FC062302965F
:10F730008DF80030ADF80C50ADF80E4000220023DB
:10F740006946084807F0F2FC044628B9064808F064
:10F7500003F8204607B0F0BD6FF01C04F9E700BFC6
:10F7600000710020AC1300200871002008B5084B80
:10F770001A785AB901221A702FF093FF2FF07FFFE9
:10F780002FF08AFFBDE808402FF088BF08BD00BFFA
:10F79000B594002010B50124034BC3F8004500F0D8
:10F7A0000FFD2046F6F7A6FB00E0105008B501213A
:10F7B000054A06482BF053FAF6F770FE2FF074FF57
:10F7C0000020FFF7E7FF00BF209F0400D06804007F
:10F7D0000146014808F08CBE7806002010B586B0BE
:10F7E0000F48694631F009F890B901210D4BD3E873
:10F7F000EF2FC3E8E01F0028F9D18A4208D00A4C55
:10F800000021204618F01EFD20B90320FFF7E0FF7D
:10F8100006B010BD002147F6122008F04FFBEFE7BD
:10F82000AC13002004710020F1F3000073B5002533
:10F830000446009531F0BAFA14F11F0245F10005B3
:10F840005209064642EAC5626B090121094808F0DF
:10F85000F7FD0948694601AA31F051FC009B13B13C
:10F86000054831F049FC31F0A1FA801B400102B09B
:10F8700070BD00BF640600207806002010B588B077
:10F8800000220023CDE90623002303220A4CCDE900
:10F890000323CDE9013300934FF4A0522046074BD8
:10F8A000074908F051F8074B18602046064908B090
:10F8B000BDE8104031F0E9B858320020D9F300001B
:10F8C00030A90020007100203B9F040008B50448C7
:10F8D00031F039F80220FFF77BFF002008BD00BFA0
:10F8E0004C71002047F6FF7399421FBF2E224B3107
:10F8F000C1EB012191FBF2F108BF0122044B16BFBD
:10F90000C9B21A7683F82010014807F0A7BD00BFDE
:10F9100024710020002313B5ADF80630064BADF876
:10F9200004001B6805481C690222012101AB006824
:10F93000A04702B010BD00BF1C7100202071002044
:10F9400013B5064B01901B6805481C690022012174
:10F9500001AB0068A04702B010BD00BF1C710020C1
:10F96000207100200023012213B5ADF80630064BAC
:10F97000ADF804001B6805481C69114601AB00681E
:10F98000A04702B010BD00BF1C71002020710020F4
:10F99000F8B50023104C23764FF4705358434FF4BE
:10F9A0007A73B0FBF3F0E0614FF0FF324FF0FF33BA
:10F9B000204607F079FD094D094F0A4EE1693B6881
:10F9C0003246DB6A286889B2984700B9F8BD4FF41F
:10F9D000FA7031F05EF9F1E7247100202071002007
:10F9E0001C710020E5F800002DE9F0410546134C9C
:10F9F000134E144F4FF0FF334FF0FF320F4807F014
:10FA000053FD237E3BB994F820302B700B48BDE8A2
:10FA1000F04107F023BD0023DFF82C802376E16955
:10FA20003B684246DB6A306889B298470028E1D0DB
:10FA30004FF4FA7031F02DF9F1E700BF2471002086
:10FA4000207100201C710020E5F8000008B5044B6F
:10FA5000044A1B680146DB6810689847002008BD0F
:10FA60001C7100202071002010B50446044B054A8B
:10FA70001B6801465B6910689847034B1C7010BDFA
:10FA80001C7100202071002086090020014B1B788A
:10FA9000037070478609002010B586B0044618220E
:10FAA000002168462BF095FA01238DF80130064BB2
:10FAB00006481B686A4600219B6A8DF80040006872
:10FAC000984706B010BD00BF1C71002020710020B7
:10FAD00008B5054B054A1B681068DB699847022288
:10FAE000034B5A7008BD00BF1C710020207100201C
:10FAF0008609002008B5054B054A1B6810681B6A7B
:10FB000098470022034B5A7008BD00BF1C710020AB
:10FB10002071002086090020024B5878831E58422D
:10FB20005841704786090020024B5878003818BFAA
:10FB300001207047860900202DE9F0410026137846
:10FB400086B0511C023B9BB20391059104460021F3
:10FB50000020CDE900660296ADF81030ADF8123005
:10FB6000F8F768FA054638B1294F012C3E6007D0F6
:10FB7000032C2FD02BF0E6FC002006B0BDE8F0816E
:10FB80000322DFF89880234B234E5A70D8F80030B8
:10FB900030685B689847D8F8003010F0100FD3F841
:10FBA00018802A466B460CBF214602213068C047A8
:10FBB000044628462BF0C6FC0222164B14F1230FF4
:10FBC0005A7013D0FCB9386814F0AAFF0120FFF76F
:10FBD000FFFD16E00F4B02465C70104B0E481B6891
:10FBE00031469C6900686B46A047E1E7042014F0A9
:10FBF000CBFF0020FFF7ECFD40F2CF20002108F002
:10FC00005DF90120B9E7012014F0BEFF0020DEE716
:10FC10004871002086090020207100201C710020FE
:10FC2000024B1868003818BF012070474C71002043
:10FC3000F8B5054608B90020F8BD00220023224887
:10FC400007F0DAFB04460028F5D000268368B3BB32
:10FC50003146284613F0F4FF074620462BF0A4FC5B
:10FC60003246394620462BF005FD284613F0B8FFF2
:10FC70004FF47A7294F84830144E00F8023C94F82D
:10FC800049300421FF2B16BFAE3B114B1BB200F8CD
:10FC9000013C236A28465E43A36AB3FBF2F714F0E3
:10FCA000C9F93E44066094F84A10284601F0010163
:10FCB00032F00CFD20462BF045FC0120BCE71A8AEF
:10FCC0005B681644C3E700BF4C71002040420F0040
:10FCD0000080FFFF074B01381B681A68137D12690B
:10FCE000591E0A4403B9704712F80119013B00F884
:10FCF000011FF7E71871002070B5104B104D186008
:10FD00000368104E1B6804462B609B68012033601B
:10FD1000FFF7C2FEFFF7F6FB0B4830F008FE0122AA
:10FD20000A48114630F024FE336828681B6A984759
:10FD30002046BDE870402BF0A2BA00BF1871002029
:10FD4000207100201C7100204C71002024710020C3
:10FD5000F8B50C46896800220B4600AFBBB9052AEE
:10FD600019D06C4688B06A461E4951611E4991619E
:10FD70004FF4007191831D4942F8101F4FF4E25176
:10FD80001B48F6F76BFCA5460120BD46F8BD188A56
:10FD90005B680244E2E7CA68127802F00702022AAE
:10FDA00004D06C4688B06A461249DEE7124D2B68D3
:10FDB00023B10121114A0E482AF051FF104E0522AD
:10FDC0003146204601F8012B2BF054FC002805DABF
:10FDD00001210C4A06482AF042FFD5E700202E6098
:10FDE000D3E700BF4C9F0400B79F0400030000014D
:10FDF000D0680400619F0400487100207C9F0400CB
:10FE0000B79400209D9F04002DE9F04106460C4662
:10FE100015468EB052B349B340B31822002108A84A
:10FE20002BF0D7F84FF440730DF1180840460693B5
:10FE30002FF018FC069B0F4F09930F4B10223146F1
:10FE4000079307A805AB0A9727F026FB07A835F00C
:10FE500036FC102322463946CDE900530598CDF8EB
:10FE6000088027F0E1FB059827F0C8FA0EB0BDE83E
:10FE7000F08100BF00444004002480002DE9F041DF
:10FE80008EB00E461446054627F0B4FC1A22002117
:10FE90000DF11E002BF09DF84FF480430DF1180872
:10FEA000404606932FF0DEFB069B104F099347F266
:10FEB000411331462022ADF81C3007A805AB0A9744
:10FEC00027F0EAFA07A835F0FAFB20232246CDE90D
:10FED000005305993846CDF8088035F0B5FB0598F4
:10FEE00027F08CFA00200EB0BDE8F0810000020976
:10FEF00070B5044600B318F02DFF01230F4DD5E86F
:10FF0000EF2FC5E8E13F0029F9D14FF47A7606FBDF
:10FF100004F0FFF78BFC4FF4705300F56F503F3047
:10FF2000B0FBF3F45C430023B4FBF6F4D5E8EF2F09
:10FF3000C5E8E13F0029F9D1204670BD6471002079
:10FF400008B501200A49F6F7D1FE20B10121094A7E
:10FF500009482AF084FE02200849F6F7C7FE30B1AE
:10FF6000BDE808400121064A03482AF078BE08BDD2
:10FF70006C710020CD9F0400D068040068710020DF
:10FF8000EF9F0400012870B515D85E18B6F5804FB4
:10FF900014D8B2B1C3B101EB80310D4800682AF02A
:10FFA00026FF38B1012103460A4A0B482AF060FEB9
:10FFB0004FF0FF3070BD6FF03800FBE76FF01600B8
:10FFC000F8E76FF00B00F5E76FF00C00F2E700BF09
:10FFD0006C71002014A00400D0680400012870B5E2
:10FFE0001C461AD85E18B6F5804F19D8DAB10BB98D
:10FFF000002070BDA40819D001EB80310D480068C5
:020000021000EC
:100000002AF00AFF03460028F2D00B4801210B4AD0
:100010002AF02EFE4FF0FF30EBE76FF03800E8E7F4
:100020006FF01600E5E76FF00B00E2E76FF00C00F1
:10003000DFE700BF6C710020D068040023A004003B
:10004000012838B5044605D90025204615F03CFAAC
:10005000284638BD084B81034FF4804218682AF0C7
:10006000F0FE03460028EFD00121044A04482AF09C
:10007000FFFD4FF0FF35E8E76C71002033A004006E
:10008000D068040013B500240C4B0D48CDE90034B2
:100090000423214600680DEB03022AF0A8FE50B9A4
:1000A000042269460DEB02002AF061FFB0FA80F0ED
:1000B000400902B010BD2046FBE700BFE737DDF680
:1000C0006871002008B5024607480B460068042105
:1000D0002AF08DFE38B101210346044A04482AF073
:1000E000C7FD4FF0FF3008BD6871002043A0040039
:1000F000D068040008B50B46114602460748043193
:1001000000682AF074FE38B101210346044A05480C
:100110002AF0AEFD4FF0FF3008BD00BF687100202F
:1001200063A00400D068040002460B46014807F0B3
:10013000AFB800BF70130020014807F021B900BF1D
:1001400070130020B0F1005F07D3064B984206D829
:10015000054B0344C3F3C7307047002070470820A5
:10016000704700BFFFFF0320FF7F00E00246B2F1AF
:10017000005F084638B51BD30F4B9A421AD8C2F31A
:10018000C732FFF7DFFF904211D94FF0FF334FF036
:10019000FF310138094CC0B2C0F11F00D4F800553E
:1001A000C34001FA02F213402B43C4F8003538BDB6
:1001B0000022E6E70822E4E7FFFF032000F00C50EE
:1001C00001490248FFF7D2BF00F00220600501207C
:1001D0004FF40071014826F061BE00BFBD940020BD
:1001E000322337B50125ADF8043000231C216846C1
:1001F000134A8DF80630ADF800508DF80230F1F753
:100200004FFE0446C0B940F25630F2F72BFF2946A4
:100210000C48F3F7D8F8044670B901462A46852001
:10022000F7F7C6F92A462146E520F7F7C1F92A462D
:1002300021468A20F7F7BCF9204603B030BD00BF45
:1002400059020100747100200149024830F0FBBBE3
:10025000A47100203033002098B500AF6C468AB0FE
:100260006A460D4BD161C2E905304FF40073138427
:100270000A4B42F8103F00234FF411510848F6F79B
:10028000EDF90023A54683F31188BFF36F8F032395
:10029000184602DFBD4698BD9AA004000400000184
:1002A0006068040037B50024134D6FF007034FF466
:1002B000806228461149009407F054FA10492846F4
:1002C00030F0E3FB0F49104830F0A1FB2246042137
:1002D0001C20F7F76DF901220C4BD3E8EF1FC3E8A0
:1002E000E02F0028F9D100232846094A094907F0E0
:1002F00077FA204603B030BD3033002030BD0020F7
:10030000AEA0040015F70300A47100207071002056
:1003100048E801005005002010B5074BD3E8AF3F77
:100320004BB1F2F795FEBDE810400023034A0449A3
:10033000044807F055BA10BD7071002048E801006C
:1003400050050020303300200122014B1A63704712
:1003500000E010500122014B5A63704700E010503A
:10036000014B00201B681847B471002020B1012800
:1003700006D10448F0F72EBC034B01201B68184738
:10038000704700BF61030100B4710020014B186089
:1003900001487047B47100200000AD0B10B51C4837
:1003A000D0E8AF3F23B9062904D8042923D839B1AE
:1003B000002010BD0729FBD1403807F04FF8F7E7C0
:1003C00050F8203CA0F14004D3E9002090470128D8
:1003D00005D00223E06384F834300E48E9E747F2A1
:1003E00030532363032384F8343004F1240384F866
:1003F0002900A363F1E700F8173C074BA0F11C01AB
:1004000040F8103C4038007EF3F71EF8D0E700BFFC
:10041000F8710020EC710020FF3F420F0122002103
:10042000014830F0A5BA00BFB8710020014BD86177
:10043000704700BFB871002070B54FF0FF3105461E
:100440004FF0FF30FFF770FE2F493048F0F71CFCEB
:100450000446FFF771FE002C08DA2D4823460121DF
:100460002C4A2AF005FC6FF00B0070BD40F201131E
:10047000294C00222385E36925626433E36247F255
:10048000305323636FF0730384F82420E36304F193
:100490004005D5E8EF3FC5E8E12F0029F9D14FF03D
:1004A000FF314FF0FF30FFF73FFE04F12401207EC3
:1004B000F2F7CAFFFFF740FE00232046174A06F076
:1004C000F3FF00282E460BDA0121154A10482AF0C6
:1004D000C6FB0123D6E8EF2FC6E8E13F0029F9D19A
:1004E0004FF0FF314FF0FF30FFF71EFE207EF2F796
:1004F0008DFFFFF721FED5E8AF3F13B1064806F0A8
:10050000F9FFE06BB1E700BFD07100209D0301004F
:1005100030680400D7A00400B87100200E720B00F0
:10052000FDA0040010B50C29036914D118680B4C08
:1005300080EAE073A3EBE07300284FF000004FEA7D
:10054000930103F0030304FB03F3BCBF49425B4286
:10055000C2E9001310BD6FF08500FBE790D00300E7
:1005600038B5064B064C9D6804222B6804490348A5
:1005700098472368002BF7D038BD00BF30670400D0
:1005800000720020044B186880EA403080EA504036
:1005900080EA401018607047007200200122024B70
:1005A0001A7026F055B900BFBD96002008B500208E
:1005B000F7F7F6FE00230549CB60054B4B6003239C
:1005C0008B60BDE808402AF0F0B900BF047200203B
:1005D0009D05010010B50020F7F7E2FE064904462C
:1005E0002AF05EFA783002D120462AF035FA00224D
:1005F000024B1A7010BD00BF04720020BD9600208F
:1006000000B2002808DB01224309044900F01F0062
:100610008240603341F82320704700BF00E100E0D2
:1006200000B20028ABBF00F16040054B00F561400F
:1006300000F00F00ACBF90F80003185C4009704751
:1006400014ED00E010B5064C0649204630F00BFAD8
:1006500000220023204607F0EDF8002010BD00BF67
:100660002834002009520000014B93F90000704724
:100670008809002070B5154E154D164C31461648A8
:1006800004F09CFF2946204605F0D4FE41F26400A8
:100690002B7862689B0003F580731A4402F13043A3
:1006A000A3F50A2383428CBF80234FF480733178F3
:1006B00041F000409850094B094A1B689B00DBB28F
:1006C0009850BDE87040044804F080BF8A090020BB
:1006D000890900208806002094060020147200205A
:1006E00080200E5010B50D4B04461868F9F784F8B9
:1006F00041F264010A4B0B4A1B7812689B00DBB283
:100700001A4402F13043A3F50A238B428CBF8023A5
:100710004FF4807344F000449C5010BD14720020CC
:10072000890900208806002008B5F9F715F8014B63
:10073000186008BD147200200C4B1B781B0103F1DC
:10074000A04202F56222D2F82C25D2075FBF03F146
:10075000A04303F56223D3F82425D3F820355ABFEC
:10076000C0E9003201200020704700BF1472002051
:10077000BFF35F8F084AD2E84F3FDBB2834203D01A
:10078000BFF32F8F00207047C2E8431F002BF2D128
:10079000BFF35F8F01207047BE96002008B5064B5F
:1007A000D3E8AF3FDB0705D52BF04FFCBDE8084091
:1007B00026F034B908BD00BF24720020002208B51D
:1007C000064B1A60F8F7C8FF054B1860F8F7C4FF2E
:1007D000044B1860BDE8084000F0ECB8207200201F
:1007E0001C7200201872002007B502460B460A4909
:1007F000D1E8EFCF4CF0010CC1E8E0CF0028F7D1F1
:10080000002101910549009105490868F8F7D0FFDA
:1008100003B05DF804FB00BF247200209D070100B7
:100820001C720020064BD3E8EF1F21F00101C3E842
:10083000E21F002AF7D1034B18682BF013BC00BF4E
:10084000247200201C72002010B5EFF3108472B6E1
:10085000074A13680133012B136005D1054B186853
:100860002BF0FCFB044B187084F3108810BD00BF04
:10087000207200201C720020BF96002038B5EFF3D4
:10088000108572B6074C2368012B05D1064B1978E9
:10089000064B18682BF0E4FB2368013B236085F3CB
:1008A000108838BD20720020BF9600201C720020E6
:1008B0002DE9F74306460D46002001211746FFF7B4
:1008C00057FF0446A0B338460027DFF86C80D8F8FD
:1008D000001000F0B3F8174B3246C3E90065CDE9CC
:1008E00000772B46D8F80000F8F762FFEFF3108985
:1008F00072B62BF0AAFB013041F10001B042A941D0
:100900000BD289F3108802210120FFF731FF84F018
:100910000100C0B203B0BDE8F08300F0B5F8D8F82C
:1009200000002BF09FFB89F310883C463946EBE72B
:100930000320EFE7583400201872002008B5032187
:100940000220FFF715FF58B100F09EF8054B18681C
:100950002BF088FB00210320FFF70AFF084608BDA3
:100960000420FCE71872002070B50421054602201F
:10097000FFF7FEFE0446B8B10C4E2846316800F081
:100980005DF83068F8F702FF05462BF05EFB084B78
:10099000D3E900239042994138BF2C46022104201C
:1009A000FFF7E6FE204670BD0846FCE718720020FF
:1009B00058340020F8B51B4D1B4E1C4F04462946E9
:1009C0001B4804F0FBFD3946304605F033FD41F28B
:1009D00064013B7872689B00DBB21A4402F1304339
:1009E000A3F50A238B428CBF80234FF480732D78AC
:1009F000204645F000459D50F8F7D2FE06462046B9
:100A0000F8F7CEFE0B4B984205D32046F8F7C8FE08
:100A1000094B984202D98023F550F8BD4FF48073FA
:100A2000FAE700BF8C0900209C0600208B090020FB
:100A3000A806002000A0085064B00850431C1AD03B
:100A400041F264010C4B0D4A1B7812689B0003F5C0
:100A500080731A4402F13043A3F50A238B428CBF02
:100A600080234FF4807340F000409850044B0548B9
:100A7000197804F0ABBD70478B0900209C0600205C
:100A80008C090020A806002041F264010B4B0C4A9F
:100A90001B7812689B0003F580731A4402F13043FF
:100AA000A3F50A238B428CBF80234FF4807300216F
:100AB0009950044B0448197804F0A2BD8B0900201A
:100AC0009C0600208C090020A806002008B504F030
:100AD00079F801F0ABF82EF07EFE01F0D3FA104861
:100AE00025F052FC2FF017F801F0A0FC01F01AFDE0
:100AF00003F002FF25F032FFFFF732FD01F02AFE7E
:100B000025F0CAFE25F010FD01F0FCFE2EF07BFE64
:100B100034F0D3FB03F078FFBDE8084003F00EBCCF
:100B2000047004007FB505460C4631B34B792BB3F6
:100B3000887900262388CDF80A60ADF80830A378BC
:100B400021798DF80D30E3780DF10A0243EA012195
:100B5000ADF80E608DF80C002FF061FA9DF80900D9
:100B60009DF8083000B933B900212A46084600969E
:100B700002AB2FF0DFF804B070BD024C01F02CFD89
:100B8000D7E700BF4CA10400064B002918BF0B4655
:100B90005A78197802B911B919462FF0D7B9104609
:100BA000704700BF46A1040037B5EFF3108372B65B
:100BB000054CD4E9124583F31088CDE90045F8F7D8
:100BC0000BFA03B030BD00BFB0380020034B1868EB
:100BD00008B190F8800000F00100704750720020CA
:100BE00008B5FFF7F3FF08B1014B186808BD00BF57
:100BF0005072002008B5082811D8DFE800F012056F
:100C00000507090714141400012008BD0420FCE79F
:100C1000064B1B7813F0100F18BF0120F5E72EF0DC
:100C2000F3FD0020F1E70220EFE700BFC6960020A9
:100C300010B5064B1C78064BE4B21878FFF7DAFFC4
:100C4000844234BF0020012010BD00BFC4960020A4
:100C5000C796002010B5044601F0B2FA044B2046B6
:100C6000012219682EF07DFFBDE8104001F040BA66
:100C70002872002010B5044601F0A2FA054B204668
:100C80001A78054B93F900102EF062FFBDE8104072
:100C900001F02EBACD960020C9960020014A1070AE
:100CA0002EF085BEC796002038B504460D4601F0EB
:100CB00087FA054B2A46214618682EF07FFEBDE8CC
:100CC000384001F015BA00BF4872002000220348E6
:100CD0001146034B00682FF095BA00BF50720020F8
:100CE0002C72002008B5064B1B7833B134F09EFA05
:100CF0003B2894BF0020012008BD0120FCE700BF75
:100D0000C5960020F0B504460E46154687B0124B36
:100D10001822002168461F682AF05BF902948DF8BA
:100D20000D608DF80E504CB1EFF3108372B60B4A84
:100D3000D2E91001CDE9040183F3108801F040FAF3
:100D400038462EF0D3FE694638462EF00CFF01F0EF
:100D5000CFF907B0F0BD00BF48720020B0380020C6
:100D600008B5074B1B7853B1AE2034F032FA30B1DE
:100D7000FFF75EFF18B1BDE8084002F087BC08BD70
:100D8000C596002010B501F0CBFD0F4B1860FFF7A2
:100D900027FF044602F038F94CB9BFF35F8F0122F8
:100DA0000A49D1E84F3FDBB213B1BFF32F8F10BD1B
:100DB000C1E8432F002BF4D1BFF35F8F0B20BDE8B8
:100DC0001040FFF747BF00BF50720020C8960020B8
:100DD000F7B5244B07461B780E461546002B37D037
:100DE00004782EF02EFE631C5B01002834D103F141
:100DF000CE000DB1A83080B234F0EBF940B3FFF76C
:100E000017FF044620B355B302F072FE25F03AFEF8
:100E1000154B18782FF0EFF8291E18BF0121134B3E
:100E200038461A7861F3C3021A7002F07FFF104B44
:100E30002A461B78314600930E4B02F025FA012E0C
:100E400007D12FF0DEF825F0C7FC10B902F06CFBDB
:100E50000024204603B0F0BD03F22E40C9E702F0A3
:100E60004FFED3E7C5960020CA960020C696002004
:100E7000C2960020CB96002073B51F4B05461B7809
:100E80000C46BBB3FFF7D4FEA0B31C4A137823F083
:100E900007031370FFF79AFE0646FFF7A1FE02F064
:100EA000B3F8002301A8ADF804302FF0CCF801F01E
:100EB00093FB2FF0A0F8124A29460320127801ABC9
:100EC00002F0D6F8012D09D12FF09BF825F084FC13
:100ED00020B90CB92EF098FC0123237002F00CFE0F
:100EE00025F0D0FD0EB9FFF74DFFFFF7EFFE002212
:100EF000044B1A6002B070BDC5960020C696002053
:100F0000C39600204C7200207FB52EF0B2FD18224F
:100F1000002168462AF05DF8054B6946186802F022
:100F200011FF69460220FFF7BFFE07B05DF804FB22
:100F30004872002010B5114B1B78EBB1FFF778FE1B
:100F4000D0B10F4C204634F0C1F834F06FF9B0F551
:100F5000C07F11D32268C009831EB3EBD21F4FEAB2
:100F6000D2108CBF0022A2EBC312226098BF184699
:100F7000BDE8104002F0BABB10BD00BFC59600200E
:100F80004472002010B5044602F0CEFA082C1ED898
:100F9000DFE804F0211D051D0B131D1519000021AC
:100FA000BDE810400846FFF767BF0122BDE81040CA
:100FB000094B00211868FFF70BBF0022F6E7BDE8D8
:100FC0001040FFF7B7BFBDE81040FFF7C9BEBDE84E
:100FD00010402EF019BC10BD4872002010B586B02C
:100FE00008284FD8DFE800F03333050F24243542BA
:100FF000480061B301220620254B196806B0BDE800
:1010000010402EF0AEBD0022224C0621236883F84A
:101010008020214B18682EF06BFD204B20681A7839
:101020001F4B93F9001006B0BDE810402EF090BDA4
:101030001C4C18220021684629F0CBFF6946206825
:1010400002F080FE6A46062120682EF0B7FC06B04A
:1010500010BD144C18220021684629F0BAFF6946D9
:10106000206802F06FFE6A460521EDE7012006B018
:10107000BDE810402EF098BD012006B0BDE810403C
:101080002EF0A4BD06B0BDE810402EF0BDBB00BFE1
:1010900028720020507200204C720020CD96002053
:1010A000C9960020487200202DE9F04106461746F7
:1010B00000F0AEFF054680B11F4C2378022B10D004
:1010C0002278022AD3B216D04FF00008022B17D98B
:1010D000033B052B12D92EF097FB00252846BDE8CF
:1010E000F08101F077FF22788046022AD3B2EDD159
:1010F00036B90028F1D14FF0000801E0002EECD005
:1011000002F012FA2378022B0AD100220B4B0C4872
:101110001A7025F06BFC33F0D8FF20782EF047FCD6
:101120002378072B01D133F0D2FF002FD6D04146D0
:101130002078FFF753FFD1E7C7960020C196002023
:101140006034002010B5FFF7AFFF044658B1074BDD
:101150001B782BB10120FFF7A1FD02F073FA10B943
:101160000020FFF79BFD204610BD00BFC596002064
:1011700073B50D461E46FFF797FF044628B334F0BB
:10118000B7F838B101F08CFA421ED2B2022A01D966
:101190002EF03AFB03220E4B02201A700D4B1E60FC
:1011A0000026FFF77BFD6B1F584258410DF10701E8
:1011B0008DF80760FFF760FE9DF807302BB102F055
:1011C000B3F931463046FFF757FE204602B070BDF6
:1011D000C3960020287200202DE9F041704A044691
:1011E000137886B0107003F0FF0783BB002800F06F
:1011F0009C8001F0C1FD01226A4B1A7025F032FC7F
:10120000694E3578EDB22846FFF7F4FC8046284653
:10121000FFF7F0FC4745C0F08B8084426DD23578F3
:1012200002210120EDB200F0F3FE08B92EF0ECFA35
:10123000022D40F08D8001F0CDFE074602F074F9DA
:10124000002F00F098800620FFF704FD94E00028AE
:10125000D6D1544B1A78002A4FD0534D18702B78A2
:10126000022B02D101F0B6FE044601F011FE25F07A
:1012700001FC25F0B9F90221012000F0C9FE08B9EE
:101280002EF0C2FA2B78082B4AD8DFE803F0360597
:101290000B12252539363600002006B0BDE8F04196
:1012A000FFF7FCBC4CB3052006B0BDE8F041FFF7EA
:1012B000D1BC0220FFF7F2FC00223C4C0421236841
:1012C00083F880203A4B18682EF012FC206806B094
:1012D000BDE8F041FFF7CEBC0220FFF7DFFC18228B
:1012E0000021684629F075FE324B6946186802F005
:1012F00029FD69460420FFF7D7FC06B0BDE8F08160
:101300000220FFF7CBFC18220021684629F061FE7D
:10131000284B6946186802F015FD69460520EAE782
:1013200006B0BDE8F0412EF06FBA25F05DF967E731
:101330008442E2D33378204A022F1278DBB205D1FF
:10134000042C03D1042B01D1032AD6D030781FE01E
:1013500002F0EAF8082D20D8DFE805F00D0D1F0A8D
:10136000050A0A0D0D00154B1A786FF304121A7056
:101370000220FFF793FC002728463946FFF72EFE90
:101380003578EDB22846FFF735FC8442B5D32846C0
:1013900006B0BDE8F041FFF7F5BD2EF035FAEAE7FB
:1013A000C4960020C5960020C796002050720020E9
:1013B0004C72002048720020C0960020C696002083
:1013C00008B5054B1B78062B01D02EF01DFABDE8A1
:1013D00008402EF090BB00BFC796002008B51A4BFE
:1013E0001B78022B01D02EF00FFA184B1B789B07AD
:1013F00001D42EF009FAEFF3108172B6144AD368C3
:101400000133D36081F3108801F04AF901280FD02D
:10141000022813D0002033F05FFE98B100220D4B5C
:101420000D481A7025F0E2FABDE8084033F04ABED4
:101430000022084B08481A7025F0D8FA022033F031
:10144000F7FEE7E708BD00BFC7960020C39600205F
:10145000B0380020C1960020603400202DE9F84308
:10146000DFF884915C4D99F800308046022B2C798E
:1014700001D02EF0C9F9042C15D8DFE804F0031AC6
:101480000714180001240126274601E00424002641
:101490002B685B7803F00703052B0CD14F4A1378B8
:1014A00043F00103137000242046BDE8F8830524AF
:1014B000EDE70224E7E72246414647482EF0C2FE08
:1014C000F0B13EB13946444803F04CF8064608BB3B
:1014D000022F0AD001F04CF8022C37D0042C67D030
:1014E000012C67D1EC7C013432E03C4A3846137859
:1014F00043F00103137033F09BFE2EF0D0FEE9E7BA
:1015000001F036F820B12B6893F90030002BE3DCB2
:10151000012607E001F02CF820B12B6893F9003088
:10152000002BD9DC02F000F800210846FFF7A4FCEC
:1015300099F800002EF03BFA2B685B7803F0070364
:10154000022BB0D03046FFF785FBACE72C7D023490
:10155000E4B2224E33785A0718D4DFF89080286816
:10156000D8F800301A782EF063FA531C5B0118BBD0
:1015700003F1A00033F02DFE074600B33378D8F80E
:10158000000043F0040333702EF0B3FA3378DB0726
:101590008AD528682EF04CFA002885D001F004F88E
:1015A000002881D00C482EF081FE0D4B18607BE79F
:1015B0006C7D98E70024CCE703F53070DAE701F0A2
:1015C000B3FF39463846FFF757FC064B012219682E
:1015D00005202EF0C6FAD9E72C720020C69600200E
:1015E0004C72002028720020C79600205072002004
:1015F00013B5114C2378022B01D02EF005F90F4AB8
:10160000137823F007031370FFF760FB20780024A2
:101610002EF0CDF901A8ADF804402EF014FD084AD3
:101620002146127801AB032001F022FD0220FFF7D2
:1016300011FB02B010BD00BFC7960020C696002067
:10164000C396002008B5054B1B78062B01D02EF061
:10165000DBF8BDE80840FFF757BC00BFC796002085
:101660002DE9F047614EDFF8A08135682EF0B5F91D
:101670005F4B604F18702B782B4413F8010C2EF041
:101680008DFC00B28000FF2828BFFF205A4B0622A5
:101690001870D8F80030404619780131C9B22EF0E0
:1016A000D1FD8146002847D03B78D90744D4032197
:1016B000404602F057FF044680B94FF4087033F0FB
:1016C00088FD00283AD03B7823F0050343F005035A
:1016D0003B702EF0E4FD30682EF00BFA3B78DA0711
:1016E0002ED5EFF3108272B6444C63680133636009
:1016F00082F310882EF079F902460B46EFF3108141
:1017000072B6C4E9122381F3108833F0DDFC3B7814
:10171000DB0727D43A4B18782EF049F96B7803F0A1
:101720000703022B5AD100F023FF0146002855D1B0
:10173000BDE8F047FFF7A0BB0424CFE70524CDE7C1
:1017400000F016FF82460028CBD12D4B18782EF0E2
:101750002EF950465146FFF78FFB2046BDE8F04773
:10176000FFF778BAB9F1000FD4D0D8F800002EF006
:101770005FF90028CED000F017FF0028CAD021481A
:1017800002F0BCFA20482EF091FD204F386000286E
:10179000C0D00320FFF782FA1D4B1B78032B10D912
:1017A000386802F0C3FAC02101F03EFED8B93368B0
:1017B00083F880002EF05DF92846BDE8F047FFF77A
:1017C00059BA0421022025F01DF838B9EFF3108230
:1017D00072B6A3690133A36182F3108800223368D3
:1017E00083F88020E6E7BDE8F08700BF5072002054
:1017F000C9960020C6960020CD960020B038002063
:10180000C796002053A104002C7200204C720020C7
:10181000C496002030B51A4B87B01A78052A04D038
:101820001B78042B01D02DF0EFFF164D2B685A7852
:1018300012070AD42C68204600F012FCF0B12046B2
:1018400007B0BDE830402EF0A1B81C7833F0EEFCB4
:10185000013424018442EDD901F066FE2EF009F92D
:1018600018220021684629F0B4FB6946286802F076
:1018700069FA6A46042128682EF0A0F807B030BD46
:10188000C79600204872002070B5164B1B78032BBA
:1018900001D02DF0B9FF144D2B685A78120707D4E8
:1018A00028682EF02AF92868BDE87040F7F7F4BBE5
:1018B0001C7833F0BBFC013424018442F0D90B4C7A
:1018C000266801F031FE002223682868052183F88C
:1018D00080202EF00DF92EF0CCF83046BDE8704097
:1018E000FFF7C8B9C79600204C7200205072002044
:1018F00010B5094B1B78032B01D02DF085FF074B4A
:101900001C68002384F880302EF0B3F82046BDE830
:101910001040FFF7AFB900BFC796002050720020FB
:1019200070B52EF062F802460B46EFF3108172B6E6
:101930001F4EC6E90E2381F310881E4C1E482178E5
:1019400011F0080F10D06FF30411217001680978AD
:101950004901D431541A63F10005EFF3108372B6D4
:10196000C6E90C4583F3108800682EF06AF8044637
:10197000A0B10620FFF792F9FFF728F90446FFF718
:101980002FF901F041FB02F0B7F825F07BF801F0E8
:10199000FDFB64B9BDE87040FFF7F4B92EF069F8BB
:1019A000224621462046BDE87040FFF7ABB970BD26
:1019B000B0380020C696002048720020F0B54B4E8B
:1019C0004B4D30682C688DB0002838D0BCB363789C
:1019D00003F00703022B32D1837803F03003202B6E
:1019E00032D101786B4601310322C9B22EF00AFCD4
:1019F00028B3217806AB013103222046C9B22EF06C
:101A000001FCDDF818C09CF8023003F03003202BF5
:101A100015D19DF80970FF2F11D09DF81F10009B64
:101A2000FF290CD09DF812209DF829E038B1D81973
:101A300005D0724503D1614429F099FA70B10DB017
:101A4000BDE8F040FFF760BA2378052BF7D1A37803
:101A50009A06F4D4E278C3789A42F0D12DF0C5FF0B
:101A600002460B46EFF3108172B62248C0E91023FC
:101A700081F3108800272D68306885F88070017820
:101A80000622013106ABC9B22EF0BCFB58B3069A50
:101A9000537803F00703032B25D19DF82830FF2B43
:101AA00021D0D35C042B1ED16378DB061BD502202A
:101AB000FFF7F4F839463846FFF7DEF92DF08DFFD1
:101AC0002B7804462B4413F8010C2EF067FA02B26F
:101AD0009200FF2A28BFFF2221462846D2B2FFF7F4
:101AE00011F90DB0F0BD2DF0C4FFE7E748720020FA
:101AF00050720020B038002038B5144B1B78042BEE
:101B000001D02DF081FE124B1B789B0701D42DF0E4
:101B10007BFE2DF06AFF0D46044601F0F1FF24F034
:101B2000B1FFEFF3108372B60A4AC2E90A4583F3A4
:101B30001088094B1B78032B07D1042033F078FB66
:101B4000064B1A786FF304121A7038BDC79600203E
:101B5000C2960020B0380020C0960020C696002013
:101B60007FB5EFF3108172B60C4A1368013313602E
:101B700081F310882DF07DFF18220021684629F09E
:101B800028FA074B6946186802F0DCF8694601201C
:101B9000FFF78AF807B05DF804FB00BFB0380020FB
:101BA0004872002037B51F4D1F4C2B7883422368A5
:101BB00038BF28707F2B16D933F038FBB0F5C07FC3
:101BC0002ED32268C009831EB3EBD21F4FEAD21076
:101BD0008EBF00221846A2EBC312226003B0BDE8FC
:101BE000304001F083BD33F073FA044620B103B0F6
:101BF000BDE83040FFF79EB900F0EEFC2EF0FBF997
:101C00002DF037FF28788DF804402EF0D8F98DF8A4
:101C1000040000F0D5FA01A82DF0BDFF00F068FA2D
:101C200003B030BDCE9600204472002008B50023DA
:101C3000084A09481370094A1370094A1370094A7F
:101C4000137033F01BFB2EF0D4F9BDE808402EF0E2
:101C50001FBB00BFC796002060340020C59600203F
:101C6000C1960020C896002038B505462DF046FFE5
:101C7000044668B1074B1A7842B11B78012B05D096
:101C8000012228461146FFF75DFA044600F006FAE5
:101C9000204638BDC79600202DE9F04106460F4684
:101CA000154698462DF02AFF0446C8B10E4B1A7807
:101CB000022A0DD01B78032B0AD0FFF713F8044635
:101CC00030B1424639463046069BFFF751FA04468A
:101CD0000DB12046A84700F0E1F92046BDE8F081AB
:101CE000002DFAD0A847F8E7C79600202DE9F04765
:101CF000089F8146884616461C462DF08EFE0546F6
:101D000000286DD021463046374A2DF0EBFE0028E2
:101D100052D0012241464846FFF7C6F900284AD072
:101D2000204601F0EBFF214630462F4A2DF0DCFE25
:101D300000283ED000F0BAFCDFF8C4A094F805906B
:101D40008AF8000033F0D4FA40B100F0AFFC032869
:101D50003FD039D80138C0B2012837D84FEA4909F5
:101D60005FFA89F9214B224A83F800909AF80030F3
:101D7000D91E4B424B41117863F304111170607905
:101D8000C0F10500C0B2FEF789FF1A4B62881E60E1
:101D9000194B1A802279194B1A706279E2B9A8F1AD
:101DA0000503594259413046FFF712F8A3791BB198
:101DB00010B92DF05EFE00250FB12846B84700F09F
:101DC0006DF92846BDE8F0870428C7D02DF01CFD2A
:101DD000C4E74FF00209C5E7E279531CDAB2DEE747
:101DE000002FEED0B847ECE7BDF90300C296002003
:101DF000C696002048720020CB960020CA9600208C
:101E0000C096002030B587B004462DF006FE05468A
:101E100018B3174B1B78062B1DD1164B22681B6875
:101E20009A4218D100F0B4FB0246C8B9042101203F
:101E3000FFF788F908B92DF0E7FC18220021684661
:101E400029F0C7F86946206801F07CFF6A46052141
:101E500020682DF097FE00F021F9284607B030BD2C
:101E60006FF00103002204210120FFF781F9E1E76F
:101E7000C79600204872002070B506460D462DF02A
:101E8000CCFD0446A8B1012230461146FFF70CF9FB
:101E9000044660B1802D38BF80250022064B072004
:101EA0001D60064B1A70FEF7F9FEFFF743F800F0CD
:101EB000F5F8204670BD00BF44720020CE96002089
:101EC00010B504462DF0A9FD012384F88030BFF33E
:101ED0005F8F00220A4B1A70BFF35F8F68B1094B06
:101EE0001B7843B101F07CF828B1074B1C60FEF76A
:101EF00077FE01F089F800F0D1F8012010BD00BF95
:101F0000C8960020C59600205072002038B50546BE
:101F10002DF083FD0446B0B10C4B1B781BB100F0D3
:101F20005BFB2EF068F80A4B1B78022B09D10122CB
:101F300029461046FFF7B8F818B100210846FEF709
:101F40009BFF00F0ABF8204638BD00BFC5960020CF
:101F5000C796002010B52DF060FD044630B1044B4B
:101F60001B780BB12EF049F800F098F8204610BD10
:101F7000C596002010B52DF050FD044668B1094B00
:101F80001B7803F0FF0433B1074B1B78022B06D1FB
:101F900001F03CF9044600F081F8204610BD002411
:101FA000F9E700BFC5960020C796002038B5054662
:101FB00001F05CF910B90024204638BD2DF02DFD4C
:101FC0000028F8D0094B1B781BB9002400F066F8F4
:101FD000F2E701F04BF90028F7D02EF010F8044694
:101FE0000028FAD02DF0F9FC2870EFE7C596002004
:101FF00010B52DF012FD044630B1044B1B780BB127
:1020000000F0A0FF00F04AF8204610BDC596002061
:10201000F8B505460E460024064F57F8043B33B189
:1020200031462846984718B10134042CF5D10120D7
:10203000F8BD00BF24700400F8B505460E46002424
:10204000064F57F8043B33B131462846984718B13C
:102050000134032CF5D10120F8BD00BF1870040035
:1020600070B505460024064E56F8043B2BB12846B1
:10207000984718B10134032CF6D1012070BD00BF80
:102080000C7004000022034B1A70FF22024B1A70DE
:10209000704700BFD0960020CF96002070B5134E39
:1020A000EFF3108572B6337803F0FF0433B92DF0E7
:1020B000ABFBFF24347085F3108870BD013C14F035
:1020C000FF04F7D124F026FC20B185F3108824F01A
:1020D00011FCE5E70121084624F094FB10B18A20A9
:1020E0002DF086FBFEF7CAFBE4E700BFD096002088
:1020F00010B5074C23781B0601D52DF085FB054B49
:102100001B780BB92DF080FBFF23237010BD00BF9F
:10211000CF960020D096002010B50F4B5B68C3F31C
:102120000803ABB19CB2103B591D9AB206DA2DF0F0
:102130006BFB0A4B04F00F04185D07E0002BF8DB83
:1021400002F1604303F5614393F80003400910BDB9
:102150004FF0FF30FBE700BF00ED00E014ED00E0C2
:1021600038B50446FFF7D8FF431C08BF7F20EFF3C4
:10217000108572B6104A3CB913782BB10F4B197801
:1021800043B249B2994206D114780134E4B2012C29
:10219000147004D0012485F31088204638BDFEF762
:1021A00053FB2146204624F02DFB0028F2D08A2044
:1021B0002DF020FBEEE700BFD0960020CF96002048
:1021C00010B5094C2378FF2B01D02DF01DFB074BD8
:1021D0001B780BB92DF018FBFFF79EFF431C08BFBF
:1021E0007F2040B2207010BDCF960020D0960020F6
:1021F00038B50446EFF310830B4D2B6072B60B48D5
:102200002DF029FD08B12DF0FFFA08482DF005FD4D
:10221000047006482DF007FD0122054B1A602B685B
:1022200083F3108838BD00BF54720020587200201C
:1022300000700850F8B50D4C07460E462046152193
:1022400015462DF06AFCFF2803464FF000000CD025
:10225000282202FB0344607063F07F00C0B2A760D5
:1022600026736573FFF7C4FF0120F8BD28350020F1
:10227000F8B5114B002A114C18BF1C460D460646F6
:1022800014BF04211521204614BF002780272DF0FC
:1022900044FCFF280ED003B203EB830304EBC3031B
:1022A00001243843C0B25C701E72DD60FFF7A0FFEE
:1022B0002046F8BD0020FCE78834002028350020A7
:1022C000F8B5104C07460D46204615212DF025FC8B
:1022D000FF28064613D0282303FB00440223A760EF
:1022E000637010340FCD0FC495E8030084E8030039
:1022F00066F07F00C0B2FFF77BFF0120F8BD002031
:10230000FCE700BF283500202DE9F041114C804644
:102310000F462046152115462DF0FFFBFF280646E7
:1023200016D0282303FB00440323C4F808806370FD
:10233000277310340FCD0FC495E8030084E8030021
:1023400066F07F00C0B2FFF753FF0120BDE8F081C7
:102350000020FBE72835002038B50C4C0546152138
:1023600020462DF0DAFBFF280DD0282303FB004484
:10237000042363702B7860F07F00C0B22372FFF7F4
:1023800037FF012038BD0020FCE700BF28350020C2
:1023900038B50B4C0546152120462DF0BEFBFF2815
:1023A0000CD0282303FB0044052360F07F00C0B25B
:1023B00063702572FFF71CFF012038BD0020FCE789
:1023C0002835002038B50B4C0546152120462DF048
:1023D000A4FBFF280CD0282303FB0044062360F055
:1023E0007F00C0B263702572FFF702FF012038BD85
:1023F0000020FCE72835002038B50B4C0546152198
:1024000020462DF08AFBFF280CD0282303FB004434
:10241000072360F07F00C0B263702572FFF7E8FE0B
:10242000012038BD0020FCE72835002008B51A221D
:102430000123064906482DF0D2FB0122054BC3F8C3
:102440000423BDE8084000F07DBA00BFD19600200B
:102450005872002000700850F8B52E4BD3F80021B8
:102460005AB10022C3F80021D3F800312A4D2B4E77
:102470002B4FAA79EB799A4200D1F8BD28462DF06E
:10248000DBFB047814F0800F04F07F0404EB840479
:1024900014BF07EBC40406EBC4046378072B36D8DB
:1024A000DFE803F00412171D24292D31627B94F913
:1024B0000C10A0682DF073FA28462DF0C3FBBFF373
:1024C0005F8F00232370D4E7E168207A2DF069FA4A
:1024D000F2E7A06804F110012DF065FAECE7217B2A
:1024E000A06804F110022DF060FAE5E704F108009D
:1024F0002DF051FAE0E7207A2DF04FFADCE7207A50
:102500002DF045FAD8E7207A2DF043FAD4E72DF0E4
:102510007BF9D1E700700850587200208834002001
:10252000283500205A2310B5104C02226374012371
:10253000FF21E018A37428F04CFDFE23E370FF2375
:1025400008220021601D237128F043FD00236373DE
:102550002D230322A373E3730223E27423746275B1
:10256000042305222375A275E37510BDEB960020A8
:10257000024B587C00F00100704700BFEB96002032
:10258000024B5A7C60F300025A747047EB960020AD
:10259000014B987C704700BFEB960020014B98746C
:1025A000704700BFEB960020024B587CC0F3400000
:1025B000704700BFEB960020024B587CC0F38000B0
:1025C000704700BFEB960020024B5A7C60F38202FA
:1025D0005A747047EB960020014B587CC008704736
:1025E000EB960020024B5A7C60F3C7025A74704786
:1025F000EB960020014B93F900007047EB9600200A
:10260000014B1870704700BFEB96002000487047E0
:10261000EC96002001460222014828F0CFBC00BF02
:10262000EC96002000487047F096002001460822F2
:10263000014828F0C3BC00BFF09600200048704756
:10264000EE96002001460222014828F0B7BC00BFE8
:10265000EE96002003780146012B0BD004D9023BF3
:10266000012B0ED92DF0D0B80022084B5A734278B6
:102670009A737047054A53738378D373C37813747E
:1026800070470422024828F099BC00BFEB96002056
:10269000F89600200422014928F090BCF89600200A
:1026A000014BD87C704700BFEB960020014B187D92
:1026B000704700BFEB960020034608289BBF024AE4
:1026C0000120002053757047EB960020014B587D88
:1026D000704700BFEB960020034608289BBF024AC4
:1026E0000120002093757047EB960020014B987DE8
:1026F000704700BFEB960020014BD87D704700BFAC
:10270000EB96002008B5EFF31082074B1A6072B603
:1027100006482DF0A0FA08B12DF076F8BDE8084083
:1027200002482DF07ABA00BF607200206472002067
:1027300008B505482DF077FA0122044B9A60044B46
:102740001B6883F3108808BD647200200070085075
:102750006072002008B540222023064906482DF06B
:102760003EFA0422054BC3F80423BDE8084000F0FC
:10277000E9B800BF70380020647200200070085073
:1027800073B5484BD3F808214AB10022C3F8082199
:10279000D3F80831444DAA79EB799A4201D102B0BD
:1027A00070BD28462DF048FA03780446122B76D8DF
:1027B000DFE803F00A131D272C327575373C4146BC
:1027C0004A4F535C606A6F00C668007AFFF74CFAA4
:1027D000307028462DF036FADDE722694669837BA2
:1027E000417B007B0092A268FFF756FAF0E7A368EE
:1027F0008669417B007B0093D4E90423FFF776FAD6
:10280000E6E7D0E90206FFF7FDFAE1E7D0E9036168
:10281000007AFFF731FBDBE7C668007A2DF04CF950
:10282000D6E7D0E90206FFF74BFBD1E7C668007A8E
:10283000FFF76CFBCCE78468FFF78CFB2070C8E7E0
:102840008468FFF797FBF9E7D0E90206FFF7AEFBD4
:10285000BEE78468FFF7CCFBF0E7D0E906360093CB
:10286000D0E90423806801F08DFDB1E7846801F0B0
:1028700025FEE3E78269C669037D00920269D0E91B
:10288000020101F0D3FDA3E7D0E902062DF065FCBB
:102890009EE7D0E90316806801F08EFB98E72CF0E4
:1028A000B3FF96E7007008506472002038B5044604
:1028B000CD25FDF7D9FE14FB04F20E4B04FB02F10B
:1028C000634305FB01330C4901FB02330B4A02FB56
:1028D00000330B4A1A4482EAE273A3EBE27303F576
:1028E00000139B0D002AB8BF5B425BB2181B40B2BD
:1028F00038BD00BF0AD76300CC5DFFFFCDCCFCFF25
:10290000333333FE00230121044A0133102B82F8B4
:10291000801002F18102F8D1704700BF03970020B8
:10292000074A0023114692F8800018B103EBC31345
:10293000C81870470133102B02F18102F3D17047A0
:102940000397002010B5074C23784BB9012187204D
:10295000054A2CF041FF87202CF04AFF0123237009
:1029600010BD00BF139F0020CDFF03000122024BCA
:102970005A60DA60704700BF00500850074BD3F828
:10298000202502F0F702042A06D00022C3F82022F4
:10299000D3F8202201221A61704700BF00A008501E
:1029A00000223D4BC3F80021C3F80421C3F80821DD
:1029B000C3F80C21C3F81021C3F81421C3F818215F
:1029C000C3F81C21C3F82021C3F82421C3F828210F
:1029D000C3F82C21C3F80022C3F80C22C3F8142238
:1029E000C3F81822C3F82022C3F82422C3F82822EF
:1029F000C3F83822C3F82C22C3F83022C3F81022BF
:102A0000C3F83C22C3F84022C3F84422C3F848224A
:102A1000C3F84C22C3F85022C3F80422C3F808229A
:102A2000C3F85422C3F81C22C3F85C22C3F8002365
:102A3000C3F80C23C3F81423C3F81823C3F82023C6
:102A4000C3F82423C3F82823C3F83823C3F82C235E
:102A5000C3F83023C3F81023C3F83C23C3F8402342
:102A6000C3F84423C3F84823C3F84C23C3F85023C6
:102A7000C3F80423C3F80823C3F85423C3F81C2362
:102A8000C3F85C23C3F888244FF0FF32C3F89024C6
:102A90000122C3F8A420704700A0085008B5EDF744
:102AA0000DFDFFF763FF054AD2F8003223F48033AF
:102AB000C2F80032BDE8084001F018B900500850D3
:102AC00010B50021042001F09BF80023074CC4F846
:102AD0000034FFF7E3FF4FF4C023C4F89034012320
:102AE000E362BDE81040FFF749BF00BF00A00850F7
:102AF00008B50021042001F083F8FFF7CFFF4FF461
:102B00000042064BC3F890240022C3F8002401229F
:102B10005A62BDE80840FFF731BF00BF00A008506F
:102B200008B50A4AD2F8003223F48033C2F80032E2
:102B300008B1EDF7C3FCEDF7BBFC01F0D7F82DF0C1
:102B400067FABDE80840FFF711BF00BF005008500A
:102B500010B5094C20782DF041FA2078FFF7E0FFFE
:102B6000064A074BC2F890340023C2F80034054AE5
:102B70001371537010BD00BF159F002000A00850B6
:102B800089010600169F002008B501F069F830B9E8
:102B90000122034B1A61C3F82002D3F8203208BD8A
:102BA00000A0085008B500210748EDF77BFC50B99C
:102BB000064AD2F8003243F48033C2F80032BDE84E
:102BC000084001F089B808BD747004000050085036
:102BD00013B501A8FFF75EFD9DF805009DF80440C0
:102BE0002DF0EBF99DF807309DF806201B0643EA0F
:102BF00002432343034A43EA0023C2F8383502B0B4
:102C000010BD00BF00A0085010B500EB80040B38C9
:102C10000F2804F62E140CD92CF0F6FDB4F5166F1F
:102C200007D2A4F6381444F48074034BC3F8084761
:102C300010BDA4F51664F8E700A0085030B4194C94
:102C4000194922680023B2FBF1F23221174D4A43A1
:102C500017492B709A4205D0D1F82005C0B2F8B1BF
:102C60000133F7E70023C1F82032D1F820220122F6
:102C70000A6110492A700A880D4801320A800A49FF
:102C80002268B2FBF1F232214A439A4202D130BCAF
:102C90002CF0BABDD0F82015C9B209B10133F4E760
:102CA00030BC7047B406002040420F001E9F002039
:102CB00000A008504C92002010B50021042000F024
:102CC0009FFF41F608030B4CC4F89034EDF7F6FB78
:102CD00001F00CF8084AD2F8003223F48033C2F82D
:102CE0000032FFF743FE0023044AC4F80034537057
:102CF00010BD00BF00A0085000500850169F0020D3
:102D000008B5FFF79BFF2DF083F90121042000F0A7
:102D100077FFEDF7D3FB094A45F60910D2F80032E8
:102D2000074923F48033C2F800320023054A1370A8
:102D3000C1F89004C1F80034537008BD0050085029
:102D400000A00850169F00200021064B0722197092
:102D5000054B06481960064B1970064B196028F0A0
:102D600038B900BF1D9F002070720020169F002000
:102D7000159F00206C7200207FB5404C23780BB16A
:102D80002CF042FD00213E4B02261970FFF7EEFDAC
:102D90003C4B3D4DD3F80425684622F00302C3F8AE
:102DA0000425D3F8082542F00302C3F808250522BC
:102DB000C3F81025FFF7F4FD0F230D22C5F80035E9
:102DC000C5F8106828F005F908238DF800300123B4
:102DD0008DF806307F238DF808309DF807309DF878
:102DE00001205B0743EA02239DF802208DF805606D
:102DF00043EA02439DF8032043EA02539DF804206E
:102E000043EA825343F0C06343F00803C5F8203E11
:102E10009DF809309DF80C201B0243EA42639DF89F
:102E20000A2043EA02439DF80B2043EA026343F081
:102E30007F03C5F8283E40F20223C5F8443E134BF9
:102E4000C5F8483E00F060FEFFF7C2FEFFF7C4FB86
:102E5000FFF7DAFE2CF099FD8A202CF0C9FCD5F89A
:102E600000340BB12CF0D0FCEDF70AFB0021072059
:102E7000EDF736FB0123237004B070BD1D9F0020C9
:102E80001E9F00200050085000A008502110010093
:102E900010B5284C2378002B38D02378013B0B2B1E
:102EA00044D8DFE803F00A0A060A343B40344343BF
:102EB000340A0121042000F0A3FE00F047FEFFF7D2
:102EC0005DFDFFF7BBFE8A20FFF76AFDFDF798FB6B
:102ED000194AD2F8003223F44033C2F80032FFF727
:102EE00045FDEDF7EBFAEDF7E3FAEDF7FFFA23789E
:102EF000012B04D00320EDF7E7FAEDF7C7FA002322
:102F00000E4A2370137053705371137110BD00215A
:102F1000042000F075FE00F0E9FECEE7084B1878BB
:102F20002DF05CF8F7E700F0C5FEC6E72CF06CFC6E
:102F3000C3E700BF1D9F002000500850169F0020CF
:102F4000159F002010B5224C23780BB92CF05CFCA7
:102F50002378033BDBB2082B09D8012040F213127F
:102F600000FA03F3134203D113F02C0F28D110BD44
:102F7000002032F0B1F8012807D002280DD0002837
:102F8000F5D0BDE810402CF03FBC002032F0A6F890
:102F900032F096F80028EAD1F3E72278072AD3B274
:102FA0000AD006D8033B012BEBD8BDE8104032F025
:102FB00091B80B2BDBD0E4E7BDE8104032F08BB8C2
:102FC00032F08AF80028D2D00128DAD1DEE700BF3B
:102FD0001D9F0020014B1878704700BF169F0020EE
:102FE00008B5074B07491B784878032BDAB203D0A2
:102FF000052A01D008B9002008BD2CF005FCFAE72D
:103000001D9F0020169F0020134B70B504461860CA
:1030100000B3124E7578BDB1114B1B78032BDAB299
:1030200014D0052A14D02CF0EFFB0022002373707B
:103030000C4BC3F8D04EC3F80024D3F82025D2B2ED
:10304000022A01D101229A60284670BD064AEDE7A6
:10305000064AEBE70546F7E76C720020169F002052
:103060001D9F002000A0085050000C0010000C0014
:103070002DE9F0410E4611464FF000081F46FFF7BC
:1030800075FC0322384C394BC1F340011A70A17012
:1030900084F8018084F8008084F8058084F8068034
:1030A000054697F90000EDF777FA314B314A80B2C7
:1030B000C3F81007116800294BD0126884F801800A
:1030C000C3F8D02E2C4AC3F800240DB92CF09CFB79
:1030D0000021274AED00C2F8945EC2F83012D2F8FF
:1030E0003032C2F83812D2F83832C2F82C12D2F884
:1030F0002C32012EC2F80C12D2F80C3205BFC2F8E5
:103100000012D2F8003245F6080345F609130021F3
:10311000C2F888341948EDF7C5F9194BE8B9D3F866
:1031200040457878EDF7D6F9164B1C60FFF70AFF9B
:10313000134A3146D2F80032042043F48033C2F8F7
:103140000032012200F01AFD5EB9BDE8F041FFF740
:103150001BBD012262700C4AB5E70224C3F840454A
:10316000DFE7BDE8F08100BF169F00201D9F002013
:1031700000A008506C72002050000C007470040015
:10318000005008507072002050000800052210B551
:10319000184B19491A700868184A194B28B30020AF
:1031A00050700A68C3F8D02E164A0024C3F80024D1
:1031B000C3F80C42D3F80C22C3F82C42D3F82C22CB
:1031C000C3F83042D3F8302241F60802C3F888240D
:1031D000FFF7E8FCFFF7B6FE22462146042000F088
:1031E000CDFCBDE81040FFF7CFBC01215170064A6D
:1031F000DBE700BF1D9F00206C720020169F00209F
:1032000000A0085010000C001000080010B5114B71
:103210001B78032B1BD1104BD3F82035023BDBB2BC
:10322000012B14D80D4CA37963B90D4B18680D4BC5
:10323000B0FBF3F00C4BC0EB001043F001039847D8
:103240000123A3710120044B5861607110BD00205F
:10325000FCE700BF1D9F002000A00850169F002023
:10326000B406002040420F00706A0400014B5879F8
:10327000704700BF169F0020024BD3F8180700F0DC
:103280007F00704700A008502DE9F84F0E46111E30
:10329000154618BF012198469DF82890FFF766FB58
:1032A00006220027554BDFF87CA11A70544B8AF890
:1032B00003701970534B834698F900001D70EDF7A9
:1032C0006BF9514C80B2012DC4F81007C4F8D0BE80
:1032D00031D94E4BC4F8003400F088FCC4F81C729D
:1032E000012ED4F81C3206D1C4F80072D4F8003292
:1032F00040F2811400E080240022434B19F0020FB9
:10330000C3F84822D3F848121BBFC3F84422D3F8AD
:10331000442244F4802444F4C02419F0040F1FD044
:103320000022C3F80022D3F80032012344F0010444
:103330008AF8033014E003D1354BC4F80034CDE7EC
:103340004FF42023012EC4F80034C4F81C72D4F8C2
:103350001C3229D1C4F80072D4F8003240F2811432
:103360000027294B44F00804C3F80C72D3F80C2250
:103370008AF80470C3F8884498F80100EDF7AAF8B9
:103380003DB324492448EDF78DF8014670B9214832
:10339000EDF782F8214AD2F8003243F48033C2F8C4
:1033A000003200F099FC07E08024D9E7394619483B
:1033B000EDF772F80028EDD0FFF7C4FD04250022D8
:1033C0003146284600F0DAFBAEB9BDE8F84FFFF70A
:1033D000DBBB29461248EDF75FF810B1FFF7B2FDED
:1033E000EDE70E4AD2F8003243F48033C2F80032DF
:1033F00000F072FCF2E7BDE8F88F00BF1D9F0020CF
:10340000159F0020149F002000A00850000C0A0007
:10341000001C0A004C700400747004000050085036
:1034200060700400169F00202DE9F041394D0746D9
:103430002B780C46042B01D02CF0E6F90FB92CF0B8
:10344000E3F907233F2C2B7004D8FFF78FFA0020F5
:10345000BDE8F081304B314D1E684FF420232644E7
:103460002F4CA6F13F08C5F84485C4F8D07E00274C
:10347000C4F80034C4F80472D4F80432294B14227E
:103480001846394627F0A5FD05223946173E456006
:103490000274C660EDF700F8D5F8003280BB43F443
:1034A0008033C5F80032FFF74DFD0023C4F81C320D
:1034B000D4F81C22C4F80C32D4F80C3200F0E6FB2D
:1034C0000122164B164CDA64D3F84C25D3F840355C
:1034D000904503D9984516D9934214D32CF098FD02
:1034E000D4F82035DBB2092B0DD0D4F8043253B90F
:1034F00000F0E0FBECF7DCFF0120ECF7E5FFA4E7D0
:1035000043F40033CDE74FF4C4730120C4F888348A
:103510009EE700BF1D9F00207072002000500850E1
:1035200000A0085074720020F8B5404C23780C2B92
:1035300077D8DFE803F00E0E070F292C455B707675
:1035400076730E004FF48072394BC3F890240C232D
:103550002370F8BD0121042000F052FBECF7AEFF10
:10356000344A45F60910D2F80032314923F4803349
:10357000C2F800320023304A1370C1F89004C1F839
:1035800000345370FFF7FAF9FFF7F0F9DFE7002195
:10359000042000F035FB41F60803254DC5F89034B2
:1035A000ECF78CFF00F0A2FB224AD2F8003223F4A1
:1035B0008033C2F8003200231F4AC5F80034E0E728
:1035C00000261E4F1A4D38782CF008FDC5F800640F
:1035D0003878FFF7A5FA1A4BC5F89034164B1E71D0
:1035E0005E700123EB62FFF7C9F9B0E700F062FB00
:1035F00000230F4DC5F80034ECF75AFF0D4AD2F8FE
:10360000003223F44033C2F80032FFF7AFF98823C9
:10361000C5F89034E7E7FFF753FA98E7FFF768FA41
:1036200095E7BDE8F8402CF0EFB800BF1D9F0020E3
:1036300000A0085000500850169F0020159F002041
:103640008901060008B50F490B78013B0B2B07D801
:10365000DFE803F00815060A060606060606060C4D
:103660002CF0D2F800200BE0FFF780F902230B705A
:10367000FFF784F94FF48072034BC3F888240120CC
:1036800008BD00BF1D9F002000A0085010B5154CBC
:103690002378012B04D023780C2B01D02CF0B4F824
:1036A00008234FF4A052237000240F4BC3F80024CA
:1036B000C3F84842D3F84822C3F84442D3F844221E
:1036C0004FF4C022C3F88824FFF76CFAFFF73AFCE6
:1036D00022462146042000F051FABDE81040FFF7D1
:1036E00053BA00BF1D9F002000A0085038B5184DE8
:1036F00004462B780C2B04D02B78012B01D02CF016
:1037000083F80B232B70134B013CD3F83025C4F303
:103710001404520D52051443C3F830454FF480424F
:103720000024C3F80024C3F83C42D3F83C224FF4F1
:103730000042C3F88824FFF735FAFFF703FC22465E
:103740002146042000F01AFABDE83840FFF71CBA01
:103750001D9F002000A0085070B52CF0D2F9A84B96
:10376000D3F88824D40718D5D3F80022AAB10022B0
:10377000C3F80022D3F800220122C3F890242CF0D1
:1037800046FCA04B1B78032BDAB206D0062A1FD1C9
:103790009D4BDB780BB12CF08DF9994BD3F8882435
:1037A00010071DD5D3F80C22D2B10022C3F80C2289
:1037B000D3F80C224FF48072C3F89024914A127807
:1037C000033A042A5FD8DFE802F0065E494F58004A
:1037D0002CF01AF8E1E78C4B9B780BB1FDF7FEFD5E
:1037E000874BD3F88824510421D5D3F83822F2B17D
:1037F0000022C3F83822D3F83832824B1B78032BCF
:1038000001D02CF001F801227F4B7D4D1A70D5F8C4
:10381000303263B9D5F8944EC4F3C7042046FDF79F
:103820001DFE84423EBF00B2C000C5F8940E744B2A
:10383000D3F88824D20431D5D3F8302272B30022D1
:10384000704CC3F83022D3F830322378032BDAB22D
:103850001CD0052A39D02BF0D7FF1FE001226A4B7C
:103860005A71FDF7ADFDBBE70822C3F89024012291
:10387000654B1A71FDF7CEFFB2E70822C3F890241A
:10388000FEF702F8ACE72BF0BFFFA9E7FFF738FA25
:10389000FFF76CF80C232370FDF7AAFE584BD3F802
:1038A0008824160521D5D3F82C22F2B10022554CDC
:1038B000C3F82C22D3F82C322378032BDAB20BD0A6
:1038C000052A29D02BF0A0FF0FE0FFF7F5F90C2314
:1038D0002370FDF7B7FEE1E701224B4B5A71FFF76A
:1038E0000FFA04232370FDF7BBFE454CD4F888344F
:1038F0001D061ED5D4F81C32DBB10026414DC4F89C
:103900001C62D4F81C322B78062BDAB20BD0072AB3
:1039100027D02BF079FF0CE0FFF7CEF90C232370B2
:10392000FEF74CF8E1E7FFF713F90C232B70FDF7D6
:10393000F7FF334BD3F88824D4052DD5D3F82022B4
:1039400052B300222F4CC3F82022D3F82022217832
:103950000329CAB220D01CD8022A59D02BF054FF18
:103960001AE000F0A7F9C4F80064ECF7A1FD274ABB
:10397000D2F8003223F44033C2F80032FEF7F6FFEB
:103980004FF4C473C4F890340C232B70FDF7B0FFD0
:10399000CFE7063A012AE1D8194BD3F888249003DF
:1039A00015D5D3F8442292B10022164CC3F8442214
:1039B000D3F844322378062BDAB237D0082A38D12C
:1039C000FFF77EF80C23012023702CF066F80C4BD7
:1039D000D3F88824510357D5D3F84822002A53D06E
:1039E0000025084CC3F84852D3F848322378062BF8
:1039F000DAB221D0082A68D02BF006FF44E000BFDD
:103A000000A008501D9F0020169F00200050085065
:103A10004FF480720320C3F89024ECF755FDECF7C7
:103A200035FD012323702CF035F8B5E7FEF764F877
:103A3000CDE72BF0E9FECAE7284B1B780BB92BF03A
:103A4000E3FE274A1378012B18D91378013BDBB228
:103A500013701378012BDDB216D100F0F9F821496B
:103A6000214BC1F80034D1F848326BB1CD62FEF77A
:103A700085FF0023C1F84832D1F84832FFF768F8D3
:103A80000C232370FEF76CF8164BD3F8882412042D
:103A900017D5D3F83C22A2B10022144CC3F83C2223
:103AA000D3F83C3223780B2B01D02BF0ADFE0D4B1D
:103AB000D3F83455FFF71CF80C23E8B22370FEF757
:103AC00071F8BDE87040FEF7E9BAFEF7F9FF0C2384
:103AD000284623702BF0E1FFD6E700BF159F00209A
:103AE000149F002000A00850001C0A001D9F002009
:103AF0000048704744700400004870473C70040060
:103B000000487047347004000E4B0F4AC3F820235E
:103B1000033AC3F800230132C3F80C230132C3F87F
:103B200018230232C3F81C230632C3F844230B3A8D
:103B3000C3F8482344F2F852A3F50043C3F8042520
:103B4000704700BF00A008500700008044F2F85200
:103B5000094BC3F80825002203F50043C3F84423AA
:103B6000C3F81C23C3F81823C3F80C23C3F800239D
:103B7000C3F82023704700BF0020085030B5002450
:103B8000134BC3F83C41D3F83C41124CD4F80058D5
:103B900045F40005C4F800580F4D05440F4828604F
:103BA000C4F884000E4C12B10E4AC2F880404FF4A3
:103BB0000002C3F8BC01C3F8BC40064B0129C3F89E
:103BC000042502BF084A03F50043C3F8102130BDA5
:103BD000007008500020085000A108501700008015
:103BE00007000080005008500A000080024B034A82
:103BF000C3F82821704700BF00A0085003000080D0
:103C00004FF400030E4A30B5C2F8083500230D4DBD
:103C10000D4CC5F8BC3123500C48C0F81031C2F827
:103C20008430D2F8000820F40000C2F8000819B16E
:103C300002F54052C2F88030C5F8BC3030BD00BF3C
:103C4000002008500070085000A1085000A0085043
:103C50000022024BC3F82821704700BF00A0085083
:103C600008B5084BD3F82035DBB243B9064B2CF02E
:103C7000CFF9D3F83C01003818BF012008BD01205E
:103C8000FCE700BF00A0085000700850064B074A30
:103C9000C2F80031A2F5A042C2F8C4314FF40002CC
:103CA000034BC3F8042570471700008000A008509C
:103CB000002008504FF40002054BC3F808250023EC
:103CC000044AC2F80031A2F5A042C2F8C4317047DC
:103CD0000020085000A00850024B034AC3F880207F
:103CE000704700BF00500850070000800022024BC0
:103CF000C3F88020704700BF005008500023074AD7
:103D00001360074A1370074B18B91870064B1870E8
:103D10007047027840781A70F8E700BF8872002078
:103D2000219F0020209F00201F9F0020034B1A6826
:103D3000034B002A18BF1846704700BF8872002046
:103D4000229F002038B504460D4609B92BF05CFDD2
:103D50000E4A0F4B10780F4A1B7812682B70687050
:103D600092B10D490A780132D2B240B123B1204656
:103D7000BDE8384027F022B9084B1A78F7E71BB1A5
:103D8000064B1B78D21AF2E738BD00BF1F9F0020F8
:103D9000209F002088720020229F0020219F002069
:103DA00010B5044686B018220021684627F011F9A4
:103DB000054B6A461B882146ADF80030034B186856
:103DC0002BF0E0FE06B010BDA69F00208C720020F4
:103DD00030B5012589B0FCF7D5FB204B20221C789B
:103DE0004FF4A07305FA04F4013C04400021684636
:103DF000E4B25C4327F0EDF831F039FA02238DF894
:103E00001130174B001905936FF0020341F10001C7
:103E1000CDE900010693FEF749FC022817D004D82B
:103E2000A84209D02BF0F0FC09E00338C0B2012809
:103E3000F8D88DF8105002E004238DF81030684651
:103E400022F038FC08B92BF0DFFC09B030BD054B7F
:103E50001B78002B14BF04230123EEE7A89F00204A
:103E6000213F0100A99F002010B5044601216FF0F9
:103E7000020031F0B0F954B9FEF73EFC044B1B7858
:103E8000834204D3BDE810400120FFF789BF10BD75
:103E9000A99F0020BFF35F8F084AD2E84F3FDBB2F3
:103EA000834203D0BFF32F8F00207047C2E8431F27
:103EB000002BF2D1BFF35F8F01207047A29F00203B
:103EC00010B501210220FFF7E5FF08B9012010BD60
:103ED000104C237801332370FEF708FC0E4A137848
:103EE000984284BF01331370FEF706FC2378002448
:103EF00083420AD9094B214601201C60FFF7CAFF03
:103F00000028E3D12BF080FCE0E7FFF761FF2046BB
:103F1000DDE700BFA99F0020A89F00208C72002031
:103F20001FB5C31C044601D02BF06EFC02210120FA
:103F3000FFF7B0FF68B31A4B1C78FEF7B7FB4CB91C
:103F4000022807D104216FF0020031F062F908B9AC
:103F50002BF05AFC134B00201B88134AADF8083095
:103F6000124B03211B88ADF80E00ADF80A30104B40
:103F70001B788DF80C3001238DF80D300D4B00931C
:103F8000126802AB2BF0D6FE08B9FFF799FF04B018
:103F900010BD0121204604B0BDE8104031F01BB92E
:103FA000A99F0020A69F00208C720020A49F0020C3
:103FB000A39F0020693E010070B506460C4631F013
:103FC00056F902460B46EFF3108172B61648C0E967
:103FD000082381F3108801210020FFF75BFF08B957
:103FE0002BF012FC2379D3B16579104B22881E6027
:103FF0000F4B1A8000220F4B1A70FEF767FB0E4B17
:10400000E17818700D4B0E4A1D70A378284643EADC
:1040100001212CF004F8FFF7DBFE012070BDFEF754
:10402000DBFA0546E1E700BFB03800208C720020C3
:10403000A69F0020A99F0020A89F0020A39F0020EA
:10404000A49F0020012908B501D9012008BDBFF3B4
:104050005F8F0A4B1A78BFF35F8F002AF5D00028D4
:10406000F4D0BFF35F8F03221A70BFF35F8F00217C
:104070006FF0020031F0AFF8E7E700BFA29F002029
:1040800070B5124AA1F10803012B04460D461668CB
:104090000BD8B04207D100231360BFF35F8F0C4AE7
:1040A0001370BFF35F8F012070BD00210320FFF765
:1040B000F1FE28B1B442F6D02846FFF771FEF2E7D0
:1040C000B442F0D1BDE87040FFF7FABE8C72002018
:1040D000A29F0020064A1368834207D10023136081
:1040E000BFF35F8F034A1370BFF35F8F01207047E8
:1040F0008C720020A29F0020024608B50748436842
:10410000C16D9A4205D18A4201D12BF07DFB034853
:1041100003E058308A4218BF002008BD58390020FB
:1041200030B50C4C0546636887B0043302D02BF0E1
:104130006BFB002465B918222946684626F049FF22
:10414000A38A6A4607212069ADF800302BF01AFDDA
:1041500007B030BD0039002013B5184C6368984291
:1041600002D02BF051FB00240422022120462BF028
:1041700078FF08B92BF048FB114B05210093012073
:10418000226904F114032BF0D5FD0121606831F0A0
:1041900022F860B92BF038FB0122042120462BF0D5
:1041A00060FF40B902B0BDE810402BF02DBB4FF0CE
:1041B000FF336360F0E702B010BD00BF003900209C
:1041C0002141010070B500254FF0FF360D4C04F180
:1041D000100022F00BFC024678B90A2061682BF02F
:1041E000C0FC08B92BF010FB0122042120466660B8
:1041F0002BF037FF08B92BF007FB583405B170BD21
:104200000125E4E75839002070B50546EFF3108624
:1042100072B61B482BF010FD044619482BF012FD16
:1042200086F3108824681CB9BDE870402BF0ECBA06
:10423000EDB1FFF7C7FF31F01AF802460B46A16B4C
:104240000020891843F10005C4E908150121C4E9DB
:104250001023A46284F8480084F82C1084F84900E4
:1042600004F1100022F08AFB0028DDD170BD2A463F
:10427000072061682BF075FC0028F7D1D4E700BF58
:104280009872002073B50546FFF736FF04460028F4
:1042900043D0042202212BF0E4FEA0B901212846DC
:1042A00030F099FF08B92BF0AFFA4FF0FF3301223D
:1042B0000421204663602BF0D4FE70BB02B0BDE841
:1042C00070402BF0A1BAEFF3108672B619482BF0AC
:1042D000C2FC08B12BF098FA16482BF09EFC046043
:1042E00014482BF0A0FC86F31088FEF775F994F8BB
:1042F0005030984213D163680521009301230E4A80
:1043000018462BF0E8FC01210646284630F063FFF2
:1043100008B92BF079FA002EC7D002B070BD18464C
:10432000FEF760F905202BF0AFFD0028E3D1FFF781
:104330006BFFB3E7987200200942010070B50126B7
:104340004FF0FF350B4C042308220B490B482BF090
:1043500046FC04F110002670656030F08FFF04F118
:10436000680084F85860E56530F088FF044B1E70E3
:104370005D6070BD58390020907200209872002056
:10438000003900202DE9F041012188B08046254800
:1043900016461F460E9D2BF07EFE044600283FD099
:1043A000AB78002B39D1B6F520764FF00003C4F876
:1043B000108023722B8804F11602A3822B7969796D
:1043C000E87843EA012147F1FF372BF028FEAB786C
:1043D0004FF4167163760123A376AA796846E276D4
:1043E000EA7822766FF003026260039104218DF86F
:1043F00008308DF812300C4BCDE90067CDE905325D
:10440000ADF8101022F056F9054610B920462BF0F1
:1044100096FE284608B0BDE8F081B6F54576C4E7BB
:104420000546F6E700390020594101002DE9F04327
:1044300089B0DDF84080054640460E46174699464D
:10444000FFF75AFE20B10025284609B0BDE8F083E9
:10445000022117482BF01FFE04460028F3D0154B0D
:10446000012203634FF416730272C0F804800393B1
:1044700040F20113B5F52075ADF8103007F520773F
:104480000D4B876380F8509046F1FF366846CDE9C2
:104490000056CDE905388DF808208DF8122022F05D
:1044A00009F905460028CFD120462BF048FECBE77E
:1044B00058390020BF0004008542010010B5094CA6
:1044C0000021606830F087FE50B14FF0FF330122C9
:1044D0000221204663602BF0C4FD10B92BF094F943
:1044E000002010BD0039002008B5064B1A78042AB8
:1044F00003D093F85830042B02D110B1FFF762FEBD
:10450000012008BD5839002030B5154B01781A78C4
:1045100087B0042A0CBF1C46002413F8582F013121
:10452000042A08BF1C46C9B26B46012205462BF07F
:1045300069FE90B18CB130F09AFEC4E910012B787D
:1045400084F84830009B5B7803F00702052A0CBF13
:104550000023C3F3401384F8493007B030BD00BFD7
:10456000583900202DE9F34103680446C8070F4677
:104570005D789E7893F800802FD523790BB92BF0C6
:1045800043F9A8F10508B8F17A0F00F28F8005F021
:104590000705052D06F0300614D01ED8042D13D0C3
:1045A000302E11D0202E30D00ED823689B781907DA
:1045B00003F00C0211D43AB9FDF7FEFF40B93DB14A
:1045C000032002E0002EF0D0012002B0BDE8F0810F
:1045D000236893F90230002BF6DABB0753D5237911
:1045E000012B01D82BF010F92668A2797778FF2AE1
:1045F000E57907F007070CD1FF2D2FD1FDF7DCFF80
:10460000002840D1002F3ED0DAE7E37CFF2BE4D135
:10461000DAE7FF2D2DD035441644FDF7F7FF0222CF
:104620000146304626F0A3FCB0B1214B0222B3F87C
:104630000080304601A9ADF8048026F098FC58B1FE
:10464000002FBDD1FDF7E2FF02226946ADF80080E0
:1046500026F08DFC0028B3D10DB9CFE73544647C3A
:10466000022C08D0082C1CD0002CC7D02BF0CCF882
:10467000AAE70025D0E7FDF7E1FF224601462846DC
:1046800026F075FC08B900209FE72246084B01A9D7
:104690001B88ADF80430284626F069FC00288FD12D
:1046A000F1E7FDF7BFFF22460146F4E709208CE75A
:1046B000486A04002DE9F04704460E462779062F84
:1046C00000F20E81DFE817F007007D0087008D0003
:1046D000BB00C1001301002E78D06379022B75D97D
:1046E00022689078517800F00105C5F1040310F0BC
:1046F000200FDBB200F00C0C1DD1BCF1000F29D152
:1047000091787C4811F00C0F18BFE371917801F09B
:104710000C01415CFF2959D00B44DBB26174E37496
:10472000917850788D06C0F3801020D43F2926D987
:1047300080F001013BE0BCF10C0FC1F380110ED100
:1047400000F0C00CBCF1C00F02D181F001010BE000
:104750003F28FAD9C5F10605A371EBB2D0E73F288F
:10476000CBD8BCF1000FF0D10029F3D1C8E701F09C
:104770000C050C2D15D101F0C005C02DD6D19178B6
:104780003F2988BF6372927802F0C002802A14D059
:10479000C02A14D0D2B9134423750123A274237103
:1047A0008CE73F29EBD980F00101002DC0D1002911
:1047B000E5D023720233DBB2E1E70222EBE7082205
:1047C000E9E76279E37C9A4280F08F80BE428CBF39
:1047D0000020012087E06279237D9A42F6D30323EB
:1047E000DDE7032EF2D92268237D51780D0702D42C
:1047F00063750423D3E761799942E7D9A372D1188D
:10480000D25C5D1C9006EDB25EBFE5720533DDB291
:104810000B7813F0180FC3F3C1000AD02BF0E9FC9A
:10482000257310B165730544EDB2A5730135A0750C
:10483000EDB220462BF0C1FC2B46E075D8E762793B
:10484000637D9A42C2D30523A9E7052EBED9D4F8C9
:104850000090627999F8003094F81580591C9142C3
:10486000B4D11A06B2D499F802309B0721D584F846
:104870000F8099F800502046013DEDB2FF2D0CBF8E
:1048800000254D442BF099FC09EB080A2D1A294606
:1048900050462BF080FC60B99AF8003003F07F039B
:1048A00002339A44554591D30BD1A5EB09055FFA24
:1048B00085F899F80030013BDBB243450DD1062362
:1048C0006DE750462BF067FC0028E0D00AF10208A3
:1048D000A8EB09085FFA88F8EBE784F81080EEE7A8
:1048E0002AF092FF0020BDE8F087022357E701205D
:1048F000F9E700BF55A104000020044B83F8210014
:1049000083F8450083F86900704700BFA472002057
:104910002DE9F0418846064608B92AF075FFB8F13E
:10492000000F01D12AF070FF154F00243D4641468B
:1049300038462BF08FFC78B124235C432B1993F875
:1049400020308BB91C342C4454E8002F531C0DD15B
:10495000BFF32F8F062005E00134032C07F1240755
:10496000E5D10220BDE8F081064CEDE7013244E8D4
:1049700000200028E8D12368013B3360F2E700BF44
:10498000A4720020A07200200022034B1A70BFF313
:104990005F8F024822F02AB8AA9F0020083A002020
:1049A00013B5144C237843B1134B01A81B68019332
:1049B0002BF0EFF918B10023237002B010BD0F4A9D
:1049C000136803F5FA7313600D4A934201D92AF074
:1049D0001BFF0C48D0E9043213F5FA7342F10002D0
:1049E000C0E9043221F0CAFF0028E6D02AF00CFF0B
:1049F000E3E700BFAA9F002010730020147300207B
:104A000040420F00083A0020D222064B06481A60A6
:104A10000023064A1360064A1370064A136030F0FA
:104A20002DBC00BFB0060020083A002014730020FF
:104A3000AA9F00201073002038B5114C114D206042
:104A400030F015FC236801241A780F4B1B6803EB28
:104A500042130E4A03F5C07313601B180C4A41F150
:104A60000001C2E904310B4B1046147715621C702B
:104A700021F084FF08B12AF0C7FE012038BD00BF35
:104A800010730020A1490100B0060020147300201B
:104A9000083A0020AA9F002008B5054B1B7823B1D7
:104AA000042902D010B1FFF76FFF012008BD00BF3D
:104AB000AA9F002008B5064B1B68834204D0054B13
:104AC0001B780BB12AF0A0FEBDE80840FFF75CBFE1
:104AD00010730020AA9F002008B5044B1B780BB967
:104AE0002AF092FEBDE80840FFF74EBFAA9F0020C3
:104AF00008B5064B1B68834204D0054B1B780BB1ED
:104B00002AF082FEFFF740FF012008BD107300204D
:104B1000AA9F00202DE9F843894632B1012A16D018
:104B20002AF072FE0020BDE8F883244ADBB9022493
:104B3000D2F8A47001320025BC462E46B44517DADF
:104B40006B1CB34208BF3546C9F80050EAE71C4A5F
:104B50001BB91324D2F8C072EDE7D2F8C47219243D
:104B600002F59872E7E7D2F8A87008242132E2E74C
:104B7000ACEB060506EB6505AF42E1D905FB04FE8B
:104B800002EB0E087BB152F80EE001688E4510D89A
:104B900012D3D8F804E0416871450AD30CD801203B
:104BA000C9F80050BFE7B0F8008032F80EE0F045D9
:104BB000F3E705F1FF3CC1E76E1CBFE7E07500209D
:104BC0001873002010B5094CAC220021204626F0B5
:104BD00000FA4FF432720021054826F0FAF9012359
:104BE00000222370034B1A7010BD00BFE075002037
:104BF00018730020AB9F0020014B1870704700BF56
:104C0000E07500202DE9F3471F46002388460193F5
:104C10000B4601A9824691469DF82860FFF77AFF6E
:104C2000002840F08380019BB9F1000F08D0B9F152
:104C3000010F2BD02AF0E8FD002002B0BDE8F0877C
:104C4000B8F1000F2AD00820434C04F187052A68E8
:104C5000102AF1D000FB0344D21A424321462044DB
:104C600026F095F9B8F1000F22D1022251462046D4
:104C700026F0A4F9B9F1010F53D184F812802B6802
:104C800001332B60019D1322344B21E0B8F1000F5A
:104C900009D1334C132004F53075D8E7314C02208C
:104CA00004F1A305D3E7304C192004F5CA75CEE70B
:104CB00008225146204626F081F9B9F1010F30D182
:104CC000002323762B6801332B60019D1922274B8B
:104CD00002FB053528467B783A78297C5B0043EA5D
:104CE000D213DBB205EB010C047890F801E0E20985
:104CF00042EA4E0214F07F04D2B204D1A2F17E0E39
:104D0000BEF1010F01D9604520D33144102993DC55
:104D100032463946604626F051F92B7C1E442E74EB
:104D200002E02B6801332B60012086E7B9F1010F07
:104D3000FAD1019DB8F1000FA5D0C7E7A6427FF4D4
:104D40007BAF3246394626F039F9EDE7934204F15C
:104D50000204F3D02044C7E7017600201A73002034
:104D600018730020E1750020487400205074002062
:104D7000002373B50C4601930B4601A91546FFF7B6
:104D8000C9FE064628B1019A3DB1012D1BD02AF07B
:104D90003BFD0026304602B070BDD4B10825124B51
:104DA00003F1870421680029F3D005FB02F0891A7A
:104DB0004A1E2918194418446A4326F0E8F8236863
:104DC000013B2360E6E74CB9084B132503F530742B
:104DD000E8E7074B022503F1A304E3E7054B192598
:104DE00003F5CA74DEE700BF0176002018730020C7
:104DF000E17500204874002011B1012908D07047E6
:104E0000084B10B1C3F8A8107047C3F8A40070474E
:104E1000054B18B10022C3F8C4227047C3F8C00282
:104E2000704700BFE075002018730020022802D8E8
:104E3000024B187070472AF0E7BC00BFAB9F002000
:104E400013B5234A03461278012A18D0022A3DD00E
:104E5000002A37D1407AFF2838D01E490978002926
:104E600034D01C68A378204403F0C003A3F1C00130
:104E70004B424B4101A9FFF74DFE02B010BD154951
:104E8000087818B31A685C7A5178FF2C01F0070192
:104E90000CBF0024A418032916D11B7CFF2B13D0B0
:104EA000D35C042B10D1937803F0C003802BE4D1A2
:104EB000002320461A4601A9FFF72CFE80F00100CE
:104EC000C0B2DAE72AF0A0FC0020D6E70120D4E740
:104ED000AB9F0020E075002073B50E461546D8B193
:104EE0000B46012201A9FFF715FEA0B1019C0B485A
:104EF00056B119235C43031993F8483104F59C74A7
:104F00002B70204402B070BD13235C4303199B7CBB
:104F100002342B70F5E728700020F3E718730020A7
:104F200008B5FFF78DFF20B1024A537843F0100314
:104F3000537008BDAD9F002010B50A4C802200219F
:104F4000204626F046F80022074B114620462BF05B
:104F500059F90023054A1360054A1370054A137076
:104F600010BD00BFAD9F0020907600208C76002001
:104F7000AC9F00202DA000202DE9F04FDFF82C82FF
:104F8000044698F8003087B0032B00F20282DFE875
:104F900013F004000B0007000302022388F800301E
:104FA0007E4D26792B791EB9002007B0BDE8F08F21
:104FB000002B49D17A4F7B7843F002027A70226845
:104FC0005278100744BF43F00A037B7023685B7874
:104FD000590642BF7B7843F040037B7023689B787F
:104FE000DA0742BFBB7843F00103BB7023689A78AD
:104FF000BB7802F0C002C02A21D143F00C03BB7081
:10500000BB78052E43F02003BB7002D92046FFF782
:1050100087FF397801228B1C03316048C9B23B708D
:105020002BF010F908B92AF0EFFB022EBCD9236847
:105030005B4F9A7812F0010F16D0002317E0802AF8
:10504000DED143F00803DAE7022EADD9022BEED908
:10505000042EA9D9042B5DD9062EA5D12046FFF731
:105060005FFF03234E4881E1DB78FB7001233A7830
:10507000A0791344AA793B70FF2A16BF2B684FF022
:10508000000B03EB020BEA7994F809C0FF2A16BF64
:1050900029684FF0000901EB0209217AA37CFF295E
:1050A00016BF226800225218FF2816BF216800216F
:1050B0000918BCF1FF0F009331D1BBF1000F5AD199
:1050C0003A780BEB02033B70637A364AFF2B16BF2C
:1050D00020680020C0182368997801F0C001A1F170
:1050E000C00CDCF1000141EB0C01FFF7F5FE2E4B8B
:1050F000186018B1BB7843F00203BB703978032203
:1051000001312648C9B22BF09DF8002843D0042E67
:105110007FF64AAF297DFF294AD100217AE0206835
:1051200000EB0C0ABBF1000F27D1B9F1000FC7D07B
:10513000BAF1000FC4D0226891782A6801F0C0014A
:105140009278A1F1C00E02F00C02DEF10001A2F192
:105150000C0341EB0E015A425A41914201D02AF010
:1051600053FB51464846009A25F028FF009B5B44BC
:105170005FFA83FBA4E74FF0000A52B911B9FDF7BB
:1051800045FA01465846022225F018FF4FF0020B5F
:10519000CBE71146F6E72AF037FBB8E79076002018
:1051A000AD9F0020AC9F00208C7600202DA0002019
:1051B000A37A2A68FF2B02EB010AAED02068C71839
:1051C000BAF1000FA9D0002F00F0DF80C35C734854
:1051D000535401310422C9B22BF034F808B92AF033
:1051E00013FBA37AFF2B03D02168CA5C520774D14A
:1051F00094F81590791CA9EB03095FFA89F909F174
:10520000FF32D2B20AF1010025F0D8FEEB7D9944BD
:105210005FFA89F1624F05223B7860481944C9B2B0
:1052200039700131C9B22BF00DF808B92AF0ECFA47
:10523000DFF870A16B7D2868DAF80010DFF868B13C
:1052400000EB030969B19BF80020B9F1000F05D10B
:10525000CDE900122AF0D8FADDE90012484625F01F
:10526000ADFE3B789BF80090DAF800104B443B70A1
:1052700011B3D5F800A09AF80130C3F3C0011B07A1
:105280001AD5AB7AFF2B00F082801AF8031011F0C8
:10529000070111D04FF47E536D7D022204A903A8AB
:1052A000ADF8103025F08AFE09EB050003A90222B3
:1052B000504425F083FE02213B7806220233194434
:1052C000C9B2397001313548C9B22AF0BBFF002894
:1052D0007FF4C2AE2AF098FABEE6237B2A7BFF2B2E
:1052E00014BFC9180021FF2AAB7A20D1FF2B24D08C
:1052F00000202A68D75CC7F3C1077B1E022B1AD88F
:10530000BF00033FFFB218B111B13A4625F056FE77
:1053100095F80B900137B9F1FF0FFFB203D02B685E
:1053200013EB09090BD1EB7D3B44D9B272E7286836
:10533000FF2B1044DDD10027E5E70027E8E7AA7A34
:1053400004A9FF2A0CBF00229A5C02A818BFC2F36E
:10535000C1028DF810202A7BFF2A0CBF00239B1866
:105360000593FFF7D5FA20B10020012388F800301B
:105370001BE6029B03A904224846039325F01EFE68
:10538000EB7D0433F918C9B244E7394642E70021FE
:1053900092E72AF039FA07E6014806E690760020FF
:1053A000AD9F00208C760020AC9F002007B5074BF6
:1053B000062218689B88009069460548ADF80430BD
:1053C00025F0FCFD03B05DF804FB00BF4A6A040051
:1053D0002EA0002010B50279052A0FD903689A780B
:1053E000D2070BD4DB78064CE370FFF729FD0028C9
:1053F0000CBF022312232046637010BD0020FCE77F
:105400002EA0002003689A070CD50368DB070DD592
:105410000922074BC3F80C250F22C3F804250122EB
:105420001A60FEE7034B0360EF3B0360704700BF69
:1054300000801050F000FA50064BD3F80438012BCE
:1054400005D0032B02D1044B044A1A607047024B6B
:10545000034AFAE700001250B40600200090D0037F
:105460000020A107012208B52F4B3048C3F80028BF
:10547000FFF7C8FF0830FFF7C5FF0830FFF7C2FF8E
:105480000830FFF7BFFF00F5F470FFF7BBFF284AB5
:10549000D2F88C3043F44063C2F88C300022D30041
:1054A00003F57F0303F54043D3F8001401310AD01C
:1054B000D3F8001439B1D3F800140132D3F804340E
:1054C000402A0B60EBD1184BD3F840243AB3194B68
:1054D000D3F840231C2A0CD1D3F84423012A08D145
:1054E000D3F83423144B9A429EBF0F4B134AC3F890
:1054F00040260F4BD3F88C2042F44062C3F88C2036
:10550000D3F8882042F47002C3F88820BFF34F8F8D
:10551000BFF36F8F00220A4BC3F8A02508BDC82235
:10552000C3F84024D3E700BF0000125000C50D505F
:1055300000ED00E000C0FF00001D0A1840E0A91EB9
:1055400000B0045030B50468ACB1B4FA84F3012261
:10555000C3F11F03DBB29A4024EA0202D0E8EF5FF6
:10556000A54204D1C0E8EC2FBCF1000FF6D1EAD17E
:1055700002480B7030BD0248FCE700BF0000AD0BD5
:105580000200AD0B10B50368CB40DB0710D401233C
:105590008B40026843EA0201D0E8EF4F944204D105
:1055A000C0E8EC1FBCF1000FF6D1F2D1014810BDEC
:1055B0000148FCE70000AD0B0400AD0B0079024B85
:1055C00003EB0010FFF7BEBFB806002038B5037923
:1055D000084A1B010446D0580D462AF08DFE30B112
:1055E00001232268AB400448C2F8043538BD0348A3
:1055F000FCE700BFB80600200000AD0B0400AD0BB7
:1056000038B50379084A1B010446D0580D462AF0E4
:1056100073FE30B101232268AB400448C2F808355C
:1056200038BD0348FCE700BFB80600200000AD0B02
:105630000400AD0B036803F01F025F2B02604FEA0A
:1056400053129ABF024B53F822000020704700BF4C
:1056500088700400034A4309D35C00F01F0018441B
:10566000C0B2704762A1040070B505460846FFF756
:10567000F1FF36212A79174B01FB0202083233F879
:105680001200C10525D56C240026C0F3432120F467
:10569000F85023F812002A7904FB02340E3434F84F
:1056A000020F10F4807F03D0C0F34320814210D05A
:1056B0000136232EF3D16C200024424302EBC102B9
:1056C0009C502A79BDE8704000FB02306030FFF743
:1056D00059BF70BDC8060020F0B50646002487B04B
:1056E000114F019117F8012B06AB03EBD20313F80E
:1056F000143C02F00702D34013F0010306D1013439
:10570000032CEFD10023184607B0F0BD074A03ADC4
:1057100007CA85E8070055F824100A6A46F82420CD
:105720000A62002AEBD0EEE772A10400F0680400E0
:1057300010B504460846FFF78DFF362303FB04002F
:10574000024B083033F81000400B10BDC806002093
:1057500010B504460846FFF77DFF362303FB04001F
:10576000034B083033F81000C0F3400010BD00BFF9
:10577000C806002010B504460846FFF76BFF362325
:1057800003FB0400034B083033F81000C0F3401053
:1057900010BD00BFC80600202DE9F04F0D46D0F81F
:1057A000141387B0C9B241F40031AA6D00902AF0F9
:1057B0001FFE810306462ED50023696E03A8CDE99E
:1057C00003330593FFF788FFDFF86CA1DFF86CB1B6
:1057D0000DF10C091AF8013B05EBD30292F8642095
:1057E00003F0070322FA03F3DA076AD4514B09F1F5
:1057F000040953450BF1010BECD14FF40031AA6DB4
:1058000000982AF0F5FD696E03A8FFF765FF0028F0
:10581000DAD126F400360124002E73D107B0BDE89A
:10582000F08F91FAA1F1B1FA81F19BF8004041EAC1
:1058300044142046FFF70EFF083035F81080C808E2
:105840004FEA98030193012319F8002001F00701A2
:1058500003FA01F122EA010209F8002002A80294E9
:10586000FFF7E8FE029A019B203250F82220C8F38D
:1058700082075B07B846C2F3014227D52846D7B254
:10588000214642462AF095FD02A80294FFF7D2FE77
:10589000029B203350F82330C3F301439F4207D1CA
:1058A000002120462AF076FD394620462AF072FD76
:1058B00002A80294FFF7BEFE0122029B02FA03F344
:1058C0000362D9F800100029ABD18FE7022A0DD16D
:1058D000032120462AF05EFD07F00503012BE7D1E6
:1058E0004246214628462AF064FDE1E7022120468F
:1058F00001922AF04FFD032FF2D0019A032AD7D14B
:10590000022FECE796FAA6F3B3FA83F304FA03F254
:1059100026EA0206009A284602EB8303D3F8101504
:10592000D3F81025C1F30811C2F301422AF041FD5A
:1059300072E700BF75A1040072A1040072A1040007
:105940002DE9F74305460846FFF784FE36222B79FA
:10595000204F02FB0303083337F813300E46DB07F2
:10596000044635D528462AF06AFD95F8049031465C
:105970004846FFF7FFFE60B14846FFF7D9FE002218
:10598000D5F8008000B208EB8003C3F81025C3F8F7
:10599000102528463146FFF767FE36222B7901A8ED
:1059A00002FB03440023083427F814300196FFF764
:1059B00041FE019B00EB8300D0F88020064B134092
:1059C00043F00203C0F88030044803B0BDE8F08320
:1059D0000348FAE7C8060020F0F0FCFF0000AD0B1A
:1059E0000400AD0B2DE9FF47174604460846FFF7B4
:1059F00031FE3E688846054676B394F804904846E2
:105A0000FFF7A6FE18B14846FFF7B4FEA0BB00237F
:105A10004046CDE900338DF80E308DF80F300DF192
:105A20000F0233460DF10E012AF06BFC362023796C
:105A3000644A00FB0353083332F8131021F00201CB
:105A400022F81310237900FB0353083332F81310A4
:105A500041F0010122F813107B68002B45D0267914
:105A60004146304693F80090D3F804A0FFF770FE4B
:105A700020B1BAF1000F22D0534839E04FF0360C74
:105A80000CFB06564F49083631F8163023F46043B4
:105A900023F0200321F81630BAF1000F0FD0B9F12E
:105AA000030FE9D87B6826685B68187806EB8006E8
:105AB000B9F1000F1FD1C6F81095C6F81095362021
:105AC0002379404A00FB0353083332F8131021F0C6
:105AD0001C0122F81310237900FB0353083332F81A
:105AE000131041EA890122F81310BB6863BB3748E1
:105AF00004B0BDE8F087D6F8102522F00302C6F8FE
:105B00001025226802EB8003D3F8102522F44732D7
:105B100022F47C72C3F8102541F6F072D3F81065B8
:105B200002EA081242EA09423243C3F810252379F7
:105B30000CFB0353083331F8132042EA403242F0A1
:105B4000200221F81320BAE74146D3E90097204606
:105B5000FFF78AFDB9F1000FC9D06C232079194EE7
:105B60004343F218F358994504D153689F4201D139
:105B700000210CE06C2303FB00600DF10F0160308D
:105B8000FFF7E0FC114B9842B2D19DF80F106C2248
:105B90002379534303EBC10346F80390237953431E
:105BA000362203EBC10333445F60237902FB0353C6
:105BB000083336F8132042EA412242F4807226F874
:105BC000132094E7C80600200400AD0B0000AD0BC5
:105BD0002DE9FF470546084617461E46FFF73AFDE2
:105BE0008946044687B395F804804046FFF7B0FD28
:105BF00018B94046FFF7BEFD68BB362303FB0848D3
:105C0000DFF8E8A008F108083AF8183013F01C0F84
:105C100002D07B78012B1ED001238DF80F3000239A
:105C20007A1CCDE900734846BB1C0DF10F012AF028
:105C300068FB36222B7902FB034308333AF8132022
:105C400042F003022AF81320002E4BD0494628794F
:105C5000FFF77EFD18B9244804B0BDE8F0870021A5
:105C60004FF0360C30782B68820003EB8003C3F8CA
:105C70001015C3F810152B791C490CFB034308338E
:105C800031F8137027F4604727F0200721F81370CC
:105C900077783FB32B68B6781A44D2F810E5144BE6
:105CA0003F040EEA0303C2F8103541F6F07307F41F
:105CB000403703EA09133605D2F810E53B4306F4F2
:105CC0008016334343EA0E03C2F810352B790CFBE0
:105CD0000344083431F8143043EA403343F02003DE
:105CE00021F814300348B7E70400AD0BC8060020C4
:105CF0000FE0ECFF0000AD0B30B56C250479044BD0
:105D000005FB0434A160017905FB0133DA6030BD85
:105D1000C806002070B5067914463046FFF72AFD04
:105D200068B10846FFF796FC362303FB0600054BD7
:105D3000083033F8103004485B0B237070BD034803
:105D4000FCE700BFC80600200000AD0B0400AD0B4F
:105D50002DE9F041064607796C20194D00FB0758E4
:105D600098F868404CBB404621464622103025F04A
:105D700030F921463068D8F858608E4213D100239C
:105D8000C0F84431D0F84431C0F308300130F1F7A5
:105D9000DFFB6C2303FB075501230A4885F86830B5
:105DA0002B66BDE8F081CBB29B0003F58072442BDB
:105DB00004BF845083580131DFE70348F1E700BF97
:105DC000C80600200000AD0B0C00AD0B6C21027961
:105DD000044B01FB023393F86800003818BF012020
:105DE000704700BFC80600206C235C22007913FBBB
:105DF000002302481844FFF7C5BB00BFC8060020B7
:105E00006C235C22007913FB002302481844FFF73F
:105E100099BB00BFC80600202DE9F341036817466F
:105E2000D3F81423044692035CBF4FF40032C3F846
:105E3000142306790D463046FFF79CFC08B3304624
:105E4000FFF786FC8046E0B93046FFF771FC05B2EB
:105E50002168AD0005F5807241F802808A582168FA
:105E60002944D1F8102542F00102C1F810252FB1C4
:105E70000122216802FA00F3C1F8143302B0BDE830
:105E8000F0812846FFF7E6FB362303FB06000F4BA5
:105E9000083033F81030C3F38203042B11D0052BE4
:105EA00011D001A80195FFF7C5FB019AC368D34043
:105EB00003F00103991C284602B0BDE8F0412AF026
:105EC00069BA0321F7E70221F5E700BFC806002001
:105ED00001490248FFF760BCC806002000A00D5031
:105EE00001490248FFF758BC3407002000C0105099
:105EF0000123054A83409268134013F0670F14BFD3
:105F000001200020704700BFA00700200123044AA1
:105F100003FA00F0936823EA00039360704700BF20
:105F2000A007002070B5002367240126027A94FAA6
:105F3000A4F1B1FA81F1914203F1010518D10021D8
:105F40000C24120102F1A04202F56222C2F82C15C3
:105F50000A4ADBB204FB03230168D9604168196176
:105F60000121007A1875936881400B43936070BDDE
:105F700006FA01F12B4624EA0104D8E7A007002025
:105F8000074B027AD3F8101521F001010A43C3F838
:105F900010250268C3F8A4264268C3F8AC267047EF
:105FA00000200E50012303FA00F010F0670F0AD012
:105FB000064B5B68DB4303F067030342044B054871
:105FC00018BF184670470448704700BFA00700205C
:105FD0000000AD0B0400AD0B0800AD0B0023002248
:105FE0002DE9F048C0E90023114BD3F810359B0789
:105FF0001CD5EFF31181402383F31288BFF36F8F19
:106000004FF0FF356FF040440A4ED6E900BC5D45C5
:1060100074EB0C07F9D3CCF31303C0E900B381F39D
:106020001188BFF36F8F0448BDE8F0880348FBE791
:1060300000200E5040270E500000AD0B0100AD0BAC
:1060400001460148FFF77EBAA4070020F0B53F4C97
:1060500085B02578002D75D13D4A01AB07CA83E88C
:1060600007003C491846D1F8102522F00202C1F879
:106070001025FFF785FF0723672202F0010129445D
:10608000013BCDB24FEA5202F7D1052D5CD11A4641
:1060900001272E48002567265FFA82FC96FAA6F1B2
:1060A0005FFA85FEE645B1FA81F145D30132052A52
:1060B000017500F10C00EDD10120002526499A0858
:1060C00000FA02F212F0670F1CBF5D505A580433F9
:1060D000302BF4D1E420F1F73BFA1E4B1F49D3F8E3
:1060E000182703F5C07322F4403242F48032C3F81B
:1060F0009825D3F8902322F00202C3F8902340F6AB
:10610000FF72C3F8A82100221A60A3F5807004333F
:106110008B420260F8D101250E4B114A1D66114BCE
:106120005D201B68B3FBF2F358430F4B2B4398479A
:106130000E48257005B0F0BD07FA01F126EA010608
:106140000135ABE70A48F5E70A48F3E7A007002066
:10615000FC68040000200E5000210E50B0210E50AB
:1061600040420F00B4060020806A04000000AD0B1E
:106170000C00AD0B0100AD0B73B52A4C05466368EE
:106180000E4603F0010304F1140101A80193FFF787
:10619000D9F9254B98423DD100233370636823F031
:1061A00001036360A36843F00103A3601F4BD3F8AE
:1061B0001025960732D4D3F8102542F00202C3F816
:1061C0001025C5B1D3F8482712F0010202BFD3F859
:1061D000481741F00101C3F84817144BD3F8401792
:1061E000D3F844174C00F9D42AB9D3F8482722F041
:1061F0000102C3F848270E4B0E4A1B68B3FBF2F3AB
:106200000A4A03EB43135BB1D2F84017D2F84417A4
:10621000490001D402B070BD013BF4E70648F9E73C
:106220000648F7E7A00700200000AD0B00200E5045
:10623000B406002040420F000C00AD0B0700AD0B70
:1062400038B50146FFF7AEFE124B044698421DD109
:106250000846FFF74DFED8B10846FFF757FE00226B
:1062600001250D4B8D4003EB0110C0F82C25D3F810
:10627000200328420AD0C3F82853890003F580730D
:106280000B44196811B11A601B68044C204638BDD4
:10629000034CFBE70000AD0B00200E500700AD0BD8
:1062A0000400AD0B2DE9F0410446007A1D46FFF7CE
:1062B00079FE1A4B1746984206469DF8188029D158
:1062C0002046FFF72FFEEFF31180402383F312885F
:1062D000BFF36F8F227A124B9200134400221A6090
:1062E000217AC5F31305090101F1A04101F56221ED
:1062F0001B68C1F82075C1F8245580F31188BFF3DD
:106300006F8FB8F1000F05D00123227A9340054A20
:10631000C2F824333046BDE8F08100BF0000AD0B69
:1063200000210E5000200E5010B50446FFF73AFE33
:10633000084B0146984208D12046FFF7D9FD30B1FD
:106340000123054AA340C2F82833084610BD03497B
:10635000FBE700BF0000AD0B00200E500400AD0BAA
:1063600008B50246FFF71EFE064B984208D10123EE
:10637000054993408A681A438A60044AC2F8243364
:1063800008BD00BF0000AD0BA007002000200E508C
:106390002DE9F341254A002053689268DB4303F05E
:1063A000670313401C46012607460CBB4FF001084B
:1063B0001F4B1E4DD3F820630640287D08FA00F3DA
:1063C00033420DD0E96859B102012F6902F1A042B0
:1063D00002F56222D2F82435D2F8202500978847AA
:1063E0000134052C05F10C05E7D102B0BDE8F081C0
:1063F00094FAA4F5B5FA85F5AA0002F58071920821
:1064000006FA02F213420BD001F1A04101F562211C
:10641000D1F800C0BCF1000F02D00F600968104332
:1064200006FA05F524EA0504BFE700BFA00700202F
:1064300000200E50007A024B03EBC000FFF782B839
:10644000F4070020044B40EA0120C3F80005D3F80C
:106450000024D207FBD5704700B0045010B4CC7BA9
:106460008A6803682CB9D1E90041C3F80046C3F833
:106470000416C3F82425282203795343064AD35827
:1064800033B100685DF8044BC0F30830F1F760B831
:106490005DF8044B704700BFA876002070B5817B83
:1064A00029BB02685F2A02F01F034FEA521420D86A
:1064B000124E134D56F8242040F60C0402EB8302D2
:1064C000D2F880302B402343C2F8803042685F2AE4
:1064D00002F01F034FEA52100BD856F8202002EBAF
:1064E0008302D2F880302B402343C2F88030012051
:1064F00070BD203351F82330FFDE00BF94700400DC
:10650000F0F0FCFF2DE9F041074690F804802820C8
:1065100000FB08F0144E0C46351895F82210F1B91E
:10652000A96032506B6085F8251085F824106CB195
:10653000A37B204685F82730FFF7B0FF88B1637B47
:106540002146384685F82630FFF788FF282303FBCD
:1065500008660123054886F82230BDE8F08104482A
:10656000FBE70448F9E700BFA87600200000AD0B68
:106570000C00AD0B0400AD0B062103680279C3F8D3
:1065800000152821034B01FB0233022283F822204D
:10659000704700BFA8760020282110B5002402799A
:1065A0000B4B01FB02339C6001680A4AC1F80823C7
:1065B000D1F8002222F0FF5222F4BC52C1F800228E
:1065C0000122C1F8004583F8222083F8244010BD41
:1065D000A87600202264F81F28232DE9F74F924661
:1065E000002290F80490B84D046803FB095383F827
:1065F00023204B680E4633B1CB6803F06043B3F100
:10660000005F40F07E813378023B012B06D833696E
:1066100003F06043B3F1005F40F073811AF0030FA1
:1066200040F07181A94BC4F80833282303FB0953B8
:1066300093F8242002F0FF013AB19B68A44FC4F8FC
:106640000433384603B0BDE8F08F1AF0140F0CBFC6
:106650000122002283F82420327809EB890883F88C
:106660002020727805EBC80883F82120F268DA60F0
:1066700072681A6132695A61B268C3F81CA09A61E3
:10668000CAF3001283F825207378C4F88835C4F85B
:106690003811D4F83831C4F82811D4F82831C4F8A6
:1066A0001411D4F81431C4F80411D4F80431337837
:1066B000032B00F2A280DFE803F0779760024FF42B
:1066C0008073C4F80032D8E90323C4F83C27C4F827
:1066D0004037012323654FF00061204629F01DFF5C
:1066E0000028F8D1D8E90523C4F83C27C4F840377E
:1066F00028234FF4806203FB09539A60754F2823C7
:1067000003FB09F3E858E9181AF0080313D13278AB
:10671000032A10D0012A40F08580A26200286ED0A2
:10672000282303FB09F37268EB5822B9002B00F011
:10673000AE8001236360282303FB09F3EA18EB58BA
:10674000002B00F0A4801AF0040F1CBF00239360FC
:106750001AF0400F06D1282303FB09539A6842F030
:1067600002029A60282303FB09539A6842F0200230
:106770009A609B68C4F8043363E7D8E90323C4F83C
:106780003C27C4F84037D8E90523C4F80427C4F8E7
:1067900008374FF48453C4F80032012323612823BF
:1067A000022203FB0953A8E71AF0200FD8E90323BC
:1067B000C4F83C2714BF4FF480724FF40072C4F841
:1067C00040374FF0280315BFC4F80022C4F8002258
:1067D0004FF48062022214BF03FB095303FB0953E9
:1067E0009A600123236189E7D8E90323C4F80427C9
:1067F000C4F808374FF48053CDE7374F7FE70B6974
:1068000003B9626040F2024B40F22241204629F077
:1068100084FE012310F0200F18BF636010EA0B0FF5
:10682000F2D07DE70122226500287FF479AF096963
:1068300031B340F2024B13EA0B0F7FF471AF40F219
:106840002241204629F069FE81060346F3D50190D6
:106850004FF48041204629F060FED4F8002288B130
:1068600012F40071019B03D10123236163600B4685
:10687000D205E0D54FF48061204629F04EFE04E0B9
:106880006260D6E70123236163600023D3E72822F7
:1068900002FB09550022D4F8C434C4F8C43485F886
:1068A00024200BB30D4A13F0010F0D4F18BF1746EC
:1068B00013F0020F02F1010218BF174613F0040F84
:1068C000084B18BF1F46BCE6A87600202264F81FBC
:1068D0000B00AD0B0000AD0B0400AD0B0000AE0BC8
:1068E0000100AD0B0200AE0B1AF0400F7FF4A9AE11
:1068F0004146204629F0CFFD044B002808BF1F4623
:106900009FE6034F9DE6034F9BE600BF0100AD0BE2
:106910000A00AD0B0300AD0B70B55B4D022186B0D4
:10692000284629F0FAFD20210646284629F0F5FDE3
:10693000564CD8B1E6B9A3684FF48041C5F8083386
:106940000223A360A3682846C5F8043329F0E5FDB7
:1069500018B1D5F800329B0503D401224A4B1A61C5
:106960005A60012384F8233006B070BD002E57D042
:10697000E5696E060AD494F823303BB9434942488E
:1069800029F089FD80F0010084F8230015F004054A
:1069900024D13D4B94F82520C3F83851D3F8381151
:1069A000C3F83451D3F8341112B194F8232052B102
:1069B0000022C3F80022A260354AC3F8082310223F
:1069C000344BC3F8A021238CADF80430E368049362
:1069D0002369029363690593A36903932A4AD2F852
:1069E000C4349807C2F8C43447D4590747D4DA07E7
:1069F00047D494F823309B00DBB28DF8003094F834
:106A000025300BB984F82430E3695B0703D594F88B
:106A10002330002BA8D0D4E9003168469847A3E77B
:106A20004FF48061284629F078FD94F82030A3B90E
:106A300094F825304BB91022C5F80032A360144BEE
:106A4000C5F80833134BC3F8A02100238DF8043098
:106A500094F821308DF80530B8E74FF40073C5F88D
:106A600000322223A3600A4BC5F80833A368C5F897
:106A7000043301232B652B6176E70123BDE7022355
:106A8000BBE70323B9E700BF00401050A876002001
:106A90002264F81F00E100E0036803F01F025F2B8F
:106AA00002604FEA53129ABF024B53F822000020B3
:106AB000704700BFA0700400F7B5064629F057FDE7
:106AC000084629F054FD01A80196FFF7E5FF0C46A2
:106AD00040F60D01019B2B4D00EB8300D0F8803078
:106AE00001942B400B43C0F8803001A8FFF7D4FF7E
:106AF000019B012700EB8300D0F880302B400B4333
:106B0000C0F88030042029F0F5FB092501A8019484
:106B1000FFF7C2FF019AC368D340DB0714D401A872
:106B20000196FFF7B9FF019B013D07FA03F383606C
:106B3000042029F0DFFB304629F019FD042029F05C
:106B4000D9FB15F0FF05E1D101A80194FFF7A4FFDF
:106B50000123019A93408360042029F0CBFB204657
:106B600029F005FD042029F0C5FB01A80194FFF7D9
:106B700093FF019AC3680448D34003F00103C01A8D
:106B800003B0F0BDF0F0FCFF0100AD0B10B5124CEE
:106B9000A8220021204624F01CFA03230F4A236177
:106BA00063610F4BA261E3614FF4806323620023B2
:106BB000A3626362E36222660A4A62661022A266E8
:106BC000094A2367E366636712F8011DE154013344
:106BD000102BF9D110BD00BF5004002075A1040096
:106BE00050000020400000208EA104002DE9F84F45
:106BF0001826DFF87C80074606FB008E00FB066641
:106C0000DEF82440DEF828C046447368A44589466F
:106C1000154603EB040022D8DEF820B0ABEB040AE3
:106C20000AF1FF339A4203D824F0C8F92C440FE04C
:106C300063449A4219D852462C4424F0BFF9B4EB6D
:106C40000B0405D02246706809EB0A0124F0B6F95E
:106C50001823012003FB07835C62BDE8F88F0CF169
:106C6000FF3CACEB040C9445DED20020F5E700BFFE
:106C700050040020F8B5182700FB0775124B0E468C
:106C80001D4407FB0033DB6A1446012B0AD0022B9C
:106C900014D023B9284629F076FC844208D9002470
:106CA0002046F8BD284629F06EFC844228BF0446E1
:106CB00022463146284629F06FFCF1E72846BDE818
:106CC000F84029F084BC00BF5004002070B50A4B86
:106CD00004461B780D4616460BB9FFF757FF00F028
:106CE00017F8324629462046FFF7C4FF044600F055
:106CF00019F8204670BD00BF500400201822034B35
:106D000002FB00339A6A586A801A704750040020C8
:106D10004FF0FF324FF0FF33014800F0B9BA00BF27
:106D200084130020014800F02BBB00BF8413002017
:106D300010B50446EFF7B2FB03480121034A23F0E4
:106D40008EFF204629F083FC986804008FA1040080
:106D50002DE9F84304460D4600AFEFF311884023B8
:106D600083F31288BFF36F8F0428294A98BF294BF9
:106D7000E9468AB09668117C98BF53F820306A467D
:106D800088BF254BC2E9073140F201332348938481
:106D9000234BC2E9050442F8103F00234FF4315160
:106DA0002048EFF75BFCCD4645B1EB69C3F3080320
:106DB00023B101211C4A1B4823F051FF2EB130465C
:106DC00029F066FE08B1037803B91848E9468AB08D
:106DD0006A46174BD061C2E9053640F2013313848D
:106DE000144B42F8103F00234FF411510D48EFF7B8
:106DF00035FC2946CD462046FFF79AFF88F31188D7
:106E0000BFF36F8F3046F0F701FBBD46BDE8F88356
:106E1000D0760020AC7004009EA10400ACA1040058
:106E20000500000198680400D4A10400BC9A040085
:106E3000F5A104000400000138B5094B53F82040C7
:106E4000013053F82050A54200D838BD636823B103
:106E5000204629F004FC0834F5E723689847FAE750
:106E6000C0700400012270B52A4B032086B01A704E
:106E7000FFF7E2FFEFF762FF29F00DFC0420FFF7B8
:106E8000DBFF254C254D2646AE4204F1300410D3DD
:106E900000F056FF204C224EAC4226D300F064FF97
:106EA000EEF7BEFB1F4A137B23F00103137306B0FA
:106EB00070BD54F80C3C059354F8103C049354F8FE
:106EC000143C039354F8183C029354F81C3C01936F
:106ED00054F8203C009354E90A2354E90C0100F0D3
:106EE000FBFC54F8303C5E65CDE7D4E90A23B3F1EE
:106EF000FF3F08BFB2F1FF3F05D052EA030120680F
:106F000003D129F0C7FD3034C6E73146183001F00F
:106F1000F3F8F8E734A00020F0670400F0670400FD
:106F2000F30B0400083B002008B50348034A002186
:106F3000121A29F0ACFB08BDD01400204CA0002090
:106F4000D82370B5134E012203FB0066002386B0E0
:106F5000CDE904230F220193CDE9023218234FF427
:106F6000A0720D4D0D4903FB0055044602FB0011B4
:106F70000B4B3046009500F0AFFC737B2C7423F074
:106F800004037373074B013403EBC423EE606B609F
:106F900006B070BD303A0020D076002030C9002005
:106FA000E507040030C10020BFB50020FFF744FF13
:106FB0002D4B03F5006282F3088883F30A88E023EF
:106FC0002A4D002485F822302023EB772C766C762E
:106FD000AC766B6A264E43F4E0236B6285F823405F
:106FE000F0F780F9F0F79CFB4FF0FF33AB62EB62F8
:106FF000F0F73EFDF0F7BCFBEFF7C0F940F20112ED
:107000001C4B1D4D9A81B360C3E91E44C3F88440F4
:1070100029F011FB0120FFF70FFF0220FFF70CFF03
:1070200000F0C2FE154BB56105930123144F1549BD
:107030004FF40052CDE9034328463B46CDE90144D5
:10704000009400F049FC06466A7B284622F00402C0
:107050006A7329F06DFD2046FFF772FF3A4631460C
:107060002846F0F731FB00BF30C1002000ED00E002
:10707000D0760020D83C0020083B002057A2040016
:10708000656E010070CA002038B5064C064DAC4252
:1070900001D3002038BD2046D4E9011229F0FCFAC2
:1070A0001434F4E7BC120020BC120020002038B5D4
:1070B000054C064DAC4200D338BD204629F052FBAA
:1070C0000028F9DB1C34F5E784120020BC120020F4
:1070D00073B50C46EFF31181402585F31288BFF399
:1070E0006F8FC5685DB125602B68C360836901330C
:1070F0008361002081F31188BFF36F8F11E052EAA2
:10710000030603D16FF00B002560F3E7CDE9002300
:107110000246083000F060FD18B9034B9B685B69BC
:10712000236002B070BD00BFD07600202DE9F3418E
:1071300004460E4600F10808EFF31187402181F361
:107140001288BFF36F8F056AC1688D4232D229F071
:107150006AFD31460546A26880B10024406923F0EB
:107160002DFF2846C5F88C4029F0E2FC4046394600
:1071700000F0A2FD204602B0BDE8F081E06923F0F6
:107180001DFFE369A26804F1240013446269E3610E
:10719000934208BF23694FF0100108BFE361236ADF
:1071A0000133236229F08EFF002087F31188BFF39B
:1071B0006F8FE0E752EA03010AD0074989684E6100
:1071C000CDE9002339460246404600F005FDD2E7EE
:1071D0006FF02200E9E700BFD0760020F7B5044643
:1071E000084604F10807EFF31186402181F3128865
:1071F000BFF36F8F216A002932D0A268A16923F002
:10720000DDFEA369A268204613446269A36193422C
:1072100004BF2369A361236A013B236229F003FDB4
:10722000054668B34169A268E06923F0C7FEE369D7
:10723000A268284613446269E361934204BF23694C
:10724000E361236A013323620024C5F88C4029F0EE
:107250006FFC3846314600F02FFD204603B0F0BDEC
:1072600052EA03010AD0094989684861CDE900233F
:1072700031462246384600F0AFFCEFE76FF02200BF
:1072800086F31188BFF36F8FE8E700BFD076002048
:107290002DE9F341044617461E46EFF311884023BB
:1072A00083F31288BFF36F8FC368334A7BB1806862
:1072B0009168884219D057EA060318D188F31188DB
:1072C000BFF36F8F6FF00F0002B0BDE8F0819168DF
:1072D00091F90E100133E36093682161A36088F394
:1072E0001188BFF36F8F0020EEE72169F2E791F973
:1072F0000E1090F90E306FF07E029942A8BF194629
:107300009142B8BF11468B422DDD29F08FFA054618
:1073100022464146CDE90076184800F05DFC002881
:10732000E1D0EFF31186402383F31288BFF36F8F10
:10733000A068D0B1236821699C420AD04BB193F96F
:107340000E309942A8BF19466FF07E039942B8BF2C
:10735000194629F06BFA40B13146084800F0ACFC00
:107360006FF00A00B0E70025D2E7002DF4D186F3D4
:107370001188BFF36F8FF3E7D076002035A000208F
:1073800038B5836804466BB3194A926893422CD18E
:10739000C368012B03D9013BC360002038BDEFF364
:1073A0001185402383F31288BFF36F8F01698068D2
:1073B00029F03CFA204629F036FCA06060B190F933
:1073C0000E2022610022C0F88C2029F0B1FB294652
:1073D000084800F071FCE0E7E06085F31188BFF336
:1073E0006F8FDAE76FF01500D8E74FF0FF30D5E781
:1073F000D076002035A0002037B51146EFF3118577
:10740000402282F31288BFF36F8F04689CB1236817
:10741000426823F003039442036008BF43600121E4
:10742000204629F078FA044685F31188BFF36F8F60
:10743000204603B030BD51EA0302F5D000F1080246
:10744000CDE900131046294600F0C6FB0028EFD115
:10745000014B9B685C69EBE7D076002038B50446A9
:10746000EFF31185402383F31288BFF36F8F29F068
:10747000DAFB50B10022C0F88C2029F059FB2946D4
:10748000BDE83840074800F017BCD4E902329A4200
:1074900018BF01330221A36004F1100029F012FE8D
:1074A000EDE700BF35A0002013B5EFF311814024B4
:1074B00084F31288BFF36F8F846844B1013C846009
:1074C00081F31188BFF36F8F002002B010BD52EA24
:1074D000030406D181F31188BFF36F8F6FF00F00A3
:1074E000F3E7CDE900230246014800F075FBECE725
:1074F00035A0002070B50446EFF31185402383F3D7
:107500001288BFF36F8F6FF00A06204629F08BFBBD
:1075100020B1C0F88C6029F00BFBF6E7A0600221D7
:1075200004F1100029F0CEFD2946BDE87040014865
:1075300000F0C2BB35A000201FB5094A02AB92E89B
:1075400003004FF4806283E80300009305494FF085
:10755000FF33054800F006F9002005B05DF804FB94
:107560000869040070EA0020E03B00202DE9F043A8
:1075700005464FF0FF384FF0FF39484E85B0EFF326
:107580001187402383F31288BFF36F8FD5F8D8405B
:107590008CB9022105F1F00029F0FAF900285CD13C
:1075A00000233946CDE90089029305F1E0023C4809
:1075B00000F0AAFCE3E7D5F8DC2023689442C5F884
:1075C000D83008BFC5F8DC30D5F8F03043F00203FE
:1075D000C5F8F030E36823F0040343F00103E360EF
:1075E000636887F31188BFF36F8F20469847EFF3E6
:1075F0001187402383F31288BFF36F8FE368D906A6
:1076000023F0010233D4E260E3689A0716D53068AC
:1076100023F00203E36088B10022036870B141687F
:107620008C4232D1036852BB72683360824200D10F
:107630007360002340F8083BFFF710FFD5F8F030E7
:1076400023F00203C5F8F03087F31188BFF36F8F82
:10765000DB0594D400F0B0FB91E705F1E8040022CB
:107660000121204629F044FB0028F8D198E723F0B7
:107670001103E36004F11000FFF7F0FEC4E71360AC
:107680007368834208BF7260D3E723B1196802466A
:1076900018460B46C2E71946F9E700BFF876002006
:1076A00035A00020F8B5C36804469A070F46C3F317
:1076B00040062CD45B071AD40B680BB983680B60A7
:1076C000E368DD0742BFA36802263B603D6858BF00
:1076D0000126002D3AD01F4B9B68AB420AD0D5F84B
:1076E000F030D807C3F3800214D46FF012060023E1
:1076F0003B6025E029F0C3F9D5F8F0300028F0D13F
:10770000D907C3F3C002F0D552B15B0708D46FF0BC
:107710000F06ECE7002AFAD1C3F3C003002BF6D121
:1077200000232360D5F8DC3063B9C5E93644284628
:1077300029F048F9E36843F00403E3603B68A36081
:107740003046F8BD1C60C5F8DC40F0E76FF0150668
:10775000CDE700BFD07600200146014829F073B97B
:10776000E03B0020F0B50446002089B0C4E93600B3
:107770000E9D04F1E000C4E9380004F1E800C4E91A
:107780003A004DB32879002840F2011008BF0120CB
:10779000C4F8F00000204FF0FF364FF0FF37CDE97E
:1077A0000330CDE90100CDE9066720460B4B00947C
:1077B00000F0CAF855B1296811B1204629F065F9E1
:1077C0006B791BB1237B43F001032373204609B07F
:1077D000BDE8F04029F05EB90120D9E76D750100E0
:1077E00037B501900846EFF31184402181F31288E8
:1077F000BFF36F8FC16811F01E0F16D153EA020557
:1078000008D101A9FFF74EFF84F31188BFF36F8FF2
:1078100003B030BD41F00801C160019910308161B1
:10782000034900F069FC0120EEE70020ECE700BF0F
:10783000D309040001460148FFF7D2BFE03B002016
:10784000F7B50C4616461D460190EFF3118740230D
:1078500083F31288BFF36F8F084629F0A4F855EA26
:10786000060309D1204601A9FFF71CFF87F3118801
:10787000BFF36F8F03B0F0BDE36804F1100043F075
:107880000803E360019B3246A36203492B4600F0E4
:1078900033FC0120EAE700BFD30904000146014898
:1078A000FFF7CEBFE03B00200A4B9A68537B13F0F2
:1078B00001030ED1926F1168B1F1F03F09D04FF082
:1078C000F031116083F31188BFF36F8F02231846E4
:1078D00002DF7047D07600202DE9FF410E9E00F1B7
:1078E00058050673042646730D9EC0E91655867327
:1078F0000025D61D4FF0F0320446C0E906558560DC
:10790000C5730A600C9A26F00706C0E91E16C0F877
:10791000805002920B9A01EB060801920A9A00929B
:107920004246EFF78DFE074B65659B6884F8705003
:107930000BB1D3F884304046C4F8843004B0BDE8BD
:10794000F08100BFD0760020F0B5002587B0059506
:10795000109DDDE9127604950F9D044603950E9D5A
:1079600002950D9D01950C9D0095FFF7B5FFB6F1B1
:10797000FF3F08BFB7F1FF3F05D056EA070305D127
:10798000204600F0ABF9204607B0F0BD3A4633463A
:10799000024904F1180000F0AFFBF4E7F30B040018
:1079A00038B50D4D2B4653F81C4F9C4200D004B9FE
:1079B000EC68AB6838B95A7BD20604D1A26912B917
:1079C000DA897F2A05D89C4202D0204600F0DCFAF2
:1079D0002346AB6138BD00BFD076002008B590F9D2
:1079E0000D200146002A437B04DA03F07F03437332
:1079F00029F052F8044B9868431A58425841BDE8A0
:107A00000840FFF7CDBF00BFD076002070B490F9DA
:107A10000D30427B002B29DBD30627D183692BBB9A
:107A2000134962F07F0242730A4652F81C4F944297
:107A300018BF23460C6A23B9C0E9002420600862FD
:107A40000CE090F90E5093F90E60B5420AD0AE42A8
:107A500008DD5A68C0E9003210605860002070BC30
:107A6000FFF79EBF9C42E7D01B68E4E770BC7047FD
:107A7000D0760020002A2DE9F0410E460CBF1021DF
:107A80000821427B044611420FD141EA0203D20988
:107A900018D1437308291BD00120FFF781FFBFF3E2
:107AA0005F8F637B23F0600363732C4B9B68A3425F
:107AB0004ED1EFF30583002B4AD13046BDE8F041AB
:107AC00028F0FCBF03F07F03437328F0E5FFE1E7F4
:107AD000A36813B1204628F0E7FF04F1180029F04D
:107AE0004CF9A56D04F15807AF4211D04FF00008D2
:107AF00075B1284628F0D8FF05F1180029F03DF9A6
:107B00002846C5F88C80FFF781FFA56DAF42EFD105
:107B1000124DAB689C4206D00120FFF741FF204682
:107B2000EFF7AEFDBBE7EFF30583002BF4D00120A8
:107B3000FFF736FF2046EFF7A3FD40F20112084B96
:107B40009A810022AB60C3E91E22C3F88420A6E715
:107B500086F31188BFF36F8FBDE8F081D0760020E7
:107B6000D83C002070B590F90D200146002A437BD7
:107B700004DA03F07F03437328F08EFF154A4B7B32
:107B8000104663F07F034B7350F81C3F146A834226
:107B900008BF002323B9C1E90004216011620CE091
:107BA00091F90E5093F90E60B5420ED0AE420CDD45
:107BB0005868C1E90030016059609068BDE87040C4
:107BC000431A58425841FFF7EBBE9C42E3D01B6872
:107BD000E0E700BFD0760020F8B5124B0C46DDE997
:107BE000067611469868104A1060EFF31182402221
:107BF00082F31288BFF36F8F9D68284628F067FFD5
:107C0000B6F1FF3F08BFB7F1FF3F06D03A46334613
:107C1000064905F1180000F06FFA2046BDE8F8406B
:107C200028F04CBFD076002000770020F30B040032
:107C3000F8B50446EFF31186402383F31288BFF3AF
:107C40006F8F437B49B2DA0619D18569BDB903F05C
:107C50007F03437328F020FF437B164A63F07F03C2
:107C600043731346817353F81C0F984218BF05469F
:107C7000106A5DB9C4E900300460146211E00020AC
:107C8000A17386F31188BFF36F8FF8BD95F90E705D
:107C9000B9420BD08F4209DD6B68C4E900531C6008
:107CA0006C600120FFF77CFE0120EAE7A842E1D0EA
:107CB0002D68DEE7D076002049B9EFF3058030B9B2
:107CC000054B9A699B689A4201D028F0F7BE81F370
:107CD0001188BFF36F8F7047D076002010B5EFF397
:107CE0001184402282F31288BFF36F8F427B5107C9
:107CF00004D484F31188BFF36F8F10BD22F0040207
:107D00004273FFF783FE2146BDE810400148FFF7AC
:107D1000D3BF00BF35A00020034648B9EFF305826A
:107D200032B9064A91699268914201D028F0C6BEE4
:107D300083F31188BFF36F8F704700BFD0760020A8
:107D4000EFF31181402383F31288BFF36F8F054B4C
:107D50009A68D37B013BD37381F31188BFF36F8F94
:107D6000704700BFD076002038B5EFF3118540246E
:107D700084F31288BFF36F8F0A4B00209A68D37B7D
:107D80000133D373FFF70CFE85F31188BFF36F8FB8
:107D9000EFF3118084F31288BFF36F8FBDE8384092
:107DA000FFF7BABFD0760020024B03F11C02C3E9F3
:107DB00007227047D0760020F8B5EFF311854023F5
:107DC00083F31288BFF36F8F19498868437B03F0F0
:107DD0007F03437328F060FE08468B685A7B62F08D
:107DE0007F025A7350F81C2F0C6A824208BF00228F
:107DF00022B9C3E9000423600B620CE093F90E6022
:107E000092F90E70BE420ED0B7420CDD5168C3E944
:107E100000210B6053600120FFF7C2FD2846BDE83A
:107E2000F84028F04BBEA242E3D01268E0E700BF62
:107E3000D076002050EA01032DE9F04105460E46B8
:107E400003D1FFF7B9FF00202BE0831C71F1FF3352
:107E500029DB28F0A7FF2C18EFF31188402383F3C8
:107E60001288BFF36F8F124F124BB8681860FFF77C
:107E7000B5FDB86810492A463346183000F03CF981
:107E8000BA684046537B43F01003537328F016FE44
:107E900028F088FF201A63EB0303012873F1000325
:107EA000D1DBBDE8F0816FF00104241AD4E700BFF4
:107EB000D076002000770020F30B0400B1F1FF3FE3
:107EC00008BFB0F1FF3F38B506D10B4B986828F0DA
:107ED0003EFE4FF0FF3038BDFFF7ACFF4FF47A7530
:107EE0000446002147F6112047F612220023C4FB66
:107EF0000501EBF727F8EEE7D0760020014B9868F4
:107F0000704700BFD0760020D3B5DDE90667089C36
:107F1000CDE90067FFF760FE1CB1034B9B685B690E
:107F2000236002B0D0BD00BFD07600200122044BF8
:107F3000C01A044BC0105843034B1A54704700BF7B
:107F4000B03D0020ABAAAAAA35A00020C3897F2B90
:107F500012D80A4B1B6863B1094B90F90E201B68BD
:107F60009A4209DB437BDB0606D1064BC31A18BFD6
:107F7000012303F0010070470023FAE7087700208F
:107F800004770020303A002070B50E4B0E4C1E7C5A
:107F9000054606EB460304EBC304204628F0EDFE3D
:107FA00000220A4B28469A55FFF7D0FF48B1084BEC
:107FB0002046BDE870401A680649013AD31700F020
:107FC0009BB870BDD0760020B03D002035A00020C9
:107FD000087700202D7F010038B5EFF3118540238D
:107FE00083F31288BFF36F8F104B114A9C6810689F
:107FF000A04206D1FFF7C8FF85F31188BFF36F8F4A
:1080000038BD00211B7C11600A4AD35C002BF3D0E1
:108010002046FFF79BFF0028EED0637BDB0602D1F2
:108020002046FFF79FFD2046E4E700BFD076002002
:108030000077002035A0002008B50648064A074909
:10804000121A28F026FBBDE80840054A05490648F3
:1080500028F01FBB00050020CC14002044A604001B
:10806000000000003CA6040000050020034B1B6834
:108070000BB9F1F7DBBB0020704700BF0C77002085
:1080800030B570B10B4B5B6898420AD0036843B1BE
:10809000D3E90421D0E90445121941EB0501C3E9F4
:1080A0000421D0E9003213605A600023C0E9003394
:1080B00030BD00BFFC07002010B50E4B1C689C4271
:1080C00004D1FFF7D3FF6FF0004010BDFFF7CEFFE4
:1080D000002CF8D0D4E904321B1A62EBE072B3F141
:1080E000004F72F10001EEDA002AACBF1846002002
:1080F000EBE700BFFC070020B3F1FF3F08BFB2F180
:10810000FF3FF8B504461D4616465ED08160EFF38A
:108110001187402383F31288BFF36F8F013275F10B
:10812000FF3324DA6FF001032D49D1E900209B1AB7
:108130004FF0FF3262EB00009E1B60EB0500012E4A
:1081400070F1000301DA01260020C4E90460254E25
:10815000D6F800C07568B44508BF4FF0000CBCF1FC
:10816000000F0DD1C4E900652C6074601CE0FFF7BE
:108170007DFF013645F10005361845EBE070E4E778
:10818000DCE90420D4E90431934271EB000E1DDADE
:10819000D21ADCF8043060EB0100CCE90420C4E919
:1081A00000C31C60CCF804403368B34209D09C4241
:1081B00007D10D4B1C6824B9FFF77EFF2146F1F76C
:1081C0004BFB87F31188BFF36F8FF8BD9B1A61EBF0
:1081D0000001AC45C4E90431C4D0DCF800C0BEE7FE
:1081E000C83D0020FC0700200C7700202DE9F84F47
:1081F000EFF31186402383F31288BFF36F8FDFF80C
:10820000B8902B4D4FF0000A2860D9F800004FF0CD
:10821000000B484508BF0020264C3746D4E9001E15
:108220002B6880B3D0E904864FEAE37C43457CEBBE
:10823000060206DAB8EB030266EB0C06C0E9042678
:1082400021E018EB01014EEBE873C0E904ABC4E98F
:108250000013FFF715FF87F31188BFF36F8F836853
:108260009847EFF31187402383F31288BFF36F8F92
:108270002B68D9F80000A3EB080348453E462B6065
:10828000CBD1D4E9001E59184EEBE373C4E90013B7
:1082900000242C60FFF710FF2146F1F7DDFA87F389
:1082A0001188BFF36F8FBDE8F84FFFF795BE00BF91
:1082B0000C770020C83D0020FC07002010B5EFF32C
:1082C0001184402383F31288BFF36F8FFFF7CEFE34
:1082D0000346054AD2E90001181841EBE37184F323
:1082E0001188BFF36F8F10BDC83D0020F8B504465C
:1082F000EFF31187402383F31288BFF36F8F026877
:1083000022B187F31188BFF36F8FF8BDD0E90A3629
:10831000581C46F10001022871F1000127D3012BFE
:1083200076F10001BCBF012316465D1E46F1FF3603
:1083300028F03CFD013041F10001401946EB0101FC
:10834000012871F100013ADB28F030FD013041F1E4
:1083500000016FF00102401946EB01034FF0FF31BD
:10836000121A61EB030320461749FFF7C5FE236B82
:1083700001332363236A6BB187F31188BFF36F8FD7
:108380002046236A9847EFF31187402383F312882E
:10839000BFF36F8F54F8185FA542B2D0002DB0D054
:1083A000284628F0EEFB0023C5F88C3087F31188AF
:1083B000BFF36F8F2846BDE8F84028F0B9BB6FF0D7
:1083C00001024FF0FF33CEE7ED8201002DE9F041CD
:1083D00005461C4690461F46EFF31186402383F363
:1083E0001288BFF36F8FB4F1FF3F08BFB2F1FF3FB8
:1083F00005D186F31188BFF36F8FBDE8F081531C60
:1084000074F1FF3309DB012A74F10003BCBF0122C0
:10841000002412F1FF3844F1FF37284628F0ADFC64
:10842000DDE90623C5E90A23002342462B632846DB
:108430003B460249FFF760FEDBE700BFED8201002B
:108440002DE9F74F1D46274B16469F68012387F8F5
:10845000603087F8613052EA05030CBF0123002326
:1084600007F16002804628F06FFD8146EFF3118B23
:108470004FF0400A8AF31288BFF36F8F97F860407D
:108480004CB901465A46404628F0FFFC8BF3118850
:10849000BFF36F8F0BE0002387F8603056EA0503C7
:1084A00009D18BF31188BFF36F8F6FF00A04204658
:1084B00003B0BDE8F08F5946CDE900650A4A0B4884
:1084C000FFF78AFB0446EFF311858AF31288BFF3A6
:1084D0006F8F2A464946404628F0D7FC85F311881D
:1084E000D6E700BFD07600200408002036A0002088
:1084F00038B50346EFF31185402282F31288BFF3AB
:108500006F8FC160012181600068834206D185F3CD
:108510001188BFF36F8F0024204638BDD0E90032A8
:1085200013605A600023C0E9003328F085FD294616
:1085300004460248FFF7C0FBEEE700BF36A000206C
:1085400073B506460D4628F09AFA80B90B4B9B6826
:10855000D3F884407CB12A1D09D200200021CDE946
:108560000001204646F0040128F09FF808B90024D5
:1085700001E00460041D204602B070BDD0760020EA
:108580002DE9F84306460F469046994608F02AFE24
:10859000002E5ED00022711E4B424B415B004FEA21
:1085A000C91949EA870949EAC80943EA09031A438C
:1085B0003423294C002E84F84F384FF0120384F8EE
:1085C0004E2840F24D6284F850384FF06003A4F812
:1085D0005228A4F856284FF0000284F8513842F689
:1085E000416318BF4FF4385384F8582894F8512346
:1085F000A4F85438520742BFC3F3080343F430537E
:10860000A4F8543894F8603FB4F84C58DB0648BFDF
:10861000B4F8543825F0070544BFC3F30803A4F8A1
:10862000543894F8623F354313F0600F18BFB4F824
:10863000543805F0C70545EAC02545F0200518BFA8
:1086400023F45643A4F84C5818BFA4F85438BDE896
:10865000F88301220223A2E7147700204FF400637D
:1086600070B5134D0024A5F860380923114E85F824
:108670005B48C5F85C4885F8623885F8A84805F677
:108680005B05E1B2284636F8022B013428F043FDA1
:10869000082CF6D10024084D084E214601343046FE
:1086A00015F8012BE4B228F043FD092CF5D170BD7B
:1086B000147700205486040068A204006F7F002015
:1086C000054B022093F8B9230123003A18BF012279
:1086D0001146FFF755BF00BF14770020084B93F8F1
:1086E000A828072A9FBF511C83F8A81803EB820310
:1086F000C3F8880894BF00206FF01C00704700BFCB
:1087000014770020034B93F8D02560F3C30283F85D
:10871000D025704714770020024B93F8E205C0F390
:10872000C000704714770020034B93F8E12560F3F5
:10873000C30283F8E125704714770020034B93F8B8
:10874000E1256FF3C30283F8E12570471477002019
:10875000024B93F8E105C0F3C00070471477002086
:108760000822014922F02ABC687C002001480AF056
:108770003FBE00BF687C0020082208B503490448BA
:1087800022F0F5FBB0FA80F0400908BD53A30400C5
:10879000687C0020082208B50349044822F0E7FB62
:1087A000B0FA80F0400908BD4BA30400687C0020AB
:1087B0000146082208B5034822F0D9FBB0FA80F040
:1087C000400908BD687C0020014B93F87E05704786
:1087D00014770020014929F076BD00BF5C7C0020A1
:1087E0000A460146014829F081BD00BF5C7C00209B
:1087F0000146014829F08BBD5C7C002038B5044659
:10880000044D284629F09EFE21462846BDE8384002
:1088100029F089BE5C7C0020014829F088BE00BF99
:108820005C7C0020014829F085BE00BF5C7C0020F4
:1088300010B50D4CD4F8B00528B94FF49A7140F634
:10884000BD300BF0DBFE094B00211A68120122F04B
:10885000C0FB2C22002104F2845022F0BAFB4FF618
:10886000FF73A4F8803510BD14770020A805002000
:10887000F8B5054600240E4E0E4F33689C4200D3D7
:10888000F8BDD7F83C0604EB84014218137903F0D5
:108890007003302B09D1435CAB4206D1507801F014
:1088A0005FFB10B1204603F029FF0134E5E700BF6C
:1088B000C00500201477002070B5002204460A4B42
:1088C00093F8FC55D3F80436D0B2854201D8FF2086
:1088D00070BD1E78A64203D1B3F801608E42F7D076
:1088E00001320333F0E700BF14770020F7B5082109
:1088F00004460BF09FFB08220146684622F05EFB0F
:10890000062120460BF096FB134ABDF8026092F850
:10891000FC35D2F8041600229DF8005093420FD87F
:10892000934294BF002301230570BDF80210037128
:108930004180019810B121460FF0B2FB03B0F0BDA9
:10894000B1F80170B74204D10F78AF42E8D0FF2DE3
:10895000E6D001320331E1E7147700202DE9F04F32
:108960001C2185B007460BF065FB002306468DF8F9
:108970000F3000F0B1FB10F12B0F014600D080B991
:108980007189307AFFF798FF8046764CFF2808BF40
:1089900094F8FC8594F81C2F94F8FD3542450DD8C9
:1089A000714938460BF09CFCB069002800F0D58076
:1089B00039460FF075FB05B0BDE8F08F94F81D2F18
:1089C0009A42EDD9337B032B78D1012100220DF19E
:1089D0000F0306F10D000AF0ABFC01460028E0D1C0
:1089E0009DF80F0013F0BAF894F8FC35434569D1AF
:1089F0004FF00109317AD4F804260FFA88F303EB1B
:108A00004303D154D4F8042671891A44A2F8011002
:108A100094F8FC35013384F8FC35327BD4F8083601
:108A2000032A63D100259DF80F3096F815B0019305
:108A3000D4F808364FEAC50A03EBC5039979032930
:108A400043D094F8FD250135EBB29A42F0D894F862
:108A5000FD5594F8FD35AB4266D1317BD4F808263C
:108A600003294FEAC50302EBC50254D19171D4F832
:108A700008269DF80F101A441171D4F80826717D4C
:108A80001A445171D4F8082600211A4482F807804C
:108A900094F8FD353846013384F8FD350BF020FCA1
:108AA000337B032B47D19DF80F000AF071F90028A2
:108AB00041D040F2B71164200BF0A0FD012B93D000
:108AC0002A496EE74FF00009A7E7197901980AF0E3
:108AD000B3FE0028B5D0D4F8083653445A795A4525
:108AE000AFD1DB794345ACD1EDB2B2E70025B6F8A2
:108AF0000D0094F8FD159A79012A05D19A888242D1
:108B000002D1DA794245EFD00135EAB2914203F160
:108B10000803F0D89BE701219171D4F80826B6F834
:108B20000D101A449180ADE7002138460BF0D8FBB8
:108B3000B9F1000FB4D10CF0CBFB0B200EF0F0FE1E
:108B40000F200EF0EDFE0CF0D1FBD4F8C836002B50
:108B50003FF42AAF2846984726E738460AF0BCFF7C
:108B600029E700BF1477002052FBFFFF5CFBFFFFEB
:108B70002DE9F84F04468618091A154FDFF854906E
:108B8000F6B2CDB26119B442C9B201D1BDE8F88FD5
:108B9000D7F80806082250F834B00FFA81FA00EB33
:108BA000C10100EBC40022F009FAD7F808360FFA29
:108BB00084F843F838B0D7F8083699F8002053F80D
:108BC0003A1053F83800013422F0F8F9E4B2D9E74A
:108BD00014770020E0050020F8B505460026334C48
:108BE00094F8FD35B3420CD8002694F8FC25B24227
:108BF0004CD90023D4F80806194694F8FD750730BF
:108C00002BE0D4F80836F70003EBC6039A79032A61
:108C100018D1284619790AF00FFE98B1D4F8083611
:108C20003B4418790AF026F994F8FD25F0B2013A90
:108C3000D2B284F8FD25411C121AD2B2C9B2FFF794
:108C400097FFCDE70136CBE710F831300131A3EBC8
:108C5000060CDCF1000343EB0C038F4203D9002B1D
:108C6000F2D00136C1E7002BFBD1013AD4F804362B
:108C700006EB4600D2B284F8FC25C11C921B02EB25
:108C800042021944184422F082F9AEE72846FFF761
:108C9000EFFD0CF01DFB0B200EF042FE0F200EF03E
:108CA0003FFEBDE8F8400CF021BB00BF1477002068
:108CB0002DE9F7431C2106460BF0BCF9FF2341893F
:108CC0000546007A8DF80730FFF7F6FDFF280746C6
:108CD0000DD1564930460BF003FBA869002800F07F
:108CE000A18031460FF0DCF903B0BDE8F0832B7BA7
:108CF000032B0BD10DF1070105F10D0029F033FA1B
:108D000010F11C0F0146E4D010B1E3E7012BE0D1D4
:108D1000284600F0E1F910F12B0F014615D000288C
:108D2000D8D10C468946DFF80881D8F8083603EB1D
:108D3000C903DA79BA4205D12A7B032A07D0012A6E
:108D400062D0012409F101091CE00021E9E79A79C8
:108D5000032AF6D118799DF807209042F1D15A796B
:108D60006B7D9A42EDD198F8FD255FFA89F0013AC2
:108D7000D2B288F8FD25411C121AC9B2D2B2FFF74F
:108D8000F7FE012198F8FD359945CED3002C45D149
:108D900098F8FC2538B2013AD8F80436D2B200EB84
:108DA0004000C11C88F8FC25D21B02EB420219448A
:108DB000184422F0ECF8D8F8083603EBC403DA794B
:108DC000013497423CBF02F1FF32DA7198F8FD3569
:108DD000A342F0D8002130460BF082FA2B7B032B04
:108DE00007D19DF807000AF045F89DF80700FFF746
:108DF0003FFD0CF06DFA0B200EF092FD0F200EF0EF
:108E00008FFD0CF073FA68E79879012899D19A8858
:108E1000B5F80D309A42A6D0044693E700293FF4F6
:108E200058AFD7E730460AF057FE5DE75CFBFFFF1F
:108E30001477002038B50C4C04F2B465D4F8B02691
:108E400022B9BDE83840094828F0BDB9D4F8A836A1
:108E5000013AE85C013303F00703C4F8B026C4F814
:108E6000A8360AF039FEE9E714770020587D002083
:108E7000002210B5074B93F8A4168A4201D30020B4
:108E800010BDB3F844460C33844201D00132F4E7FC
:108E90000120F5E71477002070B5124B1B78834250
:108EA00004D840F2A34164200BF0A8FB0E4B06B29D
:108EB000D3F8084654F8303004EBC00513B940F23B
:108EC000A641F0E702220021281D22F082F80021AD
:108ED000064BA971E97154F836001A78BDE8704064
:108EE00022F077B8D005002014770020E00500209C
:108EF00038B50024124D3022214605F20C60A5F849
:108F0000FC4585F8FE4522F064F80E4B21461A78A0
:108F1000D5F8000622F05DF80B4BD5F804061A7858
:108F2000214602EB420222F054F8084D2B78E0B2C1
:108F3000834200D838BDFFF7AFFF0134F6E700BF2A
:108F400014770020E8050020D8050020D005002077
:108F5000F8B50024214D95F8FC35E7B2BB4227D87F
:108F600000241F4E3368A34224D8FFF7C1FF0CF042
:108F7000AFF90B200EF0D4FC0F200EF0D1FCBDE8B1
:108F8000F8400CF0B3B9D5F8083603EBC203DA7930
:108F9000BA4205D19A79032A02D1187909F06AFFF9
:108FA000013695F8FD35F2B29342ECD80134D2E7A0
:108FB0000026F6E7D5F83C3604EB840213441A7910
:108FC00002F07002302A06D1587800F0C9FF10B1C3
:108FD000204603F093FB0134C4E700BF1477002060
:108FE000C005002013B508220F49044621F0BFFF39
:108FF000A0B1082221460D4821F0B9FF70B100232D
:1090000020460DF107018DF8073029F0ACF818B9AA
:109010009DF80700FFF7E0FD02B010BD002002B090
:10902000BDE81040FFF794BF4BA30400C47A0020B2
:109030000F4BF0B54FF00C0C054600241F4693F87B
:10904000FE65E0B2864201D8FF20F0BD93F80CE641
:10905000AE4509D10CFB047EBEF80DE68E4503D16A
:1090600093F80FE69645F0D001340C33E9E700BFE2
:10907000147700202DE9F843164D814695F8FE45FA
:109080008846032C17461E4620D8FFF7D1FFFF283D
:109090001AD084420BD10C2303FB0053013483F814
:1090A0000C96A3F80D8683F80F7685F8FE450C2301
:1090B0004FF4C26213FB002031460822284421F0FD
:1090C0007DFF0020BDE8F8832046E4E76FF0400014
:1090D000F8E700BF1477002038B501224189044623
:1090E000007AFFF7A5FFFF2833D01B4B93F8FE252E
:1090F00082422ED04FF4C2620C2515FB00251D4480
:1091000008222846154921F032FF08B9282038BD29
:1091100008222846124921F02AFF0028F6D0237B96
:10912000032BF3D10D34082220460C4921F01FFFF8
:109130000028EBD008222046094921F018FF00281A
:10914000E4D008222946204621F011FF0028DED075
:10915000DCE76FF02A00DAE71477002053A304005D
:109160004BA30400F0B500230E260E49A1F2CF65F3
:1091700006FB035292F8D92612F01C0F09D00C46B8
:10918000082214F8017F87420AD0013A12F0FF0248
:10919000F7D10133032B01F10E01E9D1FF20F0BD1E
:1091A000D8B2FCE7E37D0020002210B5074B93F80E
:1091B000CD45C31CD1B28C4201D8002004E013F885
:1091C000010F01320028F5D010BD00BF1477002038
:1091D000084B00EB8000D3F83C360344187900F0CC
:1091E0007000102804D0A0F1200358425841704765
:1091F00001207047147700200146002238B50B4B40
:109200001C680B4BD3F83C56D0B2A04201D30020CF
:1092100038BD00EB80032B445B788B4203D1FFF712
:10922000D7FF0028F4D10132EEE700BFC0050020CF
:109230001477002070B50C4B0C491A6800230260AB
:10924000D1F83C569A4201D100200AE003EB830496
:109250002E19367916F0700F04D10360D1F83C0650
:10926000204470BD0133EDE7C005002014770020D5
:109270000D4BD3F87007A8B193F8242792B993F84F
:1092800027277AB9D3F8682703F27471895C01380B
:109290000132C3F8700702F001020448C3F86827DE
:1092A0000EF0FEBE704700BF1477002019A0010029
:1092B000014601480EF0F4BE590C020070B51D4B7A
:1092C000C57893F8CD458378611ECA18B2FBF4F2D5
:1092D000013AD2B2954203BF03F1FF33B3FBF4F27C
:1092E00004FB1233CBB208BFDBB2072B07D9002334
:1092F0006FF0050240F61761692029F010FF002188
:10930000FF220126C41C14F8015F25B906FA01F5F5
:1093100022EA0502D2B20131CDB2AB42F3D2417B97
:10932000054B01F01C01CB4013F0010F0CBF1046A0
:10933000FF2070BD1477002000011100F8B50B4626
:109340000546B1F80910187AFFF7B6FAFF28024669
:1093500039D1F8BDD6F80006013410F801E0AE4569
:1093600004BF0B4600F801C03878E1B28842F1D85A
:10937000FF2BEED00020174EDFF860E0C3F3C704E8
:1093800096F8FD55C1B28D42E3D9D6F8085605EBE3
:10939000C10C9CF807C0944513D197F800C09C45B8
:1093A0000FD99EF800C0A4450BD955F831C001254E
:1093B00003F007018D401CF8041021EA05010CF8A8
:1093C00004100130DCE70024FF23A446024F014EC5
:1093D000CAE700BF14770020E8050020E005002060
:1093E000F8B56FF003040027074E051D241A96F800
:1093F000CD2563199A4200D8F8BD287810B10AF03B
:109400006BFB2F700135F2E714770020F8B50546A5
:109410000024084E084F96F8CD25E3B29A4200D8B2
:10942000F8BD2B44197919B1002238460FF0A8F87D
:109430000134F0E714770020159C01007FB502A9E4
:1094400009F0DAFE18B1002007B05DF804FB0C4B00
:109450000DF10701B3F8AC0328F070FE0028F2D13B
:109460009DF8071004A809F001FC082204A90DEBDF
:10947000020021F07CFDB0FA80F04009E4E700BF73
:10948000147700202DE9F74F674C054694F8F7064E
:1094900068B194F8002794F8CD3502FB033C12FB29
:1094A00003F2D2B2D6B2B04201D9944507D815B171
:1094B00028460AF011FB002384F8273765E004EB07
:1094C000D60191F8F81606F0070B21FA0BF1C9073F
:1094D0004FEAD60702F10102E4D4A21992F801176B
:1094E000B146002946D1002D43D094F826A794F820
:1094F0002587504682F801570AF05CFB08FB06F806
:10950000804504D340F63A1169200BF077F85046B5
:109510000AF050FB94F82517A0EB080292B28A4299
:1095200028BF0A462846114601920AF089FB4146A7
:10953000009050460AF06EFB0146DDE9000221F082
:109540003DFD1D2150460AF075FD1D21804628462F
:109550000AF070FD1D224146054621F02FFDBEB9DF
:109560000122AA7694F8F7662A7CEE7642F00C0285
:109570002A740025A14499F80187B8F1000F0AD197
:109580002A4828F024FE84F8278703B0BDE8F08F2E
:109590000222AA76E8E70126E21992F8F81606FAFE
:1095A0000BF6F6B2314382F8F81692F8FC2622FA4E
:1095B0000BF3DB072DD44FF47A7143F6FF3394F8A5
:1095C000CC251B4801FB02334FF470524146B3FBDC
:1095D000F2F20EF069FE4FF47A7143F6FF3394F81D
:1095E000CC25274401FB02334FF470520021B3FB1A
:1095F000F2F20E480EF058FE97F8F8361E4387F840
:10960000F866002DC1D0284603B0BDE8F04F0AF03F
:1096100063BA14F0D1F999F8011706480EF040FD2D
:10962000062011F059FFD6E7147700208594010039
:10963000E9AC0100590C02002DE9F843124C002559
:10964000A1464FF00E0808FB059393F8D936C3F3F3
:109650008203052B10D194F8D8766FB904F2CC664A
:109660003046FFF7BDFE94F8CC0609F003FC0E224D
:109670003946304621F0ADFC0135032D04F10E04CE
:10968000E1D1BDE8F88300BF1477002073B50E4622
:109690000DF1070128F052FD0446C0B90D4D9DF8AB
:1096A000071095F8CC060AF0C7F858B195F8D936E6
:1096B00013F01C0F06D095F8CD36B34202D1E0B2BC
:1096C00002B070BD0134032C05F10E05E7D1FF2077
:1096D000F6E700BF147700202DE9F041CDB2044633
:1096E000284688460AF02AFE2021064628460AF027
:1096F000A1FC294B00221F46B0F8051093F8A4E600
:10970000964518D9B3F844C60C338C4511D10C23B7
:1097100003FB027797F84E36B3420DD93744A4B90C
:1097200097F846362946C371BDE8F0411B480EF054
:10973000B7BC0132E4E7EAD128460AF0CDF944B3D8
:109740002046BDE8F0410AF0C7B9294620460AF094
:10975000FDFB202120460AF06DFC97F84636711C6F
:10976000C371C9B228460AF0FFFD21460B480EF02E
:1097700097FC284606F044FD00224146084828F0A0
:1097800059FD30B14246BDE8F041002104480EF0D9
:10979000CBBCBDE8F08100BF1477002051FF020070
:1097A000D99601002DE9F347904600221C469DF80A
:1097B0002C3006460F469DF828908DF803208BB17B
:1097C0004FF6F77399420DD8012138460DF1030386
:1097D00009F0E6FC8246002841D041F2F4416920BC
:1097E0000AF00CFF4FF0000A554630460AF034FDEF
:1097F000B9F1FF0F6DD041464A46304603F016F9E5
:1098000030460AF0BDF90421044630460AF0D0FC87
:10981000BAF1000F67D1112322784FF6F7718F420A
:1098200094BF00270127134343EAC7032370374B34
:1098300093F84425627093F8862F910706D56FF34D
:10984000410283F8862F6278013A6270002093F813
:109850004425013283F8442502B0BDE8F08701A811
:10986000FFF7E8FC054600284DD09DF8033002794B
:10987000037084F00103DB0043F0140322F07F0245
:1098800003F07F0313430371A8F11103012B98BF69
:1098900003791E4A9CBF43F08003037180F802A045
:1098A000467092F840363846013382F8403628F048
:1098B00082F8012014F03CF89DF8030009F068FAE2
:1098C00069229DF8041012480EF0EEFC4FF0010AD8
:1098D0008BE7032130460AF0DFFB002304460370C8
:1098E00080F8028094E75DB130460AF063F9982869
:1098F00002D941F2665172E730460AF05BF9E8702E
:109900005123227889E76FF01500A5E7147700202E
:109910008DB901000021134A10B40846144692F88C
:109920002F373BB1013BDBB282F82F3711B9191E3B
:1099300018BF012101300A2802F10602EFD194F884
:10994000783761F3C30384F878371B0707D540F6EF
:10995000E442002104485DF8044B0EF0A5BC5DF81C
:10996000044B7047147700201599010010B5154C71
:1099700000EB8002D4F83C360146134418796FF3AB
:1099800006101871FF20D4F83C369854D4F83C36B1
:1099900013445870D4F83C360B4813441A796FF3CB
:1099A000C7121A7100220EF0EBFD94F8403623B96D
:1099B00041F6C44169200AF021FE013B84F840369B
:1099C00010BD00BF147700208DB90100F8B5437BAE
:1099D00004469A070AD500256FF34103084E094F44
:1099E000437396F8CD25EBB29A4200D8F8BD2344D4
:1099F000197919B1002238460EF0C2FD0135F0E7A1
:109A000014770020599B010038B5437B044613F0BE
:109A10001C0F0D4604D140F6BC5169200AF0EEFD42
:109A2000FFF7F4FC2046FFF7D1FF207B08B10AF0D6
:109A300053F88DB1637B03F01C03142B02D040F666
:109A4000C951EAE7D22200210A480EF02DFC204637
:109A5000BDE83840FFF7C4BC2046FFF7C1FC2078C2
:109A600009F008FA29462046BDE838400E2221F0C8
:109A7000B0BA00BF39960100F8B50E231B4C05465D
:109A800003FB004393F8D9260E2702F01C020C2A90
:109A900004BF042093F8D92607FB054604BF60F3F2
:109AA000840283F8D92694F8CD3596F8CE26C9B22B
:109AB0000B44934214DB96F8D93603F01C03142BA5
:109AC0000ED196F8D8160A480EF0EAFA002386F866
:109AD000D83606F2CC600121BDE8F840FFF794BF0C
:109AE0000120BDE8F84013F023BF00BF1477002029
:109AF00051FF0200F8B5164C054694F8633FDA06AC
:109B000025D40E2707FB004307FB004693F8D93600
:109B100006F2CC669B0702D53046FFF757FF07FBDE
:109B2000054494F8D936304643F0020384F8D93618
:109B3000FFF73AFB014620B941F2750169200AF0AE
:109B40005DFD5722BDE8F84002480EF0ADBBF8BD00
:109B500014770020599B010010B5FFF703FBFF2885
:109B6000044604D14FF4796169200AF047FD0022D0
:109B700001460F4828F05EFB0E4B93F8CD25012AD5
:109B800015D9022C13D80E2202FB043303F5DA6137
:109B900093F8D9365F2B4FEA531208D8013262F39B
:109BA00047134B722046BDE81040FFF7A3BF10BD1E
:109BB000C9B401001477002010B5064C94F827377B
:109BC00033B9054828F003FB10B9012384F827377F
:109BD00010BD00BF147700208594010038B5002126
:109BE0000546012009F0EAFE044630B12A46214626
:109BF000BDE8384006480EF097BA284606F000FB4C
:109C000022462946024828F015FB0028EED138BD2F
:109C1000D996010008B5FFF7A5FAFF2804D141F253
:109C20001A0169200AF0EAFC0E2340F2CC6213FB11
:109C30000023034800211844BDE80840FFF7E4BEB4
:109C40001477002070B528F0C4FEFF260023174CBF
:109C5000174D84F844052A689A4218D82A22002110
:109C6000144821F0B6F933220021134821F0B1F94C
:109C70004FF49973A4F8CC3503F058FA0F4B1B78C6
:109C800084F81C3F0E4B1B7884F81D3F70BDD4F840
:109C90003C2603EB83010A44107901336FF306106D
:109CA0001071D4F83C260A445670D4E7147700208B
:109CB000C0050020E07D00200A7E0020D80500209D
:109CC000D005002037B5144D95F8634F14F0080403
:109CD0001ED1224601210DF1070309F061FA70B986
:109CE0002B469DF8072093F82F1719B193F82A17E0
:109CF000914207D001300A2803F10603F3D1002076
:109D000003B030BD062303FB0055B5F82C07F7E779
:109D10004FF42470F4E700BF1477002037B5144DDA
:109D200095F8634F14F008041FD1224601210DF16C
:109D3000070309F035FA78B92A4623469DF807103B
:109D400092F82F0718B192F82A07884207D00133FA
:109D50000A2B02F10602F3D1204603B030BD0622E1
:109D600002FB035595F82E47F6E75224F4E700BFAF
:109D7000147700202DE9F7430D46164601210022F5
:109D80000DF1070309F00CFA68BBFF24274A2346AC
:109D900017464FF006089DF807C092F82FE7C1B2AA
:109DA000BEF1000F22D092F82A97E14522D10B464E
:109DB000062202FB0373142283F82AC783F82F2795
:109DC000A3F82C5783F82E6797F878371A07C3F350
:109DD000C00108D443F0080340F6E442144887F871
:109DE00078370EF061FA03B0BDE8F083FF2B03D1A2
:109DF0000B460AE0FF2C17D0092C06D808FB047983
:109E000099F82F97F14588BF0C4601300A2802F1D6
:109E10000602C2D1FF2B08BF2346092BC8D940F246
:109E20000B3169200AF0EAFB0C46EEE714770020BC
:109E3000159901002DE9F0470C46C0F38108A8F1FF
:109E40000306754275410746C60910460CBF083522
:109E50000A3591460AF000FA237C13F0010A14D067
:109E6000B8F1020F1DD013F0100314BF0D350535E6
:109E70004FF00401484615BF4FF0010A9A46EDB273
:109E8000EDB247F020070AF093F9294648460AF058
:109E900003F9FD06077007D540F6372169200AF05F
:109EA000ADFB4FF0000AF0E7B8F1030F34D123887F
:109EB000C11C437023881B0A837063898D1D0B703E
:109EC00063891B0A4B7023898B7023891B0ACB7013
:109ED000637B0B71214B1EB393F8F72602B3A27E6E
:109EE00002F00302012A01BF93F8442583F8F62605
:109EF000013283F8442593F8F6264A7193F8632FCC
:109F0000500602D593F8642F4A712846A27E00F8C5
:109F1000022BE27E6A7013E0237B811C4370CCE746
:109F200093F8442528464A71013283F8442593F872
:109F3000632F520644BF93F8642F4A71002EE4D178
:109F4000BA0608D593F8741F5246BDE8F04701F0F1
:109F5000020102F059BDBDE8F08700BF1477002070
:109F6000084B094AD3F8003612781A44934201D1BB
:109F70000020704713F8011B8142F7D14FF0FF30EA
:109F8000704700BF14770020E8050020F0B50F46A9
:109F900087B01D2105460AF04DF804462846FFF714
:109FA000DFFF064640B1002329461948E37307B096
:109FB000BDE8F0400EF074B815220146684621F065
:109FC00008F8E37B8DF80E30637B8DF80930237B36
:109FD0008DF808306B4620686168CDF80F7003C3B8
:109FE000237F394628468DF814300AF079F9152177
:109FF00028468DF813600AF01DF81522694620F0F6
:10A00000DDFF294603480EF04BF807B0F0BD00BF56
:10A0100019A00100ED9302002DE9F8431D2104462B
:10A020000AF008F80746204609F0C4FD994B81461E
:10A030001B68ABB9FB7B032B18D1384609F0D8F964
:10A040004FF6FF73984211D100222146924828F022
:10A05000F1F848B191492046BDE8F843FFF796BFB3
:10A06000204698470028E5D1BDE8F8831D21204609
:10A0700009F0E0FFC37B0546022B1BD14FF6F773B7
:10A080000088984209D80022012105F11C0309F03B
:10A0900087F828BB288811F047FD3B8923B13B7C1A
:10A0A00003F00C030C2B1ED02146BDE8F8437C487E
:10A0B0000DF0F6BF032BF0D108227A4920F057FFAC
:10A0C0000028EAD008222846774920F050FF0028CF
:10A0D000E3D0284605F11C0128F045F80028DCD023
:10A0E0006FF01501B7E7714E96F824378BB196F8EB
:10A0F000F71671B10022134606F5E06010F8015F13
:10A100000133DBB2A54208BF01229942F6D1002AF1
:10A11000CAD11D21204609F08DFF037CD8070DD53B
:10A1200013F0100F0CBF492541251FFA89F94D4541
:10A1300006D33B7C23F008033B74B5E75225F4E7D4
:10A14000FB7B032B2AD1384609F052F94FF6FF73F7
:10A150009842804604D140F2D67169200AF04EFA46
:10A1600002233880FB734FF6F773984503D92146D5
:10A170004B480DF095FF4046FFF760F9A8B1224625
:10A1800039460020FFF756FE204609F03DFC2146E7
:10A19000BDE8F8430246464828F04CB8013B012B85
:10A1A0003FF658AFB7F80080DDE74046FFF78AFD7D
:10A1B000024638B921463F4828F03CF800283FF4D1
:10A1C00053AF8DE7814501D93B4944E796F86E3F8F
:10A1D000A3B94046FFF7A2FD1B2803D84046FFF76E
:10A1E0009DFDF1E73A7CD10703D4A0F10A03DBB26D
:10A1F00006E0D20639D4A0F11303F8E7FF2BEDD027
:10A20000D6F87027A2BB96F82417A1BB96F827773B
:10A210008FBB023DEDB29D424FF01D01204628BF8D
:10A220001D4609F007FF394680463322234820F0B7
:10A23000D0FE012386F8264786F8243798F80F3099
:10A24000204686F8283786F8255709F0B3FC6B1EA0
:10A250001844B0FBF5F0B0F5807F28BF002086F8E9
:10A26000F706BDE8F843FFF7A7BCA0F11B03BEE764
:10A27000012A7FF435AFD6F86C370132F11801337B
:10A2800003F0010381F87447C6F87027C6F86C37ED
:10A29000EAE600BF6887002089B902005AFBFFFF89
:10A2A000E9AC010053A304004BA304001477002081
:10A2B0000DB60100F1BB020060FBFFFF0A7E00202B
:10A2C0002DE9F84F0E460023314C054694F8F70669
:10A2D00004F5E062D9B2884208D82E4B19680023F1
:10A2E000DAB2914203F10103FAD84BE012F8011FF0
:10A2F0000133A942EED14FF00009DFF8988027E042
:10A30000234493F801A7BAF1000F1FD000273A4663
:10A3100013E0D4F83C3605EB85010B445B785345DC
:10A320000AD12846FEF754FF002814BF83469346FF
:10A330002846FFF71BFB5A460137D8F80030FDB21C
:10A340009D42E6D312B9504609F0C6FB09F1010956
:10A3500094F8F7265FFA89F39A42D1D82022002197
:10A360000D4820F036FE002394F82657A4F8F63660
:10A3700084F8003784F8213784F8243784F82637A6
:10A38000FEF776FF31462846BDE8F84FFFF7FEBDE1
:10A3900014770020C0050020157E0020F0B5234B67
:10A3A00085B01B68834204D840F6253169200AF045
:10A3B00025F91F4D00EB8004D5F83C36234458782E
:10A3C00026F02AFF30B1D5F83C36234493F9042017
:10A3D000002A02DA40F62631E8E75F78384609F0CD
:10A3E000CFFB0646384609F0E5FBC11EC9B2304630
:10A3F00002AA03F04DFA0DF1070102A827F0B3FEFF
:10A4000088B99DF8070008F0C3FC10B140F62D3163
:10A41000CCE7D5F83C36185D08F02CFD9DF80720F8
:10A42000D5F83C361A5505B0F0BD00BFC005002078
:10A4300014770020F8B51C4D00EB8004D5F83C36AD
:10A440000E4623441B7913F0700F04D141F26C4186
:10A4500069200AF0D3F820220021304620F0B9FD0F
:10A46000D5F83C362344587809F08AFBD5F83C36B9
:10A4700007462344587809F09DFBD5F83C36234421
:10A48000DA78904202D241F27941E1E7587809F056
:10A4900091FBD5F83C3631462344DB78C01A38446A
:10A4A000BDE8F84026F0E8BE1477002070B51A4CDD
:10A4B0000546D4F8B0263AB3D4F8A83604F2B4610D
:10A4C000CE5C013303F00703013A3146C4F8A836E5
:10A4D000C4F8B02609F03AFD314610480DF0E0FD11
:10A4E0002021284609F0A6FD0646014600222846FE
:10A4F00026F01BFFB4F8AC332946A6F80130084813
:10A50000BDE870400DF0CCBD09F0E6FA40F6A111AF
:10A5100069200AF073F800BF14770020590C02007C
:10A52000DD9B010000232DE9F04FFF2899B0814603
:10A530000E4617460C788DF81D3004D941F6990166
:10A5400069200AF05BF8C3B2184610A90293FFF71E
:10A5500071FFF81CA94B06D093F8F756A5B9284609
:10A5600019B0BDE8F08F0520D3F83C2609EB89012E
:10A570000A44117960F30611117193F82227FF2A1A
:10A58000EAD06FF00105EAE7E509E8D014F00C0F16
:10A59000C4F3810A40F0EF8193F8004793F8CD258A
:10A5A00014FB02F4E4B237B9F37D96F818A08DF8E5
:10A5B0001D30002517E0F91C06D193F8222793F8E7
:10A5C00023A78DF81D20F4E717F11E0F00F0FF8080
:10A5D0008B4B9F4200F0FB806FF495639F4214BF4A
:10A5E00000256FF007050023844E09EB89080193CD
:10A5F000039379E0544575D353449C4272DAA4EB3B
:10A600000A0218AB03EBD20313F8433C02F0070233
:10A61000D34013F00103059327D0012306EBD402A6
:10A6200004F007018B4092F8F8160B4382F8F836D5
:10A63000744B3119D3F800E00023D6F83C2604917E
:10A64000D9B28E45009144D9049991F801C7009977
:10A6500001EB810B02EB0B004078591C604540F088
:10A66000B480A0B941F6F6016AE7331993F80137CF
:10A67000002B37D0012106EBD40304F007029140F0
:10A6800093F8F82622EA010283F8F826D0E7059924
:10A6900000296BD002EB08014978059281425ED017
:10A6A0000393FEF7A9FD039B059A48B912F80B0026
:10A6B00008F0E0FB049B93F8010709F00DFA039BF7
:10A6C0000021321982F80117009A91454AD10123DD
:10A6D00003934C4B009A1B68934212D1002233190A
:10A6E00083F801270134E4B296F8F736A34208D97B
:10A6F00096F8CD3596F8002702FB03329442FFF41A
:10A7000079AF9DF81D303D4EFF2B02BF96F8003704
:10A71000013386F80037039B002B5AD0002386F8BC
:10A72000213796F8F706002D00F098806FF00705A6
:10A73000D6F83C3696F8F74603EB08020023324978
:10A74000D8B2844240F28E8092F801C011F8010F15
:10A7500001338445F4D14FF00009CB46A6E0012235
:10A760000192ADE7D8B2FFF701F9B0E712F80B108C
:10A7700008A808F0BFFA4FF6FF73BDF82010994201
:10A7800002D141F62111DBE6012306EBD40090F85B
:10A79000FCC604F0070203FA02F242EA0C0280F857
:10A7A000FC26D6F83C0658440279407882F008022C
:10A7B000C2F3C00226F0FCFD0123D6F83C265A4421
:10A7C000117963F30611117183E70B4638E7A2464E
:10A7D000EFE606EBD40393F8FC3604F00704E340FD
:10A7E000DA0742BF96F82137013386F8213796F809
:10A7F0002137032B95D96FF01D0599E714770020B9
:10A8000059FBFFFFC0050020147E002006EBD3019A
:10A8100091F8F81603F0070321FA03F3DB0702F1BE
:10A8200001021CD4FFF7C8F9019B002B3FF4A9AE2D
:10A83000D6F83C4604EB08035878FEF7DDFC48B92F
:10A8400014F8080008F016FBD6F83C364344587854
:10A8500009F042F90298FFF789F892E62A46D3B246
:10A860009842D3D804220021444820F0B2FB96F845
:10A87000260710BB41F6B21162E606EB040A9AF80D
:10A88000011789B1D6F83C26424452788A4208D052
:10A89000002221463A480DF073FE9AF8010709F0AC
:10A8A0001BF9344484F801B709F1010996F8F72639
:10A8B0005FFA89F4A242E0D8D4E71D2109F0BAFB7F
:10A8C0001D22014608A820F079FB152196F82607DD
:10A8D00009F0B0FB04461522002120F07AFB96F81F
:10A8E0002837A373D6F83C26032B12F808202275CC
:10A8F000D6F83C3613F808100BD1204608F0B6F90C
:10A90000082220461F4920F032FB80B941F6C811C9
:10A9100016E60DF11E0008F0EDF94FF6FF72BDF8D6
:10A920001E30934202D141F6D01109E623809DF8F2
:10A930002D30394663729DF82C30C4F80F702372A5
:10A94000BDF82A3096F82607542B0CD107F082FD6B
:10A95000332200210C4820F03CFB002386F82437EA
:10A96000FEF786FCFBE509F0BBFC96F826170748C6
:10A970000DF096FBECE70025F1E500BF107E00200E
:10A980008DB9010053A304000A7E0020ED9302005C
:10A990002DE9F043674D00EB8004D5F83C360746BF
:10A9A00023448BB058788846164691F8009026F0DC
:10A9B00033FC48B1D5F83C36234493F90430002BDE
:10A9C00002DB3846FFF7EAFCD5F83C363146234433
:10A9D000587809F085FCD5F83C360DF10600195D74
:10A9E00008F088F94FF6FF73BDF806209A4204D1AB
:10A9F00041F61621692009F001FE09F00303012B3D
:10AA000004D0022B28D119F0100F25D0D5F83C36F0
:10AA100015212344587809F00DFB02238373BDF8F8
:10AA20000630F11C0380D5F83C361B5D037514BF5E
:10AA300033460023C0F80F30D5F83C36234458780D
:10AA40000EF088FC02360FD070B9D5F83C3623449E
:10AA5000587809F041F807E016F1150F0AD1D5F83A
:10AA60003C36185D08F006FAF8B2FEF77FFF0BB02F
:10AA7000BDE8F083B21CF7D098F80030DA0915D0A1
:10AA800013F00C0F12D1324641463846FFF74AFD0B
:10AA90000230ECD0D5F83C6633195878FEF7ACFBA1
:10AAA0000028E1D1305D08F0E5F9CEE7FF2F02D9AB
:10AAB00041F675219EE702A9F8B2FFF7BBFCD5F875
:10AAC0003C3615212344587809F0B4FA9DF810302B
:10AAD00043729DF80F3003729DF8083013F00C0F8D
:10AAE00002D041F6872185E702238373BDF8063043
:10AAF0000380D5F83C26125D02754FF6F77293423B
:10AB000002D941F6942175E7F31C08BF0026C0F86E
:10AB10000F60D5F83C369DF808102344587802AAF7
:10AB200026F055FBD5F83C360348234459780DF000
:10AB3000B7FA99E714770020ED9302002DE9F3416D
:10AB40009DF820509DF824C00446CDE9005C0E46D7
:10AB50001F46FEF727FE054638BB3A46224F3146D0
:10AB6000204626F025FC97F8763F5B0716D527F0A0
:10AB700026FB064620B941F29C51692009F03EFDB2
:10AB8000214609F0E3F90622314618480DF08CFB06
:10AB900097F8763F65F3820387F8763F214614489D
:10ABA00002B0BDE8F0410DF07BBA10F1160F16D0DF
:10ABB0002946204602B0BDE8F041FFF7E7B9D8F8D2
:10ABC0003C3606EB860213445B78A34202D1F0B216
:10ABD000FEF7CCFE01363B689E42F0D3E8E7002644
:10ABE000044FDFF80480F6E714770020B1920100EB
:10ABF000590C0200C00500202DE9F0470D468CB02D
:10AC000011461F46044691469DF850A029F0B8FB16
:10AC1000334B344E19680023D6F83CC6D8B2814273
:10AC200035D900EB80080CEB080292F804E01EF026
:10AC3000700F43D05278A24240D104A9FFF7FAFB2B
:10AC40000DF10F01284627F079FAD6F83C3687F047
:10AC50000102434419799DF80F0062F3C301197191
:10AC6000D6F83C3613F8081008F0E6FD78B9D6F8A7
:10AC70003C3613F8080008F0FDF89DF80F0008F0C6
:10AC800087F89DF80F20D6F83C3603F80820B6F870
:10AC9000AC33ABB1FF230022CDE900323B46122298
:10ACA00029462046FFF74AFFBAF1000F15D00421CC
:10ACB00020460CB0BDE8F04709F07ABA0133ADE7A1
:10ACC000484608F095FB401B4FF0FF0318BF0120DA
:10ACD000009311223B460190E2E70CB0BDE8F087FB
:10ACE000C0050020147700202DE9F04F1D2193B0FE
:10ACF000054609F09FF9044690F80F8025B940F207
:10AD00003341692009F07AFC4FF6FF76ADF81C60FC
:10AD100013F060FA00283BD00AA8FDF721FD0AA82D
:10AD200008F066FBB04202D140F2D631E9E7E37B9E
:10AD3000022B11D12388834217D1BA4B07A893F86D
:10AD4000C21307F0D7FF4FF6FF73BDF81C209A42DD
:10AD500012D14FF47E71D4E7032B19D1082220467B
:10AD60000AA920F004F90028E7D02846AE4913B01C
:10AD7000BDE8F04FFFF70AB9237CA4F81520DE07E1
:10AD80005CBF43F001032374237C63F07F032374CF
:10AD9000237CD80705D5190603D40421284609F0D9
:10ADA00007FA237C13F0080307D19E4A92F8F706AE
:10ADB00002F5E062D9B2884232D8A37B40218DF8F7
:10ADC0001E3002238DF81F3000238DF82030954B64
:10ADD000284693F86B3FDB4303F001038DF82130E5
:10ADE00009F0E6F9E67B002E40F08B801D21284615
:10ADF00009F020F9DFF8389241890746407B99F83D
:10AE00000080FDF759FDFF28049000F04782854B34
:10AE100099F80020D3F8000652B96FF040012AE1FA
:10AE200012F8011F0133A942C4D140F26A4168E718
:10AE3000334604E0D9B291420FD2B0460E46C15C0F
:10AE40008D4200F09680424503F1010301D10029B3
:10AE5000F0D0D9B28A424646EFD89642DDD24FF0C2
:10AE6000000E8555012206F0070302FA03FA4FF09F
:10AE7000000CFF23DFF8AC91C6F3C7015FFA8AFB31
:10AE8000039299F8FD055FFA8CF2904274D8FF2B7B
:10AE900000F0A980D9F808261BB252F83300425CB2
:10AEA00022EA0B024254D9F8082602EBC30898F8AC
:10AEB00006B0D9F80436BBF1030F98F807A040F0AC
:10AEC00083800AEB4A0A03EB0A02384698F804101A
:10AED000CDE9042307F0CAFE049A059BB2F80120CD
:10AEE0007A8113F80A3087F80FB07B7398F8043032
:10AEF0003B7798F805303B73039B002B6AD194F89D
:10AF00000F80B8F1020F7BD0B8F1030F00F09280F0
:10AF1000B8F1010F40F0BE804FF6F7714FF6FD72A9
:10AF2000B4F817300C268B4298BF1346ADF81C308E
:10AF3000237C03F0FB031F07237400F1BF80B308D9
:10AF4000022B02D1032010F0C7FA2088FEF776FA10
:10AF5000002800F0C4802A4621463046FEF76AFFEA
:10AF6000284608F051FD29460246304827F062F98C
:10AF70008DE04FF0010E75E7D9F8080600EBC20826
:10AF800098F8078005900498804511D1059850F8ED
:10AF9000328018F80100BEF1000F0CD1FF2B08BF62
:10AFA00013464BEA000018BFCDF80CE008F801008A
:10AFB0000CF1010C65E710EA0A0FF9D0FF2B16BF60
:10AFC000002213460392F3E7B8F804303B800123D4
:10AFD000FB738EE7164B1B78B34282BF0022D9F871
:10AFE00000369A558BE7039B3BB1114B1B78B3425C
:10AFF00003D90022D9F800369A556FF01B013AE0C8
:10B000004FF6FF722388ADF81C302388934203D09B
:10B0100005339BB2022B19D8237C082603F0FB03CF
:10B0200089E700BF147700205DFBFFFF0DB601002C
:10B03000E8050020204608F0DBF94FF6FF73984240
:10B04000ADF81C001BD002232080E373267C32075E
:10B050003BD5944B93F8E1355B0731D4BDF81C0028
:10B06000FEF730FE0246E8B929468F4827F0E2F89D
:10B0700068B16FF015012846FFF722F907E00022BA
:10B0800029468A4827F0D6F8002840F0098113B0F5
:10B09000BDE8F08F00236FF0200240F24C51692090
:10B0A00028F03DF8267C06F00C030C2B03D18026FB
:10B0B0004FF0020849E716F00806F9D00021DAE758
:10B0C00006F00C060C2EF9D1F1E706F00C06A6F1FD
:10B0D0000C0CDCF1000646EB0C06F601E8E728460E
:10B0E00008F068FD48B9237CD80706D523F0010392
:10B0F00004212846237409F085F894F8109019F07B
:10B10000040962D01D2221460AA846F040061FF01D
:10B1100055FF2A462146304694F81B90FEF78AFEDA
:10B12000634BD3F800B05F4B93F840369B4500F07B
:10B13000B78006A8FEF77EF8074618B1DDF818A01C
:10B14000D34502D841F27C71DBE59DF83730012B05
:10B1500018BF9DF84430457018BF0370284608F0AA
:10B1600029FD982802D941F28871CAE5284608F0DD
:10B1700021FDF8709DF836304A4ABB7092F840368F
:10B180000120013382F840363B7923F07F0343F0FE
:10B1900014033B7112F0CCFB208826F00CFC6922D2
:10B1A00044485FFA8AF10DF07FF894F91020237C6F
:10B1B000002A19DA590703F001060CD5207F07F0A1
:10B1C000E7FD40B140F21A619BE52A462146304630
:10B1D000FEF730FEE9E7B4F8151000232846364A9A
:10B1E0000096FFF709FD52E713F0020318BF18237A
:10B1F00001228DF82430ADF822200A21284694F847
:10B200001CA008F017FF0A2207A91FF0D7FEC6F3FB
:10B210008103032B234F24D197F8A4365BB3D7F8CF
:10B22000B036072B27D82088FDF722FE18B3B8F1D7
:10B23000010F20D1D7F8AC362048FA1882F8B4565E
:10B24000D7F8B0260133013203F00703C7F8B02660
:10B25000C7F8AC3626F0D4FF014600287FF40BAFC8
:10B2600015E743B9720606D5504607F091FD10B1B7
:10B2700040F2A16145E597F8633F5B0709D597F870
:10B28000F73633B199453FF402AFB9F1020F3FF4FD
:10B29000FEAE29460A480CF003FFF8E60949EAE643
:10B2A0000949E8E614770020F1BB020089B90200E1
:10B2B000C00500208DB90100C47A0020ADA40100B2
:10B2C000590C020058FBFFFF52FBFFFF2DE9F0472E
:10B2D0000A780C46D309074688B002F003013FD034
:10B2E000A37D03F00303013B012B39D84FF0010884
:10B2F00041450BBF1226022605210B21900644BFB3
:10B300000531C9B2384648BF46F0200608F098FC1F
:10B31000B8F1000F01D046F08006F206067028D57D
:10B32000451C617B76092970B8F1000F35D10135D4
:10B33000627D06F0010612F0020800F0A6800822E5
:10B340005D490DEB02001FF039FE002E00F09580E4
:10B350004FF6FF73A08B98426AD141F2457124E009
:10B3600001294FF000080BBF1226022602210821F6
:10B37000C4E7237AC51D4370B4F809308370B4F86C
:10B3800009301B0AC370B4F80B300371B4F80B30EA
:10B390001B0A4371E3798371C3E7B4F80100FEF738
:10B3A00075F9FF2804D141F29061692009F026F96E
:10B3B0000E23DFF8108103FB008A98F8CD259AF858
:10B3C000CF9619FB02F940F2CC6213FB00205FFA22
:10B3D00089F94044FDF772FFB9F1000F0CBF01235A
:10B3E00002236B709AF8CF3698F8CD25E87013FBDE
:10B3F00002F3AB7012F0EEFE08B9043598E7B4F82A
:10B400000130002BF9D1637D04A843F0020363757A
:10B4100098F8C21307F06EFCBDF810306383F30791
:10B42000EBD5022108F2545013F0D2FAA083E4E7DE
:10B43000C0B201F0A9FA0E218046384608F0FAFDA4
:10B440000522064604A928468DF81020CDF8118063
:10B450001FF0B4FD0822B01C0DEB02011FF0AEFD81
:10B460000022638BB2723380A38B39461348B381B9
:10B4700026F0E0FE08B0BDE8F08700963346384677
:10B48000618B02AAFFF7B8FBF4E746B10421384606
:10B4900008F08EFE42464146284601F0B5FA38468D
:10B4A000B4F80110012225F083FF3946044808B0A2
:10B4B000BDE8F0470CF0F4BDC47A0020D7130400B7
:10B4C000590C02001477002030B504468BB020B927
:10B4D00040F65F71692009F091F80E23594317482F
:10B4E000451895F8D93613F01C0F20D001F2CC6125
:10B4F0000844FDF759FED0B1002202A925F015FF3E
:10B5000095F8CC160DF1060007F0F4FB4FF6FF722C
:10B51000BDF80630934202D140F67B71DAE720464F
:10B5200002A9ADF80930FFF7D1FE0BB030BD2046BF
:10B530000BB0BDE8304008F0CFBA00BF1477002050
:10B54000002138B5104B1C68104BD3F83C36A14293
:10B5500000D138BD01EB81029D5C854201D00131F3
:10B56000F5E713441B7903F07003302BF1D1CCB213
:10B570002146002206480DF003F82146BDE8384078
:10B5800003480CF08DBD00BFC005002014770020DB
:10B590008DB9010030B51D2189B0054608F04AFD7E
:10B5A000044669462846002225F0BFFE00211D22E0
:10B5B00020461FF00EFDBDF80B309DF800202381C2
:10B5C000BDF80930510663819DF808302846637341
:10B5D0004FF00003E37342BF237C43F00403237462
:10B5E000930642BF237C43F00103237408F0C8FA9A
:10B5F00025F082FF0146284608F0E2FB2946024872
:10B600000CF04EFD09B030BD19A00100F8B5CDB267
:10B610002021064608F00EFD1D210446284608F0AC
:10B6200009FD074626B94FF41D61692008F0E6FFC1
:10B630002946304608F08AFC304608F0A1FA037823
:10B64000314623700F4B1048B3F8AC33A4F80130E7
:10B650003B7BE3717B7B23727B89A4F809303B89B8
:10B66000A4F80B300CF01CFD2846FEF779FC0146CF
:10B67000284619B1BDE8F840FFF78CBFBDE8F84097
:10B68000FEF784BC1477002051FF02002DE9F04F33
:10B6900015218BB0044608F0CDFC0546D0F80F60AC
:10B6A00024B940F64231692008F0A8FF204608F08E
:10B6B00067FA8146002E44D14FF6F7732A889A42E2
:10B6C00041D8077807F00307023F18BF012700227F
:10B6D000204602A925F029FE2046FEF741FC8046BF
:10B6E000204625F0A0FD002E52D199F8003003F03D
:10B6F0000302022A01D1DB0908D1002848D00378CF
:10B7000003F00302022A43D1DB0941D02B889DF8C4
:10B7100015102046019300919DF81FB09DF820A0C0
:10B7200025F07AFDDDE9001338B3204625F07BFDD6
:10B730000278034602F00301022906D040F6F441E4
:10B74000B1E70027C3E73746C1E7D106C2F30010CF
:10B7500002D540F6F541A6E7D209D97902D140F6E3
:10B76000FB41A0E71A7A02F00302013A012A9CBFCA
:10B7700093F809A093F80AB003461846FDF786FF30
:10B78000FF28014604D079484AEA0B220CF0CCFC91
:10B79000204625F048FD034610B10378C3F380131B
:10B7A00099F8002002F0030102290FD1B8F1000F2F
:10B7B00002D040F6733176E7204608F08DF9002F6D
:10B7C00000F0BC8005200FF087FEB7E0520641D59F
:10B7D0000025DFF8B091DFF8B0A1D9F80000DAF861
:10B7E0003C16854221D00B7913F0700200F0BA802C
:10B7F00091F801C0A44540F0B580402A05D05C48CE
:10B80000864202D0F93886426BD1B8F1000F61D080
:10B8100028466FF0140202A9FFF7BAF82046FFF796
:10B82000B9FED9F800309D42C9D1204608F054F93C
:10B830000025D9F80030E8B29842C0D2DAF83C3698
:10B8400000EB800213445B78A34201D1FEF78EF82F
:10B850000135EEE7002BBBD1B8F1000F36D10DF06A
:10B86000DFFC6FF43C739E4299F8001018D19DF8EC
:10B87000083013F00C0F13D101F00303012B0FD18B
:10B8800070B120462D8808F0FDFC2946C0F3400227
:10B89000204625F08DFD214636480CF001FC8EE750
:10B8A000204602AA25F093FCEB7C13B140F69931B7
:10B8B000F9E69DF8103031466B729DF80F30204646
:10B8C0002B7208F00DFD21462B48E6E72046FFF7D6
:10B8D00061FE74E76FF49562284602A9FFF758F8F5
:10B8E0009FE7202A20D1032023F062F9B8F1000F4E
:10B8F0008ED1204625F090FC98B1DAF83C3605EB65
:10B900008502134493F90430002B0ADB2846FEF726
:10B9100045FD204625F0A1FC0022204602A925F085
:10B9200004FD6FF00202D7E75EB9102A02D040F69C
:10B930001441B8E6032262F306130B710BB0BDE8A5
:10B94000F08F0E4A964208D1B8F1000F03D020467E
:10B9500002A9FDF7F3FC0A4ABEE7032262F30613CD
:10B960000B712CE7013505313BE700BF799A0100E7
:10B9700026FDFFFF590C0200ED9302003EFCFFFF85
:10B9800059FBFFFFC0050020147700202DE9F04788
:10B990006E4F00EB8009D7F83CA68AB00AEB090489
:10B9A000667805463046FEF7DBFA1AF8091080463D
:10B9B0000DF1060007F09EF94FF6F773BDF806008B
:10B9C000984204D941F6D321692008F017FE25F0EA
:10B9D000F2FF3046002202A925F0A7FC3046FDF711
:10B9E0000BFCB8F1000F40F08F80002840F08D80F4
:10B9F0002379590707D003F07002102A1EBFDA1D01
:10BA000062F30203237123795A070ED103F0700306
:10BA1000302B01D0402B08D128464D4A02A9FEF711
:10BA2000B7FF07200FF058FD58E069222946494822
:10BA30000CF03AFC227902F07003302B4ED182F0E8
:10BA40000802C2F3C0023046BDF8061025F0B0FC73
:10BA50000A21304608F0EEFA0122A3788370237998
:10BA6000022062F30613237123F0A2F800233A495F
:10BA700011F8012FB24234D107EBD30292F8F82625
:10BA800003F00700C240D4072BD597F8002797F89A
:10BA9000CD1512FB01F2D2B29A4213D01F2B0DD05A
:10BAA0009A420BD90133C3F3C4023A4492F8F82600
:10BAB00003F0070322FA03F3D80703D597F8633F8F
:10BAC00059070BD56FF01D02284602A9FEF72AFD83
:10BAD00097F8633F6FF3820387F8633F0AB0BDE8CE
:10BAE000F0870133DBB2202BC2D111F065FF314664
:10BAF0001A480CF0D5FA4FF6F773BDF806209A42B3
:10BB000017D941F675315FE728B13422294611482B
:10BB10000CF0CAFBE2E7237903F07702302A0AD15E
:10BB200028466FF0140202A9FEF732FF3046FFF7F5
:10BB300031FD062076E75A07E7D003F07002102A9D
:10BB4000E3D0DA1D62F302032371DEE714770020ED
:10BB500059FBFFFF8DB90100147E0020590C020033
:10BB60002DE9F0416FF002040026DFF83480C51C97
:10BB7000241A98F8CD2563199A4202D83046BDE8B8
:10BB8000F08168780028F9D007F0FAFF25F0B4FCBE
:10BB9000074615F8010F08F00DF8C01B0644E8E74A
:10BBA000147700202DE9F047037B0446002B5BD17E
:10BBB00040F66661692008F021FDA719387918B9A7
:10BBC000AEBB40F66F61F5E707F0DAFF25F094FCB5
:10BBD000054676B9E37863B90146207B08F01EF983
:10BBE0000646207907F0CCFF2A46014630461FF072
:10BBF000E5F93879267B07F0DDFF411B304608F078
:10BC00000DF929460646387908F004F88146387956
:10BC100007F0D0FF4946421B30461FF0CFF908F12C
:10BC200001089AF8CD355FFA88F6B342C5D82021CD
:10BC3000207B08F0FFF920210546207908F0FAF969
:10BC40002022014628461FF0B9F9637B03F01C024D
:10BC5000082A02BF032262F384036373637B6FF3DA
:10BC600000036373BDE8F0874FF00008DFF804A01D
:10BC7000D7E700BF147700202DE9F0470E244C438E
:10BC80002E4E04F2CC6788460546374420B940F66C
:10BC9000B761692008F0B2FC344494F8D93613F047
:10BCA0001C0F04D12846BDE8F04707F015BF94F8F3
:10BCB000D836B3B3284607F0A7FE0E24824638468E
:10BCC000FFF74EFF04FB0864814694F8D80607F09E
:10BCD0009BFE8144CA45E5D394F8D80607F06AFF75
:10BCE0000146284607F0ACFF814694F8D80607F0D5
:10BCF00047FF824694F8D80607F05CFF514602469B
:10BD000048461FF05BF994F8D80607F0E5FE0E23CD
:10BD100003FB086686F8D8563846BDE8F047FFF7BB
:10BD200041BF07F071FE81463846FFF719FF814594
:10BD3000EDD894F8D836002BB4D0BBE714770020A8
:10BD40002DE9F04FCDB28DB08046284607F018FFA0
:10BD50004FF6FF73ADF80E308DF80B300023074619
:10BD60000A2128468DF80C3008F064F97B7890F8A9
:10BD7000089013F0100F974C0FD0B9F1000F0CD1B1
:10BD8000384625F008FDB988B4F8AC338B4204D0AE
:10BD90004A460DF10A0307F045FB0122284604A993
:10BDA00025F0C3FAD4F8403F0BB1284698479DF8D8
:10BDB00010B05FEADB1608D09DF8266006F0030697
:10BDC000013E012E8CBF002601262021284608F0C6
:10BDD00031F9202204A91FF0F1F89DF810309806DF
:10BDE00027D5284603AB0DF10B020DF10E0101F032
:10BDF00017F8824600287AD17B78990719D5202137
:10BE0000284608F017F98346284607F0B9FE07468A
:10BE1000007825F050FB3B5C07EB000C9A0608D538
:10BE20005246BBF801100DF10D030CF1050007F0AF
:10BE3000F9FABDF80E0009F0ADFC202107462846AE
:10BE400008F0F8F80346A7B197F82820017DC2F35F
:10BE5000C20262F30201017597F82810027D61F3B6
:10BE6000C502027597F82820017D920962F38711B7
:10BE70000175597D9DF80C20284662F30001597523
:10BE80009DF8253062F300038DF82530BDF80E30A3
:10BE9000ADF82C30002E6CD128F082FB002852D057
:10BEA0009DF810209DF81D1002F0030312F00C0FF6
:10BEB00003F1FF360CBF0122002273427341BDF82B
:10BEC000110014F035FB94F86F2F17073BD40028AE
:10BED00039D083789C0634D0284607F0FDFDB8F1B0
:10BEE000000F22D0404604A9FFF7F0F91DE09DF8AD
:10BEF00010309B069DD5B8F1000F02D0404607F0E8
:10BF0000EBFD0BF0030BBBF1010F11D01AF1210F68
:10BF10000ED10821284608F08DF80146B88807F0B0
:10BF20006BF929462C480CF0BBF811F035FD4EE0BA
:10BF3000284607F0D1FD1AF1060FF6D00021274858
:10BF4000F1E714F0C9FB9DF8103003F00302012A59
:10BF500040F0768228469DF80B20BDF80E1014F0B4
:10BF6000ADF9B8F1000F32D0404604A9FFF7AEF9A1
:10BF70002DE004F045F9B9F1000018BF01209DF84B
:10BF80000C1027F0DAFE08B112F02CF99DF81D1004
:10BF9000BDF81100FDF77AFBFF2823D00E2303FB29
:10BFA000004090F8D9260E4B02F01C02D340D8076F
:10BFB00018D594F8633F990614D4284604A9FFF7CE
:10BFC00085F9B8F1000F02D0404607F085FD0DB0AD
:10BFD000BDE8F08F1477002085F30200AD920200D7
:10BFE000001010009DF81D10BDF81100FDF74EFB6C
:10BFF000FF28814640F081809DF8266006F0030608
:10C00000012E40F0988000223146BDF811000DF15C
:10C010000D039DF81D7007F0C3F8002840F08B80D9
:10C0200094F8D93613F01C0365D094F8E73613F072
:10C030001C0F05D094F8F53613F01C0F7BD10226A7
:10C040000E224FF0010A02FB06F909F2CC662644E3
:10C05000002130461EF0BDFF04EB090191F8D936EE
:10C060009DF80D006AF3840381F8CD7681F8D93606
:10C0700001F5DA6781F8CC0606F08AFEBB4BA6EB29
:10C080000309BB4B49FA0AF903FB09F97B7A5FFA0A
:10C0900089F96AF384037B729DF8263003F0030369
:10C0A000012B33D1B778002F3ED19DF82830B370E3
:10C0B000737B03F01C03042B60D194F8CDB5F378A7
:10C0C0000BF1FF3113FB0BF3B278D8B251FA83F3C3
:10C0D000DBB29A4224BF02F1FF32D3B2874223D3AC
:10C0E0009F4221D894F8633FD8062ED4B7FBFBF3C8
:10C0F0000BFB13733BE01E46A2E70E2640F2CC6317
:10C1000016FB00364FF0000A2644C5E7022B0BD180
:10C1100094F8633F9DF828709A07C9D5012FC7D1BD
:10C120006FF3410384F8633FBAF1000F03D000219D
:10C130003046FDF769FCB8F1000F02D0404607F029
:10C14000CBFC284607F0C8FCEFE68F42CED1304644
:10C15000FDF7B4F8FF2850D000224946854826F064
:10C1600069F894F8CD25B7FBF2F302FB137356FA86
:10C1700083F31A79002A67D11D7147E0102BD3D1C0
:10C18000F27894F8CDC50132D2B212FB0CF30CF167
:10C19000FF3CB178D8B25CFA83F3DBB2994224BF9A
:10C1A00001F1FF31CBB28742BED39F42BCD8F270BF
:10C1B0000122737B62F38403737394F8CD35934249
:10C1C00002D93046FDF702FC3046FDF71FF9304634
:10C1D000FDF706F994F8CD25B7FBF2F302FB1373D4
:10C1E00056FA83F31A7922B91D71BAF1000F10D1F2
:10C1F00012E0284607F070FCF7E7B7FBFBF30BFBF8
:10C20000137756FA87F73B79F3B93D71BAF1000F0E
:10C2100027D0012011F08CFB94F8CD35012B06D9E5
:10C220004846FDF767FC737B6FF347137373304623
:10C23000FDF7ECF83046FCF7B7FF014640B94FF484
:10C240008251692008F0DAF9284607F045FCDDE75D
:10C2500040F23B1394F8CD2547485A4369320CF01D
:10C2600023F89DF81D10BDF81100FDF70FFAFF2807
:10C27000074602D141F2E801E3E70E2606FB00453E
:10C2800095F8CE96B9F1000F48D095F8D93603F05D
:10C290001C03042B42D140F2CC6316FB003626442B
:10C2A0003046FDF70BF8FF2838D194F8CD25531E02
:10C2B0004B44B3FBF2F395F8CF26013BDBB29A4235
:10C2C00014BF0223052395F8D92663F3840294F85A
:10C2D000633F85F8D92699060FD5B8F1000F02D033
:10C2E000404607F0F9FB0E2303FB074393F8D926DA
:10C2F000D20719D540F6F461A3E73046FDF766FB97
:10C30000B8F1000F04D039464046FFF7DDF8EAE700
:10C3100042463946174825F08DFFE4E7B8F1000F93
:10C320003FF403AE40460DE793F8D92693F8D806BC
:10C3300042F0010283F8D926A8B107F03BFC00F1D6
:10C3400020083046FFF70CFC0E2303FB0743804414
:10C3500093F8D80690B107F057FB80450ED83046C9
:10C36000FFF720FC33E64FF03D08EAE7E07D0020D0
:10C37000B76DDBB6C9B40100159C01004FF00E0A81
:10C380000AFB074A9AF8D896B9F1000F22D048461E
:10C3900007F03AFB00EB4000420840F2DC539A42BF
:10C3A00028BF1A46424538BF424639462E4825F036
:10C3B0005CFF00283FF40BAE0E2303FB074494F808
:10C3C000D936002143F00103304684F8D936FDF711
:10C3D0001BFBAAE59AF8D00607F0D2FB25F08CF8F3
:10C3E0004946009094F8CD255FFA89F39A4209D81E
:10C3F0000E2303FB0743009A93F8CE36403201FB2D
:10C400000322CAE70AEB030595F8D0060028EFD00F
:10C41000019107F0B5FB25F06FF8834695F8D0063B
:10C4200007F0C8FB0199A0EB0B00884205D995F8ED
:10C43000D00607F0BFFBA0EB0B0109F10109D1E722
:10C440001AB9C3F38103032B04D0294607480BF024
:10C4500027FE86E5BDF81500FCF70AFD00283FF42D
:10C460003BAD29460248F2E779BC010051FF0200CA
:10C47000DD9B01002DE9F04F9BB0044607F080FBE7
:10C48000054625F096F92B5C8C4D95F840259006D5
:10C4900007D50A2221468A481BB0BDE8F04F0BF0B1
:10C4A00003BF03F00302022A40F0D98002A901224F
:10C4B000204624F03AFF9DF80830990611D5202136
:10C4C000204607F0B7FD202202A91EF077FD204686
:10C4D0000AAB0DF1070212A900F0A2FC002840F0FF
:10C4E0008F809DF808A008F0C3F8002840F08880ED
:10C4F0009DF80830DA090CD013F00C0F09D195F82B
:10C50000003795F8CD159DF8202013FB01F39A42D2
:10C5100076D19DF81D300DF107019A074CBFBDF88B
:10C520002200BDF8090025F009FE074680BBDFF8B0
:10C530009881CAF3001AD8F80030FEB2B34227D966
:10C54000D5F83C3606EB860B9DF8071013F80B0068
:10C550004FEA860907F070F908B90137EBE7D5F81B
:10C560003C365B441B7903F05003102BF5D1304669
:10C570000AA9FDF75FFF9DF835209DF815309A4216
:10C58000EBD1BAF1000F06D0D8F80030B34217D87B
:10C5900011F002FA34E0BDF83120BDF811309A42B2
:10C5A000DBD19DF830209DF80F309A42D5D19DF80F
:10C5B0002F309DF810209A42E6D0FF2BCDD1E3E733
:10C5C00005200EF089FF3046FCF702FE09EB06035A
:10C5D000E0B10221D5F83C2613441A7961F3061222
:10C5E0001A719DF80830DA090AD013F00C0F07D140
:10C5F0009DF8203085F823379DF81F3085F82237C5
:10C60000204607F069FA1BB0BDE8F08FD5F83C76FC
:10C610003B445D782846FDF7A3FC024698B90346E3
:10C62000D8F800C0D8B2844512D900EB8001394453
:10C630004978A94211D1B0420FD012A9FDF7FAFEF4
:10C640006FF0010204E02846FEF7A4FF6FF0140229
:10C65000304602A9FEF79CF9D2E70133E2E75B0618
:10C6600024D595F8600F10F040001FD125F0ABFDE8
:10C67000054678B10146224612480BF055FD0028C8
:10C68000C1D0204607F028FA28461BB0BDE8F04F7D
:10C6900007F022BA204603F0B3FD2A462146094896
:10C6A00025F0C8FD0028AED02046EEE72146002048
:10C6B0001BB0BDE8F04FFFF743BB00BF147700206D
:10C6C00075C4010041BD0100C005002010B504463D
:10C6D00008B9002010BD07F0D5FD0306F9D580216B
:10C6E000204607F08FFD044BD3F880370BB90120AB
:10C6F000F0E720469847FAE71477002070B5134E0C
:10C7000000EB8005D6F83C3604462B441A7988B0F5
:10C7100002F07002302A04D041F63B51692007F044
:10C720006DFF00226946587824F0FFFDD6F83C36AC
:10C7300069462B445878FCF701FE6FF49562694610
:10C740002046FEF725F908B070BD00BF1477002021
:10C7500000232DE9F7438DF807304FF6FF73984219
:10C76000054630D00DF1070125F0E8FC40BB9DF8EF
:10C77000070013F061FF00244FF6FF77204EDFF82B
:10C7800084803368A34221D800264FF6FF771D4CE2
:10C7900094F8D93613F01C0F0DD09DF8071094F8BB
:10C7A000CC0607F049F808B9BD4204D1002104F2D3
:10C7B000CC60FDF729F90136032E04F10E04E7D110
:10C7C00003B0BDE8F08313F061FFD4E7D8F83C363E
:10C7D00004EB84099DF8071013F8090007F02CF802
:10C7E00008B9BD420AD1D8F83C364B441B7903F056
:10C7F0007003302B02D12046FFF780FF0134C0E7E1
:10C80000C0050020147700202DE9F04F91B003926D
:10C810000CAA06460D469346594B03F110071446E1
:10C8200018685968083303C4BB422246F7D128462A
:10C8300007F0A6F90446007800F0030924F03BFE57
:10C84000235C074613F0200F14BF4FF00D084FF084
:10C85000050813F0180F04EB000A8044C3F3C1026B
:10C860003BD1102206F1080108A81EF0A7FB0D22FB
:10C87000002104A81EF0ADFB0822039904A81EF0B5
:10C880009DFBDAF8013028460693E35D44448DF8B9
:10C890001C3007F075F90746284607F08BF9074466
:10C8A0003F1B43462A46009704A908A825F080FAB2
:10C8B000044670BB2846042107F07AFC04220AF1E2
:10C8C000010104A81EF07AFB0498851C2BD10F20CF
:10C8D0000EF002FE4FF0FF341DE0022A1FD1FBF7DD
:10C8E0001BFF30B1002108AA06F1080025F03CFB2F
:10C8F000BDE7244BD3F8383A002BF3D098470028F3
:10C90000F0D01022584606F108011EF030FB002836
:10C91000E8D16FF02704204611B0BDE8F08F032A5C
:10C92000D8D10221DFE7174A92F88115D2F8B03545
:10C930000D0103EB011392F8511301F0040159EAC0
:10C94000010106D196F82910090702D5D97A0F07F7
:10C9500010D55968884202D8D97A8E060DD458600D
:10C96000D2F8B0352B44DA7A9106D4D442F02002C2
:10C97000DA72D0E76FF02004CDE76FF00504CAE764
:10C9800071A204001477002038B51D4B1B68984233
:10C9900004D3332140F69F1007F030FE194B0401F9
:10C9A000D3F8B01501EB0010437A027A42EA032271
:10C9B000837A42EA0342C37A03F0070552EA05622A
:10C9C00001D13721E6E7828922B94FF0FF320273A5
:10C9D0000322427313F010020AD00B5901330B519A
:10C9E0008389013B838100238373C373085938BD56
:10C9F00043F01003C3720A5542708270C270F2E7AE
:10CA0000A805002014770020C900C9B23AB141F04E
:10CA1000250100F8051B082203491EF0CFBA41F09A
:10CA200005010170704700BFC47A0020F8B50F46B9
:10CA300010211446064607F02FFB20230546E4008C
:10CA4000C77303700421304644F0250407F0B0FB9F
:10CA5000AC70E81D0822BDE8F84001491EF0AEBAEE
:10CA6000C47A00202DE9F04304460E461F461546C1
:10CA70008BB022B9BE2140F69F1007F0BFFD1078A1
:10CA800024F019FD28440422059005A904A81EF0ED
:10CA900095FA049B37491A7806A812F0200F0CBFAC
:10CAA0004FF005084FF00D08D3F801209844089284
:10CAB0001B7808228DF824301EF080FA204607F0FB
:10CAC0005FF82D4BA8EB000993F8732F510609D599
:10CAD0007A7882F0F0027A7093F8732F6FF38612EF
:10CAE00083F8732F204607F065F8A0EB0900A8EB48
:10CAF00005032A46CDE9008006A93846029625F0AE
:10CB0000E7F8204607F03CF8291A304607F0C4FA47
:10CB10000746204607F034F88046204607F030F8F4
:10CB200041462A1A38461EF049FA304607F028F8DE
:10CB300007462046049D07F023F82B1AFA180492A2
:10CB4000FA5C204622F00702FA5407F09BFB4206EB
:10CB50000CD54021304607F02BFB204607F092FB16
:10CB6000030603D58021304607F022FB0BB0BDE859
:10CB7000F08300BFC47A0020147700202DE9F04F25
:10CB800095B00D461C469046074606F0F9FF054451
:10CB9000192229460DA81EF011FA012C56D0022C9C
:10CBA0006BD00DA824F005FE0544284624F026FB92
:10CBB000002877D19DF83530190763D508220FA9D1
:10CBC00003A81EF0FBF9002D4FD02E4600250023B0
:10CBD0000993307824F06FFC0D22311805A81EF05F
:10CBE000EDF9012103A827F0DBF8002800F08A8086
:10CBF000894B93F88105FFF7C7FE099009A807F054
:10CC0000A5FD042209A90DF115001EF0D7F9307811
:10CC100024F051FC0D2205A930441EF0CFF99DF8F7
:10CC2000142012F0180FC2F3C10372D1012103A81E
:10CC300027F0B6F818B903A811F086FE68B300F122
:10CC40000801102209A81EF0B9F93CE02821384655
:10CC500007F0F0F90822014603A81EF0AFF93846A4
:10CC600006F08EFF06460028B0D100224146384625
:10CC700009ABFFF7F7FE002011E003A9002006F042
:10CC8000BBFAECE74FF6F773BDF83600984204D8CC
:10CC900003A906F0B1FA002895D04FF0FF3015B087
:10CCA000BDE8F08F384606F085FF0446384606F0AA
:10CCB00067FF281A211A03AA2846C9B200F0E8FD26
:10CCC0000646002883D132464146384609ABFFF775
:10CCD000C9FE002DCFD0404606F052FF044638462C
:10CCE00006F04EFF281A0444384606F063FF064655
:10CCF000384606F045FF2D1A711B2046C9B224F0B4
:10CD000081FCB8E703A811F01FFE00283FF476AFBE
:10CD10006EE7022B41D1DFF800A19AF8749F19F059
:10CD200002091BD0002103A811F0D0FB4FF000092D
:10CD300004469AF8743F6FF341038AF8743F002C5D
:10CD400047D09DF81430C3F3C103012BBBD0494633
:10CD500009AA04F1080025F007F9B4E728213846AC
:10CD600007F068F9834627F02AF804460028E8D13E
:10CD7000FBF7EEFC002849D02146284827F010F8A0
:10CD800004460028DDD103460090012258460AF2ED
:10CD90006E5111F075FB0446D1E7032B10D1282109
:10CDA000384607F047F90121814626F0F9FF04468D
:10CDB00070BB484611F0C8FD4FF002090446BEE7BB
:10CDC000154B93F8612F520713D44FF0FF344FF0F7
:10CDD0000009114B93F8613F5B077FF55EAF9DF84B
:10CDE0001430C3F3C103012B7FF457AF002CA8D03C
:10CDF00053E793F8310311F027FA01460028E4D0F5
:10CE0000102209A81EF0DAF80024E0E74C46E0E71B
:10CE10004FF0020995E700BF147700204BA30400F0
:10CE20002DE9F04F1D46002393B02B70884620213A
:10CE30001746064607F0FEF88246304606F0A0FE8A
:10CE40008146007824F037FB19F8004009EB000117
:10CE500024F0070444F0050409F80040C4F3C104B9
:10CE60003C7019F800309C062DD50822053108A821
:10CE70001EF0A4F8002108A811F028FB814660BB31
:10CE8000022108A811F022FB8246002835D1012199
:10CE900008A811F01BFB00285CD100219F4811F06D
:10CEA00015FB054600285ED1002201210DF11F036C
:10CEB00008A806F03DFA00285ED040F2952140F621
:10CEC0009F1007F09BFBBAF8010008A906F094F93F
:10CED0000028CFD06FF01B0487E0314608AAFFF787
:10CEE00093FC10F1280F0446CAD08CB1A31D40F06A
:10CEF000D1800F200EF0F0FA10E0314608AAFFF7BB
:10CF000083FC0446F0B9FBF723FC58B100232B70D7
:10CF10000024834B93F88135A8F80030204613B0E5
:10CF2000BDE8F08F7E49B1F85438D80701D5012308
:10CF3000EDE7082201F2545108A81EF018F8002865
:10CF4000F5D0E3E7002310F1280F2B70CED14FF07E
:10CF5000010A9CE7314608AAFFF756FC10F1280F9A
:10CF60000446C2D199E7314608AAFFF74DFC10F1FB
:10CF7000280F0446B9D197E7BAF1000F11D03F78D6
:10CF8000022F14D1394608A811F0A0FA044670BB4C
:10CF90003946644811F09AFA044640BB40F2AB218E
:10CFA0008DE702215F4811F091FA0028E7D1B9F12D
:10CFB000000F74D108A811F0C7FC002850D03146EA
:10CFC00008AAFFF721FC10F1280F04468DD1002D8F
:10CFD00000F0818001200DF0CDFF002800F09C8042
:10CFE00008A824F098FA6FF02704122082E70DF1C8
:10CFF000380B102294F8297004F11801584694F85F
:10D0000028A01DF0DBFF10210AAA04F1080024F07B
:10D0100086FF07F0010708A824F07DFACDE903B7E1
:10D020000027CAF3C20A3B463A46CDE90177CDF85C
:10D0300000A00AA908A811F029F90028AED03146AD
:10D0400008AAFFF7E1FB10F1280F044603D108A856
:10D0500024F061FAABE7411C05D108A824F05BFA83
:10D060004FF0FF34C1E72E4B93F8E22542F0020265
:10D0700083F8E225821D0AD193F88125D3F8B035D3
:10D0800003EB02131F715F719F71DF7140E700288E
:10D090003FF43EAF14F1210F3FF440AFA5E7DDB1FF
:10D0A00001200DF067FF054600289CD100230122D6
:10D0B0001D49009308A811F0E3F90028D0D03146AB
:10D0C00008AAFFF7A1FB0446002D3FF40EAF10F1B4
:10D0D000280F85D009E70125002201210F480EAB5A
:10D0E00006F026F90D4811F02FFC0028B8D0314683
:10D0F00008AAFFF789FB10F1280F04467FF4F5AE6C
:10D10000064811F055FE01200DF034FF0028CDD067
:10D11000002D7FF465AF66E70125C7E74BA3040048
:10D1200014770020687C0020727C00207FB56A465E
:10D130001546184B03F11006144618685968083351
:10D1400003C4B3422246F7D12C4610222946124886
:10D150001DF034FF114B03F1100622461868596880
:10D16000083303C2B3421446F7D1294610220C48B3
:10D170001DF024FF42F210710A4B4FF6FF72A3F824
:10D18000F8150521A3F8282F83F8F51583F88125D4
:10D1900004B070BD71A20400727C002082A2040061
:10D1A000827C00201477002038B5054608461446D6
:10D1B00006F0E6FC052D08D10378B12B08D8AF2B7B
:10D1C0000CD8012B06D0042B0FD06FF01B000BE006
:10D1D000B22BFAD1082200F11A0101E00822054918
:10D1E00020461DF0EBFE002038BD082200F1190199
:10D1F000F6E700BF687C00202DE9F34115460446A0
:10D20000884606F0BDFC0646204606F0D3FCA5F194
:10D210001103012BC7B205D940F2D91140F69E1077
:10D2200007F0ECF9394630460BF030FD28BB3A46A2
:10D230003146252025F010FDF8B14378082B1CD984
:10D24000811C082268461DF0B9FE112D15D1082257
:10D2500068460C491DF08BFE78B9204627F0D7F8B8
:10D2600042466946204624F043FA30B92146064832
:10D270000AF016FF02B0BDE8F081204606F02CFC53
:10D28000F8E700BFC47A002075C401002DE9F04F13
:10D290000F4685B020210546924606F0CBFEB0F839
:10D2A000013020212846019306F0C4FE2421B0F865
:10D2B00003B0284606F0BEFE0446284606F060FC91
:10D2C0000646284606F0DEFF33788146B12B00F093
:10D2D000040809D8AF2B0DD8012B07D0032B09D098
:10D2E000082206F1110107E0B22BF9D1082206F15C
:10D2F000120101E00822A9490DEB02001DF05EFEBB
:10D3000008223378A54923720DEB02001DF02FFE91
:10D3100098BB3378042B00F0F28008D8012B35D06D
:10D32000032B00F0A780284606F0D6FB64E05033BC
:10D330005FFA83FABAF1020FF5D8B8F1000F2AD0DC
:10D34000BAF1010F41D90822954806F11A011DF0E2
:10D350000EFE002839D1384608F01CFA00284ED1BC
:10D36000904A92F8E13503F01003B8F1000F59D15B
:10D3700092F8612F02F0010261E008228A490DEB68
:10D3800002001DF0F4FD0028C3D0CCE7B8F1000F77
:10D39000D9D14FF0510A0BF043FF824A50B192F8B5
:10D3A0007837DB0706D519F0020F03D04FF6F77375
:10D3B0009B45C5D892F8613F92F8872F03F001038F
:10D3C00002F004021343BBD1ADE7384608F0E2F99E
:10D3D000002838D10822204606F11A011DF0EEFD82
:10D3E000737C63761022711C04F109001DF0E6FDC8
:10D3F00029466E480AF054FE05B0BDE8F08F4FF0A4
:10D40000010910226A4908301DF0B1FDF0B1B9F1EF
:10D41000000FDFD0634B93F8E13503F01003B8F150
:10D42000000F24D04FF6FF72974220D05D4A92F849
:10D43000613F92F8E12503F0010302F0100213436B
:10D440003FF471AFC6E74FF00009DAE7B9F1000F1A
:10D4500005D1544B93F8613F13F0010FF0E7B8F199
:10D46000000FF6D04FF6FF739F42B3D1F1E7002BC8
:10D47000B0D1EEE70BF0D4FE00283FF454AF494B97
:10D4800093F87827D0077FF54EAFB8F1000F3FF43F
:10D490004AAF93F8E13559073FF545AF214601986A
:10D4A00005F0AAFE074628B14FF45C7140F69E10C5
:10D4B00007F0A4F8284606F063FB8046284606F0ED
:10D4C00079FB94F82130A0F11A0167F3000384F886
:10D4D000213004F12202C9B208F11A0026F0A1FF9E
:10D4E00028B994F8213043F0010384F82130082250
:10D4F00006F1110104F119001DF060FD72E70BF057
:10D500008FFE00283FF40FAFDFF8989099F8783736
:10D51000DA077FF508AFB8F1000F3FF404AFBAF1B6
:10D52000030F7FF400AF384608F034F9771C70B170
:10D5300000F10801102238461DF019FD38B999F89C
:10D54000E1355B0703D51B4824F041FEEBE6284696
:10D5500006F016FB8046284606F02CFB94F8213096
:10D56000A0F121016FF3000384F8213004F12202BD
:10D57000C9B208F1210026F054FF28B994F82130EF
:10D5800043F0010384F82130082206F119012046F6
:10D590001DF014FD1022394626E700BFC47A002092
:10D5A0004BA304001477002053A304008DE5020070
:10D5B000827C00201916040070B5044606F0E0FADB
:10D5C00009210646204606F035FD20210546204665
:10D5D00006F030FD2946B0F8010005F00DFE28B137
:10D5E0004FF4A86140F69E1007F008F83378214602
:10D5F0002B720248BDE870400AF052BD653D040040
:10D6000013B5204A034692F8614F084614F001040E
:10D6100017D192F8E115490601D5052B11D0063B2B
:10D62000092B28D8DFE803F00513130D2727272738
:10D630000D0DB2F9283F002B05D14FF6FF73A2F86C
:10D64000283FFF2403E005DD013BA2F8283F2046E8
:10D6500002B010BD694605F0CFFD014608B1FE24B9
:10D66000F5E7684626F09CFB0028F8D090F82930B2
:10D670009B07F4D4EBE740F28E6140F69E1006F073
:10D68000BDFF00BF147700202DE9F0470A2186B0C6
:10D69000044606F0CFFC01210646304810F016FF84
:10D6A00080462E4805F0A4FE96F808A00546BAF17B
:10D6B000040F05D0204606B0BDE8F04706F00CBACE
:10D6C0000822304625491DF052FC07460028F1D1BA
:10D6D000B8F1000FEED04FF6FF739D42EAD019214A
:10D6E000204606F0ADFA814600F801ABDFF870A0E5
:10D6F000082251461DF062FC09F10902032108F1DC
:10D70000080024F031FC727AD2B19AF812100DF1AF
:10D71000160005F0EFFA3A4639460F20FFF770FF82
:10D72000BDF81620034601920122294600922046A8
:10D730000F22CDF808A023F09DFE06B0BDE8F087CB
:10D7400011460F20FFF75CFF01230F22CDE90003F4
:10D7500029462046FDF7F2F9EFE700BF687C00207C
:10D76000C47A00202DE9F341DFF8B880074698F825
:10D77000613F0D46D807164641D44FF6FF739A42D3
:10D7800013D0104608F006F8044618B190F8294066
:10D79000C4F34004781F0B2831D8DFE800F00821DB
:10D7A000313530303030303030310124F2E70EF096
:10D7B000E1FE20B325B374BB6946304607F0F4FFA1
:10D7C0000822694615481DF0D2FB38B908221449D1
:10D7D00012481DF0CCFB041E18BF012425460FE0A3
:10D7E00098F8623F99060BD45A0603D585F00101DB
:10D7F000CDB205E01CB998F8E1355B0600D50125EE
:10D80000284602B0BDE8F08198F8E13513F0400FEA
:10D8100018BF0125F4E70025F2E700BF687C00206F
:10D8200053A304001477002030B5037885B003F0CB
:10D830000305012D25D1C3F340149B0621D4837821
:10D84000113B012B1FD80822411D0DEB02001DF0DA
:10D85000B5FB08220D490DEB02001DF088FB70B1ED
:10D860000DF1070102A824F07EFC60B99DF80700C5
:10D8700011F00AFB003818BF012005B030BD284662
:10D88000FBE70020F9E72046F7E700BFC47A002055
:10D8900038B515460A46C11C252025F0DDF9044699
:10D8A00028B940F2C67140F69E1006F0A7FE082285
:10D8B000284603491DF082FB04F10A0038BD00BF71
:10D8C000687C0020002310B5044637211A4625F055
:10D8D000DBF82146BDE8104001480AF0E1BB00BF7B
:10D8E000418A020038B5044620B9BDE838401548E1
:10D8F00024F06DBC144D022195F8E13543F004038A
:10D9000085F8E13506F09CF900230370437095F823
:10D9100051335B070FD495F9E235002B08DA0B4938
:10D9200020460EF035F9BDE8384000200FF0C4BFA6
:10D93000204611F079FF95F9E235002BEFDB044921
:10D94000EEE700BFE5D801001477002021DC0100DC
:10D9500055DB010010B5044620B9BDE81040104861
:10D9600024F035BC0F4991F8E0355A1C02F00F0243
:10D9700062F3030381F8E035C3F30313934205D246
:10D9800001460948BDE810400AF08ABB00214FF467
:10D99000A37203480AF088FC21460448F2E700BF5E
:10D9A00055D901001477002019160400C1E00200C7
:10D9B00010B5044620B9BDE81040104824F007BC5B
:10D9C0000F4991F8E0355A1C02F00F0262F303038D
:10D9D00081F8E035C3F30313934205D201460948A9
:10D9E000BDE810400AF05CBB00214FF4A37203486D
:10D9F0000AF05AFC21460448F2E700BFB1D9010001
:10DA000014770020191604004DDE020010B5114CE9
:10DA10001422204600211DF0DCFA2388A4F5BA6008
:10DA200023F4FF6323F0050343F43A7343F0010347
:10DA3000A0F8D03540F2D133E360236923F490039A
:10DA400023F47C7343F44C732361BDE8104011F060
:10DA50009DBE00BFE47C002038B50F4B044693F810
:10DA6000E0250E486FF3030283F8E02500221146FB
:10DA70000AF086FD00220A4D114628460AF080FD74
:10DA8000002128464FF4A3720AF00EFC2146BDE89F
:10DA9000384004480AF004BB1477002055D901002F
:10DAA000B1D901004DDE020007B5002101AA0448EA
:10DAB0000AF0F4FDB0FA80F0400903B05DF804FB11
:10DAC000B1D9010008B50022FE2108480AF058FD2E
:10DAD0000022FE2106480AF053FD064B93F8E1258B
:10DAE0006FF3820283F8E12508BD00BF55D901001C
:10DAF000B1D901001477002010B50446104824F075
:10DB000066FB104B104893F8E1256FF3820283F80F
:10DB1000E125002211460AF033FD00220B48114690
:10DB20000AF02EFD002026F09DF824B12046BDE825
:10DB300010400DF011B90648BDE8104024F047BB75
:10DB4000C5D801001477002055D90100B1D90100D2
:10DB500059AD02002DE9F843044606F011F8427869
:10DB6000064683890AB9428812B12146274848E00F
:10DB7000B3F5285F264D4FEA53290AD21423072014
:10DB800085F87E3509F0CCFE2046BDE8F843FFF766
:10DB9000B3BF0BF01FFA0746204605F0F1FF8046A1
:10DBA000204606F007F8A0F111017288C9B208F109
:10DBB000110011F04FFED5F8D4399B7A1F41FA07B6
:10DBC000D3D5072085F87E9509F0AAFED5F8D4397B
:10DBD000997A29B101390129C7D821460D4810E0A9
:10DBE00095F8D0351B07CFD595F8E0354FF4A372E3
:10DBF00061F30303084885F8E0350AF055FB214638
:10DC00000648BDE8F8430AF04BBA00BF19160400F5
:10DC10001477002029F2020055D90100C1E002006A
:10DC200038B5044605F0ACFF144B828993F85113C4
:10DC300049071DD493F9E215002919DA4178B9B9D9
:10DC40004588ADB9B2F5385F4FEA522110D383F859
:10DC50007E152046022105F0F3FF05704570204631
:10DC600011F0E2FD2046BDE8384005490DF090BFB7
:10DC70002046BDE83840FFF76DBF00BF1477002095
:10DC800055DB010010B50446C62106F029FB2146EC
:10DC900007480AF005FA074B93F8C0231C2A02BF75
:10DCA00093F8492442F0200283F8492410BD00BFB4
:10DCB00019DC02001477002038B5162105F0C0FFEA
:10DCC00014224270122282709022C2701B220271B2
:10DCD000192242714A22002382710A220370C27102
:10DCE0000372044600F109050BF09AFA082290B17C
:10DCF0000A4928461DF062F9094BB3F8AC23627457
:10DD0000B3F8AC331B0AA3744123E37400232375D7
:10DD10007F23637538BD0349EBE700BFDC79002042
:10DD200014770020EC7A0020044B0146D3F83035FC
:10DD300013B118460AF0B4B905F0CEBE147700202E
:10DD40002DE9F84F80464FF002090027DFF8B0B107
:10DD50006A4E4FF0000A09F1FF395FFA89F9DBF8E2
:10DD60000030534505D8B9F1000FF2D13846BDE86F
:10DD7000F88F142505FB0AF5D6F860142944087AB3
:10DD8000C40736D5B9F1000F45D0CB7A13F00C0398
:10DD90002FD1C0F3440C30E018F8234008EB830285
:10DDA00004F07F04A44527D1400622D5937843F0A0
:10DDB00010039370D6F860342B4493F90830002B8D
:10DDC000BEBF937843F020039370D6F860342B44A1
:10DDD0005B7AD90742BF937843F040039370D6F83B
:10DDE00060342B44DB7C5B0703D5937843F0080356
:10DDF00093700AF1010AB2E70133BB42CCD11B2B6D
:10DE0000F7D8C97A11F0080107D040F2DB5140F68B
:10DE1000BC0006F0F3FB4B46BBE708EB870404228B
:10DE200020461DF0D6F8D6F8603418F827202B4489
:10DE30001B7AC3F3440363F3060208F82720D6F8DD
:10DE400060342B449A7ADB7AC2F3401103F0030367
:10DE5000DB0043EA521318F8272002F07F0242EA5F
:10DE6000C11208F827206278013722F00F0242EA37
:10DE700053036370D6F860342B445A7A9B7AC2F30A
:10DE8000830103F001039B0143EA9203627802F0ED
:10DE90000F0242EA01126270A27822F0070242EAFF
:10DEA0001313A370D6F86034A2782B441B7AC3F303
:10DEB000801363F30412A270D6F86034D2B22B44FC
:10DEC0001B7ADB0963F34512A270D6F860342B4449
:10DED0005A7AA37862F38613A370D6F86034A278D6
:10DEE0002B44DB7CC3F3800363F3C302A270D6F838
:10DEF00060342B449B7BE3707BE700BF14770020EA
:10DF0000900500202DE9F3479146DDE90A761C468D
:10DF100029B14FF4A07140F6BC0006F06FFB12B9B6
:10DF200040F24111F7E717B94FF4A171F3E716B9C1
:10DF300040F24311EFE720B16FF01B0002B0BDE8E3
:10DF4000F0873870306003B11870042200250DEBA3
:10DF500002000E491DF032F829463D7001A83560D7
:10DF600024F0E4F92946824601A824F0D0F9294694
:10DF70008046484624F0CBF910EA0800DCD087F848
:10DF800000A0306004B125700020D7E7947A00200B
:10DF90002DE9F84FDDF82C8004460E4615461F4645
:10DFA0009DF82890B8F1000F05D140F2DB1140F642
:10DFB000BC0006F023FBDFF8A0A08AF850349AF8E2
:10DFC0004934DB0602D5224824F001F9042E09F079
:10DFD000170B0FD1204623F02FFB9AF8C0331C2BD0
:10DFE00004D0BBF1000F15D0052513E02046FFF744
:10DFF00063FEF6E7BBF1000F0CD0012EF4D19AF8C6
:10E00000C033012B01D01E2B1BD1204623F014FB63
:10E0100005250426082120468AF8515406F020F8E8
:10E02000082180F80290C0F8038006704570C7711F
:10E03000204605F0FFFF2146BDE8F84F05480AF0ED
:10E040002FB8072BD0D12046FFF736FEE0E700BF00
:10E0500085DC01004D3303001477002007B524212F
:10E0600005F0E8FF28B940F2EC4140F6BC0006F0AC
:10E07000C5FA094B93F8503413B14FF49F61F4E79C
:10E08000C0780DF1070124F05FF910B140F2FC41B6
:10E09000EBE703B05DF804FB147700207FB50C219B
:10E0A000044605F0C7FF054628B940F22B2140F68B
:10E0B000BC0006F0A3FA224E96F8C013002938D10E
:10E0C00003AB01930DF10B030246009308460DF1DB
:10E0D0000A03FFF717FFC8B9294606F24C4024F09F
:10E0E000F2F8AB680121002B0CBF01231E2386F838
:10E0F000C033039B2A7901939DF80B30204600938F
:10E100009DF80A30FFF744FF04B070BD052120469A
:10E1100005F096FD6FF0160303704FF0FF332146B4
:10E1200043708370C370074804B0BDE8704009F0C5
:10E13000B7BF0521204605F083FD6FF00303EBE731
:10E14000147700204D9D020070B5044628B94FF4A5
:10E15000357140F6BC0006F051FA042105F06AFF63
:10E16000036823B1233302D040F2DB21F1E70D4DE8
:10E1700095F85334062B03D01E2B0DD0012B0ED156
:10E180000421204605F056FF002606602046FFF7D2
:10E19000CBFD85F8536470BD40F2E921D9E740F228
:10E1A000FE21D6E714770020F0B5082185B004469B
:10E1B00005F040FF054628B940F2193140F6BC0091
:10E1C00006F01CFA1E4E96F8D032032B36D096F885
:10E1D000C01399BB03AB01930DF10B0302460093EF
:10E1E00008460DF10A03FFF78DFED8B996F8527470
:10E1F00017B14FF44971E1E7294606F24C4024F08B
:10E2000062F8062386F8C033039B2A7901939DF8B0
:10E210000B303946009320469DF80A30FFF7B8FED0
:10E2200005B0F0BD6FF47071204606F059F8214634
:10E23000044805B0BDE8F04009F032BF0249F3E7F9
:10E2400014770020CDAA02003EFCFFFF2DE9F0412B
:10E25000604D2421044605F0EDFE95F8C033082BEF
:10E2600008D8082B0BD8DFE803F0AF0D0A0A0A0A1A
:10E270000A515C001C2B00F0A2801E2B63D040F2E0
:10E280005C710BE02421204605F0D4FE95F8C133E3
:10E2900043B94378D02B1BD14FF4C06140F6BC008A
:10E2A00006F0ACF90521204605F0CAFC6FF04803E2
:10E2B000002603704FF0FF33067143708370C37004
:10E2C0002146454809F0ECFEA5F8C063BDE8F081A1
:10E2D00001212046FFF7C2FE07460028F6D115F0BF
:10E2E000BBFD7521204605F0ABFC06460530FFF767
:10E2F00027FD0028394B18BF0023307121463648CE
:10E30000336009F0CDFE85F8C073DFE701212046B8
:10E31000FFF7A4FE0028D9D12046BDE8F04100F067
:10E32000F1BD2421204605F085FE437823B920461F
:10E33000BDE8F04100F0B6BE03212046FFF78EFE97
:10E340000028C3D1F3E7242120464FF0000805F050
:10E3500071FE85F8C08346780746AEB10521204698
:10E3600005F06EFC80F804807A785AB11C4B9B1A39
:10E370000360002385F8C1332146BDE8F04116480B
:10E3800009F08EBE1346F3E715F066FD75212046B1
:10E3900005F056FC05460530FFF7D2FC287120B188
:10E3A0002E706E70AE70EE70E6E716232B706FF075
:10E3B00002036B704FF0FF33AB70EB70DCE720466D
:10E3C000BDE8F04111F0C2BC2046BDE8F04105F0C7
:10E3D00083BB00BF147700204D9D020016FDFFFF98
:10E3E00000FEFFFF10B5084C014694F89A3408224D
:10E3F00004EBC30303F29B401CF0E0FD94F89A3455
:10E40000013384F89A3410BD147700200022024BA7
:10E4100083F89A24704700BF14770020F8B50646A9
:10E4200000250A4CA4F29B4797F89A34AB4201D8D6
:10E430000020F8BD2146082230461CF098FD083423
:10E4400008B10135F0E74FF0FF30F2E7AF7B002075
:10E450002DE9F04F91B0019005F092FB90F85980B2
:10E46000044608F15B0890F85A9000EB08050AF0A2
:10E47000D7FEA24F064697F8C023012A39D01E2A9C
:10E4800024D1B9F10E0F2AD914F80830002B38D056
:10E490002EB3A37809A9022B40F09082B4F80500AE
:10E4A00023F008FAD8B994F9571094F8580023F0DB
:10E4B000DDF9452301460998027802F00602D340AF
:10E4C000DB0700F17F824FF49A61C8E0072A40F031
:10E4D0005E82B9F10E0F02D914F8083003B3019B24
:10E4E000002B00F08582184611B0BDE8F04F05F012
:10E4F000F3BAA37C1F2BF2D994F91030002BEEDA7B
:10E50000BFE76B7803F0F0012029C1D103F00F03BE
:10E51000013B012B0AD9002EE1D0072AB9D1DEE751
:10E520006B7803F0F0012029D9D1EFE7072A05F134
:10E5300003090BD10822484671491CF018FD28B187
:10E54000002ECCD097F8C033072BE7E797F8C033FD
:10E55000012B0CD108226B496B481CF008FD30B12F
:10E560000822484668491CF002FD0028E8D1002333
:10E5700005938DF8133097F8C033072B73D04846B6
:10E58000FFF74CFF431CAAD000286CD010F11B0FE2
:10E5900017D1A3789DF81300022B40F0A380B4F8A4
:10E5A000051005AA15F00AFB10F1160F40F0D781EF
:10E5B0004FF0FF094FF000084FF0140BDFF84CA1AB
:10E5C000C3E01D308BD14FF000080DF1240A1C224E
:10E5D00041465046CDF818801CF0FBFC14224B4BF2
:10E5E00019685FFA88FB8B454DD34FF000086FF038
:10E5F0001B034FF0FF0BC8F3C4014031694411F80D
:10E60000281C08F00700C140C9075FFA88F213D53B
:10E61000104607A90393029204F098F907A8FFF7A0
:10E62000FDFE039B40B91AF808108B4521BF8B46AD
:10E630000346029A8DF8132008F10108B8F11C0F67
:10E64000D9D1002B7FF44BAFA37C5B457FF647AF5E
:10E650009DF8130015F0DEFBB8B340F2EE3140F642
:10E66000BC0005F0CBFF4946B4F803000DF11302DE
:10E6700004F0F2F810F11B0F8BD010F11D0FA2D097
:10E68000002886D02BE7D7F8601402FB0B1B9BF801
:10E690000810C80716D5C1F3440106A823F03AFDB7
:10E6A00014229BF808109BF80C00C1F3440101F1FF
:10E6B00040030DEB030111F81CCC144B844538BF0B
:10E6C00001F81C0C08F101088AE749469DF813205F
:10E6D000B4F8030004F0DCF900283FF45AAF40F22C
:10E6E000F131BCE794F8533005AA012B02D1B4F8FC
:10E6F000171057E7611D15F089FA55E714770020C8
:10E70000EC7A002053A30400607C002090050020D8
:10E710000BFB08F3D7F860141944087AC20712D526
:10E72000C0F3440009A9029304F010F909A8FFF707
:10E7300075FE40B9D7F86014029B0B44197B8945DC
:10E7400084BF8946059308F10108DAF800104145B5
:10E75000DED8DDF814C0BCF1000F3FF4C0AEA37CDE
:10E760004B457FF6BCAE00234FF014081846D7F88F
:10E7700060E481420AD1D3B19CF80800C0F34400A0
:10E7800004F0AAF998B140F2464168E708FB00E2BC
:10E79000127A12F0010F08D09CF8089082EA090260
:10E7A00012F03E0F04BF0133DBB20130E1E7142267
:10E7B000002105981CF00DFCA378022B40F0CA80C4
:10E7C000B4F80520059BDA80DDF81480A37C9DF861
:10E7D000132088F80C3094F9573088F80D3098F8E9
:10E7E000083062F3450388F80830A27B98F80930B6
:10E7F00002F03F0203F0030343EA820388F8093082
:10E80000A27B98F80A30C2F3801223F0010313436D
:10E8100088F80A30627BDBB202F0070203F01F03C4
:10E8200043EA421388F80A30627B98F80B30C2F34F
:10E83000C10223F00303134388F80B30AB7898F838
:10E840000B20C3F3C30363F3071288F80B206B7824
:10E8500098F80A20C3F3030363F3C40288F80A207C
:10E86000AB7B98F8132088F80E30237CC3F3801319
:10E8700063F3820288F81320237C98F80820DB09D0
:10E8800063F3861288F80820AA7898F80810C2F373
:10E89000800262F3C71188F80810AA7898F8091066
:10E8A000D20962F3000188F8091097F8C023072AFB
:10E8B00008BF0123CAB263F3410298F80B3088F80D
:10E8C00009200F2B94F853305BD8012B4BD1A37840
:10E8D000032B02D1B4F8173043B1A378032B54D1E2
:10E8E000B4F81730002B0CBF0323012398F80B203A
:10E8F00063F3830288F80B20227898F8133062F3D0
:10E90000010388F81330002388F8113088F812309A
:10E9100020F074FEA0B1AA78B8F81130910756BF64
:10E9200023F0010343F001039BB2A8F81130AA7849
:10E93000D2074CBF43F0020323F00203A8F81130C2
:10E9400094F8541042460F39C9B205F10F0023F074
:10E950004EF8F5E50599601D04F0D0F834E700287D
:10E960007FF4BDAD30E763B9A378022B03D1B4F8CF
:10E970000530002BBAD0A378022B06D1B4F80530AD
:10E98000B0E7012BA9D0002BF5D00323AEE71C2A5A
:10E990002AD1B9F10E0F98BF00252046294611F063
:10E9A00029F9002E3FF49BAD97F8C033072B3FF4B5
:10E9B00096ADB9F10E0F3FF66CAD90E5601D22F0FB
:10E9C00093FF6FE502F00EFE099AAB781178C3F35E
:10E9D000C30363F3C6011170099A237C517BDB09E1
:10E9E00063F3000151737AE500283FF478ADE0E766
:10E9F00011B0BDE8F08F00BF034B93F89A040F28C5
:10EA000094BF0020012070471477002070B50D4698
:10EA10000F21064605F00EFB114C034640F8065B3D
:10EA20006DB9B4F8AC2304F532719A8008221CF059
:10EA3000C5FA3146BDE870400A4809F031BB4FF0D5
:10EA4000FF3204F532711A715A7108221CF0B6FABD
:10EA500094F850336FF3C71384F85033E9E700BFDD
:10EA6000147700207D9D020013B5074B074C93F8E7
:10EA7000BC130194012401F2BA321344009404221D
:10EA800003F062F802B010BD1477002091EA010093
:10EA900013B5074B074C93F8BC130194012401F202
:10EAA000BB3213440094002203F04EF802B010BDB4
:10EAB00014770020B9EC010007B5064B53220193EF
:10EAC0000223FF210093044B03F03EF803B05DF8EE
:10EAD00004FB00BFDDEA0100C07A00201FB50D4B2A
:10EAE000D3F8E423D37A917A03F00303DB0043EAFB
:10EAF00051138DF80F30084BD17C01930123042270
:10EB0000009301F003010DF10F0303F01DF805B0B0
:10EB10005DF804FB147700201DEB01001FB50D4BC1
:10EB2000D3F8E423937A517A03F001039B0143EA7B
:10EB300091038DF80F30084BD17C01930123002203
:10EB4000009301F003010DF10F0302F0FDFF05B08A
:10EB50005DF804FB147700205DEB010007B5074B5F
:10EB6000074AD3F8E43301920222FF2100920633D0
:10EB70004B2202F0E9FF03B05DF804FB147700209C
:10EB800085EB010030B5194C054685B006221849C1
:10EB9000D4F8E4031CF0EBF998B908224FF0FF31E8
:10EBA0000DEB02001CF015FAD4F8F0334A22019361
:10EBB0000823FF21009328466B4402F0C5FF05B0EF
:10EBC00030BD0322D4F8E4330DF10D00197802FBB7
:10EBD000014101F231111CF0F1F9D4F8E4130522DE
:10EBE000013102A81CF0EAF9DEE700BF147700202B
:10EBF0004BA3040007B5064B532201930223FF21C8
:10EC00000093044B02F0A0FF03B05DF804FB00BFCB
:10EC100019EC0100C07A002013B5074B074C93F89C
:10EC2000BC130194012401F2BB321344009400226E
:10EC300002F08AFF02B010BD147700207DED0100C4
:10EC400007B5064B532201930223FF210093044B87
:10EC500002F07AFF03B05DF804FB00BFAB160400BE
:10EC6000C07A0020002313B50446FF21104801AAF2
:10EC7000019309F013FD98B98DF80300FF210C48AA
:10EC80000DF1030209F07CFC9DF8030008B104F0CB
:10EC900023FF2146019A064809F006FB02B010BD89
:10ECA000002CFBD02146034809F0FAF9F6E700BF33
:10ECB000E1ED0100810F02000023F0B52D4D89B078
:10ECC000D5F8E4630446062230462B4905931CF030
:10ECD0004EF900283BD108224FF0FF3106A81CF066
:10ECE00078F90DF113030022F18806A804F09AFBCD
:10ECF00005A9304614F0D0FFF28801260027CDE99F
:10ED0000016600973B46B5F8AC13204622F023FD80
:10ED10008671D5F8D4290E21937820463343937019
:10ED2000022222F03EFD077095F8D0333146437041
:10ED3000204603F0EFFAF621204622F06AFD204635
:10ED4000FFF790FF072385F8C03309B0F0BD3746C1
:10ED5000032217F8011B0DF11D0002FB015101F206
:10ED600031111CF02BF90522394606A81CF026F9B2
:10ED7000B7E700BF147700204BA304001FB50A4B70
:10ED8000044693F8C2130DF10E0003F0B3FF074BD6
:10ED90004B2201930223FF21009320460DF10E0325
:10EDA00002F0D2FE04B010BD14770020B1ED0100D6
:10EDB00030B50A4D85B0044695F8C21302A803F099
:10EDC00055FFD5F8F0334A2201930823FF21009321
:10EDD00020466B4402F0B8FE05B030BD1477002029
:10EDE000014610B1014809F05BB97047810F02007C
:10EDF0002DE9F84F0025074690462E464FF0140B9C
:10EE0000DFF858A0DFF85890DAF800309D4202D3BE
:10EE10003046BDE8F88FD9F860440BFB0544237AEF
:10EE2000DA0719D5C3F34402BA4215D1627A9007C2
:10EE300012D5217B1F290FD999F8C013072903D0B8
:10EE4000590609D5D30707D52EB14246214630468B
:10EE500010F040FE00B926460135D5E790050020A8
:10EE60001477002007B5064B502201930223FF219F
:10EE70000093044B02F068FE03B05DF804FB00BF92
:10EE8000B9EA0100C27A002007B5084B084AC3F866
:10EE9000F01301920222FF21009203F2AE335022BE
:10EEA00002F052FE03B05DF804FB00BF14770020AF
:10EEB000F5EB010010B54FF6F674064BB3F8AC0352
:10EEC000431E9BB2A34200D810BD23F00AFD80B2BE
:10EED000F6E700BF147700201FB50446FFF7EAFFEE
:10EEE000074BADF80E000193022353220093FF213C
:10EEF00020460DF10E0302F027FE04B010BD00BF46
:10EF000069EA0100002330B585B005460DF107011F
:10EF100036488DF80730029303F038FD344C024632
:10EF200060B100234FF6FF7084F8C03314F02EFE5A
:10EF300028463049FFF76AFD05B030BD94F8E0136C
:10EF40009DF80700FFF754FF94F86A3F0290D90735
:10EF500006D5B4F8681F9DF8070002AA14F02EFE2B
:10EF6000029B002BDDD024499DF8070003F076FDBD
:10EF7000FFF7A0FFA4F8AC0302980021C4F8E40353
:10EF800014F08AFE10F1160F17D1002003A9039088
:10EF900002F0BCF928B140F2D62140F2451005F04C
:10EFA0002DFB039B987902F005FA014610B14FF44E
:10EFB0003671F2E7029814F06FFE10F11B0F03D0C8
:10EFC00010B140F2DE21E8E794F851335A070BD430
:10EFD000D4F8D4399B78DB0706D5084B2846C4F80B
:10EFE000F033FFF73FFFA7E7054BF7E7EC7A002088
:10EFF000147700203DFCFFFFC27A0020B9EC01002D
:10F00000F9F9010010B5234B93F8B943D3F8E403A1
:10F010007CB900283CD093F8E923022A0AD820467C
:10F0200002F07AFB2146BDE810406E221A4809F032
:10F030003BB968B3002283F8E92383F8EA23D3F8C5
:10F04000D4299278920710D593F8E81369B9012270
:10F0500083F8E82393F87827104861F3000283F8D7
:10F060007827BDE8104023F0B2B893F87827D24350
:10F0700002F0010283F8E82322F01AFB084823F08B
:10F08000A6F828B140F2CD4140F2451005F0B6FA9D
:10F0900010BD00BF1477002005F00100F9F9010050
:10F0A00005EF010010B52421044604F0C3FF4378A6
:10F0B0000549002B08BF00212046FFF7A7FC0022CE
:10F0C000024B83F8C02310BD36FCFFFF14770020ED
:10F0D000024B93F85103C0F30010704714770020DF
:10F0E00000232DE9F04186B080460E468DF80D30A4
:10F0F0000AF096F8002840F0DF8030460DF10D014F
:10F1000003F044FC074620B16C4F384606B0BDE81A
:10F11000F081327C317B9DF80D00FFF769FE0446DB
:10F120000028F1D09DF80D000DF10E0103F096FCC2
:10F13000634DBDF80E3005F57170A5F8AE33E37C74
:10F14000C3F3010385F8BC33A37AE27C617A03F050
:10F15000010302F003029B0143EA91032A4482F86F
:10F16000BB33E37AE27CA17A03F0030302F00302EB
:10F17000DB0043EA51132A4482F8BA3331461422A1
:10F180001BF01CFFA37A9B0725D5FFF7A1FF10BB3F
:10F190003946E022D5F8D4091BF01BFFFF21D5F832
:10F1A000D43940465970D5F8D429937843F00103F7
:10F1B0009370444B50220193022300930DF10E03F0
:10F1C00002F0C2FC0822314605F57670C5F8E4432A
:10F1D0001BF0F4FE99E7062220463B491BF0C7FED0
:10F1E00000284CD00622204637491BF0C0FEA0BBA9
:10F1F00008224FF0FF3104A81BF0EBFE0E21404621
:10F2000004F018FFE37AA27A03F00303DB0043EA79
:10F210005213C372A37A627A03F001039B0143EA9B
:10F2200092030373BDF80E300822038003230646C1
:10F23000837204A902301BF0C1FE95F8D033414619
:10F24000737395F8503321486FF3C713C5F8D8434B
:10F2500085F8503308F024FF57E72646032216F8B6
:10F26000011B0DF1150002FB015101F231111BF0E0
:10F27000A5FE0522314604A81BF0A0FEBEE70E2124
:10F28000404604F0D7FEE37AA27A03F00303DB00E2
:10F2900043EA5213C372A37A627A03F001039B011B
:10F2A00043EA920302220373BDF80E300646038040
:10F2B0008272A11D1044BEE7054F26E73DFCFFFF0B
:10F2C00014770020D9EE01004BA30400F91B0300C2
:10F2D0003EFCFFFF2DE9F0410B2186B0064604F00D
:10F2E000A9FE054628B940F26B1140F2451005F021
:10F2F00085F98478002C40F0E180008814F042FB0E
:10F3000038B96FF43D71304606B0BDE8F041FFF703
:10F310007DBB734C082294F8D83504F5717143F025
:10F32000010304F5327084F8D8351BF047FE2B88B2
:10F330000122A4F8AC33D4F8D83304F56C709B7B6D
:10F3400084F8D23229880DF1060304F06BF810B16D
:10F350004FF4C471C9E74FF6FF73CDE90200D4F84A
:10F36000D803B0F80680984527D106225D491BF0E6
:10F37000FEFD70B908224FF0FF3104A81BF029FEF2
:10F3800059480DF1070103F001FBC8B140F2BD116E
:10F39000ABE70322D4F8D8330DF11500197802FB3E
:10F3A000014101F231111BF009FE0522D4F8D813F6
:10F3B000013104A81BF002FEE2E70822E91CF8E78D
:10F3C00041469DF8070002AA14F0F8FB10B14FF473
:10F3D000E0718AE7029803A914F05EFC10F11B0F9C
:10F3E00003D010B14FF4E4717FE74FF6FF739845F7
:10F3F0000DF1060107D104A822F0BAFE074630B18C
:10F400004FF4F27171E7404622F098FEF6E70822C9
:10F41000344904A81BF0ABFD70B14FF6FF7398455B
:10F420000AD03A4641460DF10603E81C03F0FAFF04
:10F4300010B140F2ED1158E700219DF8060003AA33
:10F4400001F0C8FF50B9039B5A7860F302025A706A
:10F450009DF8063084F8C23323F009FA0F213046B4
:10F46000AF7804F0E7FD05460760B4F8AC33082236
:10F4700083801E4906301BF0A1FDD4F8D8333146F5
:10F480005A7A9B7A1A4803F001039B0143EA9203DC
:10F49000AB7308F005FED4F8D82394F85013D38842
:10F4A000B3FA83F35B0963F3C71184F85013137A3B
:10F4B0006FF30003137206B0BDE8F08108493046CF
:10F4C000D1F8D83301F571715A7A6FF341025A724B
:10F4D000FFF706FE0028EED00649091B13E700BF20
:10F4E000147700204BA30400DC790020D87A002098
:10F4F0007D9D020000FEFFFF2DE9F04389B0074625
:10F5000004F03EFB064622F054F9411C384604F054
:10F5100081FB054609F084FE8146304622F060F901
:10F52000BD4C804694F8C033002B34D1B9F1000FA4
:10F5300057D0AB78002B54D14FF6F7732A889A42F4
:10F540004FD8737819071ED4B08804A903F054FE6D
:10F5500008BB04A822F0F0F98146E0B92888A4F895
:10F56000AC0380B222F067F84A46B4F8AC13AB485B
:10F570000DF10B0303F056FFE0B140F2245140F2CD
:10F58000451005F03BF8082204F56C70B1181BF02B
:10F59000EEFC0028D8D094F8C033072B21D194F882
:10F5A000EB33C3B994F8EC0384F8EC7380B104F046
:10F5B00093FA0DE039469A4808F072FDB38894F842
:10F5C0005023B3FA83F35B0963F3C71284F8502323
:10F5D00009B0BDE8F083D4F8E403B388C2889A4246
:10F5E00001D03846E3E706228E491BF0C0FC002814
:10F5F00040F0938008224FF0FF3106A81BF0E9FC91
:10F60000AB78002B40F0A5804FF6F7732A889A421A
:10F6100000F218817378DA0640F114811B0700F1BB
:10F62000908008227F4906A81BF0A1FC40B1082267
:10F6300006A906F110001BF09AFC002840F0898012
:10F64000012229880DF10B03744803F0EBFE3046CC
:10F6500022F0A1F8D4F8E4130022734BC98803F018
:10F66000E1FE2B88A4F8AC3394F8D83543F00103BD
:10F6700084F8D83509F0AEFC012805D1D4F8D43986
:10F680009A786FF300029A70D4F8D43900259A78EA
:10F690006649900748BF0022A1F5887048BF5A709C
:10F6A00008221BF08BFCD4F8E433D88814F06EFAEF
:10F6B000422229465E4884F8EB5384F8C05308F090
:10F6C000F3FD294694F8C20303AA01F083FE30B982
:10F6D000039B5A7860F302025A7023F0C8F8B4F81A
:10F6E000A227B4F8AE339A424FD04FF6FF73B4F866
:10F6F000D8229A426ED1D4F8D432002B51D009F0DE
:10F7000003FC054609F00AFC0123834023F07843FB
:10F7100043EAC563C4F8D43243E00322D4F8E433A7
:10F720000DF11D00197802FB014101F231111BF0AE
:10F7300045FCD4F8E4130522013106A81BF03EFC79
:10F740005EE708223549B0181BF011FC00283FF491
:10F7500068AFB8F10F0F78D1AB78F02B3FD14FF6EF
:10F76000F7722B8899B2914239D8ADF80C3001224A
:10F770000DF10B032988294803F054FE2D4B532229
:10F7800001930223009303AB1AE009F0BDFB94F848
:10F79000A4378342A9D109F0C1FB94F8A53783426D
:10F7A000A3D194F84035462243F0200384F8403535
:10F7B00000238DF80C301A4B01930123009303AB07
:10F7C000FF21384602F0C0F900221B48114608F01C
:10F7D000D7FEFDE6B4F8AE33A4F8D8328BE7D4F800
:10F7E000E40321F065FFD4F8D4299378D90730D504
:10F7F0006FF30003AC78384610499370FFF770FC44
:10F800000028E1D02CB10E49091B3846FFF7FEF85D
:10F81000DAE72146F9E700BF14770020C47A002018
:10F8200041EC01004BA30400D67A0020EC7A0020C2
:10F83000E1ED0100B9EC010005F00100D87A0020EB
:10F8400000FEFFFFB8F10F0FC9D0D4F8E40321F098
:10F850002FFF3946014808F023FCB5E705EF01000A
:10F860002DE9F041142186B0054604F0E3FB06467D
:10F8700028B940F23E6140F2451004F0BFFE00217D
:10F880005B4C00F1080794F8493484F86F136FF368
:10F89000C30384F84934037B94F84924DB0963F3F8
:10F8A000C71204AB84F8492401930DF10D030093B2
:10F8B0003A46084603ABFEF725FB002840F094804B
:10F8C000717B01291AD0022947D0002942D1337B0C
:10F8D000384684F8D03322F011FE012840F08480AD
:10F8E0001421284604F0A6FB01462846FFF7F8FB42
:10F8F000014678B32846FFF789F82BE01421284603
:10F9000004F098FB94F8C013064600296AD105ABB1
:10F9100000F1080701930DF10F0300933A460846E2
:10F920000DF10E03FEF7EEFA00285DD1394604F220
:10F930004C4022F0C8FC0823032184F8C033059B07
:10F94000B27B01939DF80F3000939DF80E3028464E
:10F95000FEF71EFB06B0BDE8F0811421284604F036
:10F9600069FB94F8C013064600293BD105AB00F1B2
:10F97000080801930DF10F030093424608460DF16C
:10F980000E03FEF7BFFA074670BB0822314604F5A6
:10F9900076701BF013FB337B414604F24C4084F835
:10F9A000E03322F090FC072384F8C03394F8493404
:10F9B00067F3C30384F84934B4F8AE33A4F8A2372C
:10F9C00009F0A2FA84F8A40709F0A8FA059B84F8C4
:10F9D000A507B27B01939DF80F30012100939DF89C
:10F9E0000E30B4E7034985E76FF4707182E700BF1A
:10F9F000147700203DFCFFFF2DE9FF412E4D01262D
:10FA000095F8E883D5F8E473B8FA88F3FA88CDE975
:10FA100001665B090093B5F8AC130023044621F09E
:10FA20009AFE8671B8F1000F06D140F24B4240F2C7
:10FA30004511204621F017FFBB7A9B0703D5FFF73E
:10FA400047FB0646B8B106210122204621F0A9FE57
:10FA5000FA2195F8E033037095F850336FF3C7132C
:10FA600085F85033204621F0D4FE204604B0BDE88E
:10FA7000F041FFF7F7B80146E022D5F8D4091BF0B2
:10FA8000A8FAFF22D5F8D4390E215A70D5F8D42916
:10FA90002046937843F002039370022221F081FE06
:10FAA0000123037095F8E03331464370204602F09D
:10FAB00031FCF621D6E700BF14770020034B93F802
:10FAC000512360F3451283F85123704714770020C7
:10FAD000034A92F84A3443F0020382F84A347047EA
:10FAE000147700204FF6FE7337B50D210546ADF8AB
:10FAF000063004F0A5F8532302220370FF230446C6
:10FB0000827043700DF106010B301BF057FA044B65
:10FB10002946C4F80330034808F0C2FA03B030BDE8
:10FB200029FB01007112020010B50C21044604F0FB
:10FB300087F846230370FF2343700123837000235B
:10FB4000C372C3700371437183712146BDE81040D5
:10FB5000014808F0A5BA00BF71120200F0B51B21E0
:10FB600089B0054604F066FA01AA0346164600F17C
:10FB70001807144618685968083303C4BB42224664
:10FB8000F7D119889B782846A3702180172104F0AB
:10FB900067FA0446314608221BF010FABDF80C3013
:10FBA0002946E381BDF81430164823829DF81720BA
:10FBB000E37C62F30303E3749DF81730E27CC3F344
:10FBC000011363F30512E2749DF81730D2B29B095A
:10FBD00063F38712E2749DF81820237D62F3020319
:10FBE00023759DF81930A3749DF81E3063759DF838
:10FBF0001830012B0CBF0822042208F055FB09B075
:10FC0000F0BD00BF6512020073B50D460421064623
:10FC100004F010FA2B0A2633DBB2172B88BF13230C
:10FC2000044698BF094AE9B298BFD35C03700DF14E
:10FC3000060003F05FF8BDF806303146A4F8013045
:10FC4000034808F02DFA02B070BD00BF93A2040073
:10FC500071900200F8B514460F460921054604F0DC
:10FC6000E9F9FF2C06460AD1082200211BF0B1F960
:10FC700037722946BDE8F840034808F09DBA21468E
:10FC800002F0F4FFF4E700BF459F020037B50446D9
:10FC90000D4610460DF1070122F050FA80B99DF88B
:10FCA000073043EA052134B10A460848214608F0E6
:10FCB0003BFA03B030BD2246044822F0BBFAF8E715
:10FCC000002CF6D0204603F007FFF2E709FC010004
:10FCD0002DE9F0418A78CB78002A07460D4614BFFB
:10FCE0001026082603B108362C780CB104240E36F1
:10FCF000384604F0C7FA95F80180410748BF04343C
:10FD0000B8F1000F5DD03146384603F099FF044644
:10FD1000022200211BF05DF96A782378DFF8048164
:10FD2000002A6ED043F009032370EB78AA78DB0039
:10FD300043EA021362781343DBB2637098F86F23CF
:10FD400012B143F0200363702B7863B198F831331C
:10FD5000264406F8013C6378022143F0020338464A
:10FD6000637004F025FAAB88A380EB8863800123DD
:10FD7000A37198F8C632E37198F8863FDA0706D582
:10FD80006FF3000388F8863FE379013BE37198F84D
:10FD9000C632013388F8C632AA78EB78BAB30822A3
:10FDA00004F1080005F11006BBB3A9181BF006F911
:10FDB0000822314604F110001BF000F92046BDE88E
:10FDC000F081384603F0F6FE06F10B0323440344AA
:10FDD0007F2B09D9AB7813B185F80280083EEB7808
:10FDE00013B10023083EEB70384603F0E3FE0B34FA
:10FDF000344404447F2C12D83146384604F04CF980
:10FE000085E798F8262F43EA8203DBB28CE7002BC4
:10FE1000D4D00822A918A018CEE73146CCE7002498
:10FE2000CCE700BF1477002013B5014604460DF15E
:10FE3000060002F05FFF4FF6FF73BDF806209A42FE
:10FE400030D0204623F0C8FF174BBDF80620B3F88A
:10FE5000AC13914215D14FF0FF321448C3F8AC23D4
:10FE600022F0B5F921F0A7F909F0DAF9B0B120468E
:10FE700002F0CEFF90B141F21C4140F2471004F075
:10FE8000BDFB204623F0B8FF2046F8F7A5FEBDF8DD
:10FE90000600FCF75DFC204601F08CFA2146044880
:10FEA00008F0FEF802B010BD14770020E5FA01005A
:10FEB000ED160400F8B5104F1646B7F8AC334A8873
:10FEC00005469A420C4613D1072104F0B3F8A388E3
:10FED0002946038013238370B7F8AC334671A0F82A
:10FEE0000330FF238371BDE8F840044808F0D8B818
:10FEF000BDE8F84003F0F0BD147700207116020051
:10FF00002DE9F04186B00D46144600211822064620
:10FF100068461F469DF834801BF05BF818220021CC
:10FF200068461BF056F89DF830308DF800708DF85B
:10FF300001300023ADF80230214BADF8045093F8A6
:10FF40005023ADF80640D20602D5B8F1000F1ED0FE
:10FF5000B3F8AC33AB422AD108221A4904A81BF0EB
:10FF60002DF801238DF802304FF6F7739C420ED81E
:10FF7000204602A903F040F948B9082212490DEBC6
:10FF800002001AF0F4FF10B101238DF803306B4624
:10FF9000344606AD1A4603CAAA4220606160134681
:10FFA00004F10804F6D1304606B0BDE8F0812846D9
:10FFB00004A903F021F90028D3D00023D2E700BF21
:10FFC00014770020C47A00204BA3040010B58022CF
:10FFD000002113481AF0FDFF124B134C1A68002140
:10FFE00052080C32D4F840041AF0F3FF1422002116
:10FFF00004F244401AF0EDFFFF2384F8C23394F872
:020000022000DC
:10000000873FDB060BD594F84A1411F0020106D1A4
:10001000BDE8104040F24A22044808F045B910BD3E
:10002000D47A0020C805002014770020D1FA0100FE
:10003000F8B543F60953424C0025A4F8C432022314
:1000400084F8C73240F20F3306464FF0FF37A4F86A
:100050004E3394F85033102223F01B0343F00B036C
:10006000294604F2DB2084F85033A4F8445384F882
:100070004653C4F848531AF0ACFF94F851330122A8
:1000800065F3410384F85133FF2104F2BB3084F857
:10009000EB5284F83053C4F8AC731AF09AFF94F81A
:1000A0005033B6BB66F3820384F8B87384F85033D8
:1000B00000251C22002123481AF08BFF202229460C
:1000C000214884F86F53A4F83E5384F8D2521AF0B2
:1000D00080FF022384F8263F94F84A3484F8A5531D
:1000E00065F3410384F84A3494F89834A4F8A8538B
:1000F00065F3C71384F898344FF6FF73A4F8D83229
:100100004B2384F8A6330323C4F8D45284F8D132A5
:10011000F8BD65F3820384F850330323082084F884
:100120006E33A4F8B87307F061FE07F073FE07F0B2
:100130006BFE94F8CC3943F0010384F8CC39B7E76F
:1001400014770020667A0020997A002008B50120F3
:10015000FFF76EFFFFF73AFF01F0A8F8074B002109
:1001600093F8982406486FF3000283F89824BDE8BA
:10017000084040F24A2208F097B800BF14770020E8
:10018000D1FA010000487047C07A002001460148BA
:1001900008F012B8A112020030B587B0014604463B
:1001A000684624F0F7FA0546204603F0E9FC435D73
:1001B000C3F38303022B1BD109F032F80E4D60B15B
:1001C00095F8C0331D2B13D000200DF05FFB2146A6
:1001D0000A4807F065FF07B030BD95F8C033072B1C
:1001E000F2D0D5F82C351BB1204698470028E7D12E
:1001F000204603F071FCEEE714770020A10B02000B
:1002000038B550B3154A92F84434834225D10023BF
:1002100082F84434D2F840349868F0B11968013853
:100220001944097B9860D2F840440D48236800685F
:1002300001334008B3FBF0F500FB1533236082F86F
:10024000441429B940F6CE2140F2471004F0D6F903
:100250000448BDE8384007F023BF38BD14770020BC
:10026000C805002075C40100F7B500274B4C3A467D
:1002700005460E464A48FE2184F86F7308F080F95F
:1002800094F8493484F8847467F3C30384F84934D8
:1002900013F022FC4FF6FF70FCF75AFA08F0C0FF8B
:1002A00050B10DF1070104F56C7021F05CFF18B935
:1002B0009DF8070002F0DEFD94F850336FF3C7138A
:1002C00084F85033AEB108F0ABFF002854D194F855
:1002D000D83529466FF30003324884F8D83507F043
:1002E000DFFEFF2384F8C233002384F8C03303B059
:1002F000F0BD94F87837B4F8AC0366F300030DF161
:10030000070184F8783721F019FF18B99DF8070024
:10031000FFF78AFD0822002123481AF05AFE08221E
:10032000224923481AF023FEE0B123F0AFF8C8B900
:100330001F480DF1070121F016FF70B91D49082271
:1003400001F5D2701AF013FE38B19DF8070094F849
:10035000C233834201D0FFF767FD08220021144811
:100360001AF037FE94F8C203FF2801D0FFF75CFDB6
:10037000284609F09FFDB4E794F8C203FF28A6D0F1
:1003800001F018F828B141F2C94140F2471004F0D9
:1003900035F9FF2384F8C23399E700BF14770020B2
:1003A000157C0200D5AF0200DC79002053A30400C5
:1003B000687C0020C47A0020F8B50E46152104465A
:1003C000174603F04DFE0546BEB10D4B9B1BC5F80D
:1003D0000F3067B1204603F0D3FB43882B80022304
:1003E000AB7321F0E6F90146204603F0E9FC214613
:1003F000BDE8F840034807F053BE3346E7E700BFC7
:1004000000FDFFFF8DB601002DE9F3411B210446DD
:1004100003F010FEB0F808800546204603F0B0FB5C
:10042000944E0746D6F8583F0BB120469847AB7C10
:1004300003F0F702E12A01D0F12B08D12B7D33B173
:10044000013BDBB22B7583B918200BF045F86B7DAF
:10045000A97CA3F1F602082A00F2C380DFE802F0CB
:10046000105CC1C110A351C1620008F0D9FE002880
:10047000EDD02146804802B0BDE8F04107F010BE43
:1004800096F8C033072B36D1FF2100227B4808F0B5
:1004900077F8012396F8EC1386F8EB3341B17848EE
:1004A00007F0FEFD002386F8EC3302B0BDE8F081D2
:1004B00096F8B93383B904F0EBF8014618B96E2207
:1004C0006E4807F0F1FE0023204686F8E93302B0BB
:1004D000BDE8F04101F020B904F0DAF8014620B996
:1004E0004FF4A572654807F0DFFE204602B0BDE874
:1004F000F04103F0F1BA40F6341140F2471004F035
:100500007DF8FF22204696F8851401F0010102B023
:10051000BDE8F041FFF79EBB204602B0BDE8F041C8
:1005200007F08EBC1B21204603F084FD06462046C2
:1005300003F026FB21F03DF9411C204603F06AFB45
:10054000368905460DF10701304621F0F7FD0246D8
:1005500010B140F61121D0E72B789DF80710DB0091
:1005600003F480734748194321F064FE18B19DF8E5
:10057000070002F07FFC0921204603F071FD0023F3
:10058000054605F8013B2946304602F035FE28B104
:1005900008224FF0FF3128461AF01BFD21463A4849
:1005A00007F07EFD81E71B21204603F043FD092172
:1005B000857C0689204603F053FD4FF6FF739E426B
:1005C00005700BD0451C2946304602F015FE28B1B7
:1005D00008224FF0FF3128461AF0FBFC21462A483A
:1005E00049E7F32B09D900293FF47FAF4246204663
:1005F00002B0BDE8F041FFF749BB3B7803F00303CD
:10060000032B0CD149B1A3F203235B1A19462046F0
:1006100003F066FE21461D482DE70B46F6E719B3A9
:10062000F12921D0DA291FD042460020FFF72EFB06
:100630002046AE7C03F0A4FA15210546204603F0BF
:100640000FFDAEB1124B9B1BC0F80F306B880380BF
:1006500002238373284621F0ACF80146204603F0BC
:10066000AFFB21460B4806E7002386F84138DFE759
:100670003346E9E7147700205DFB010005F0010037
:10068000F9F40100D7160400D99F020009070300FE
:1006900000FEFFFF8DB601002DE9F04F8BB005463F
:1006A00003F06EFA03780A210293002304462846D9
:1006B000059303F0BFFC0A22014607A81AF07EFC4E
:1006C0009DF8250000F0ACFD074628B9284603F048
:1006D00003FA0DF061F911E2A379002BF6D0029B29
:1006E0009907F3D44FF6F772A3889342EED88BB9EB
:1006F000B74B93F9623F002B0CDA6378DA0609D521
:100700001B074CBF04F1100004F1080012F010FFA9
:100710000028DBD04FF6F77362889A4209D9AC4BB8
:10072000A188B3F8AC23914203D193F84A349E07D1
:10073000CCD563789806C3F34012C7D413F0020FE8
:10074000A34EC3F3400800F0C68096F87837D90767
:10075000BCD50C219DF8253001FB036393F8793358
:100760005B0740F1B18006A9BDF81E00069221F09A
:10077000A1F806990246A1B198B94B7803F0070099
:1007800005280ED1087800F00600042814BF0220C6
:10079000012060F302034B70069B8E48997907F0A5
:1007A000EFFE204621F01CF8804608F039FD48B9DC
:1007B000237803F00303012B88D108F0F708B8F180
:1007C000070F83D1284603F0DBF90446122128469F
:1007D00003F0EEFC0A21284603F02CFC0A2207A9AC
:1007E0001AF0ECFBA0881EF062FA284603F0C8F964
:1007F0004378804603F01203122B40F0FC800A215C
:10080000284603F017FC8146404620F0D2FFB9F895
:100810000230B8F8042009389A42404498F8013070
:1008200040F0DA801A0748BF08F110014FF00802C3
:1008300058BF08F108011AF09AFBB0FA80F94FEAA4
:1008400059194FF6F7726388934226D94FF6FF7213
:10085000934209D04FF6FD7293427FF437AF96F87A
:10086000B933002B3FF432AF237803F00303012B9D
:1008700004D1204620F0B4FF01280ED096F8B933F9
:100880005BB1204613F006F900287FF41FAF204625
:1008900013F0C4F800283FF419AFA379013BA3710A
:1008A000029B03F00303012B40F0A780204620F0B9
:1008B00097FF431EDBB20E2B024640F29E8021467C
:1008C0002846FFF7F7FA04E7284601F071FC0028F4
:1008D0007FF4FFAE65E7284603F052F990F80090E8
:1008E000019020F066FF09F00309B9F1010F82467B
:1008F00003D1019820F074FF80465146284696F8AF
:1009000078B703F087F98246FCF78EFF9AF800303B
:100910000BF0010B03F00302012A039023D1980688
:1009200024D49AF802A0AAF10501D1F1000A4AEBF9
:10093000010A08F075FC38B3BBF1000F18D0B9F10B
:10094000010F0BD108F0F708B8F1060F06D1019B93
:100950005A88B6F8AC339A423FF447AF08F060FCCF
:1009600008F05EFC1DE04FF0000AE2E7BA46E0E75F
:1009700008F056FC78B9B9F1010F0CD108F0F7086E
:10098000B8F1070FECD130E708F04AFC98B9BBF199
:10099000000FE5D1EFE708F043FC10B1B9F1000F0B
:1009A00011D008F03DFC00283FF490AE039B002BD3
:1009B0003FF48CAE19E708F033FC0028F1D0BBF10E
:1009C000000FEBD0EDE7BAF1000F7FF40EAFE8E7D0
:1009D0001477002029FE01001B074CBF08F110010D
:1009E00008F1080108221AF0C2FAB0F1000918BF94
:1009F0004FF0010925E7B94623E76378980742D508
:100A000000232846069303F0BBF8804620F0D1FE71
:100A10000E388044D8F8013098F80DA008F1050888
:100A2000404606A9BDF81EB0019320F05DFF1C30C2
:100A300003D1584606A920F03DFF0DF11303002213
:100A40005946404602F0EEFC069B002859D073B18F
:100A500096F8872F910669D5069B019AC3F809205D
:100A60005A79524503D083F805A021F000FF96F88B
:100A700031339A4507D0AAEB0303DBB27E2B02D8B1
:100A800050460DF067FBB9F1000F23D0284603F064
:100A900077F8044620F07FFE02F07CFC00283FF44B
:100AA00015AE4FF6F773A2889A4213D86378D8062A
:100AB00050D5204620F06FFE06A9804621F053FB5A
:100AC00010B96378990745D500224046A18806AB46
:100AD00002F0A8FC6388B6F8AC23BDF81E009A4269
:100AE00005A903D04FF6F77293423AD920F0E2FEFF
:100AF00000283CD02946294807F0D2FA0BB0BDE8BF
:100B0000F08F96F8B923002AA1D0002BA0D10121A3
:100B10009DF8130006AA00F05DFC069B002BA6D0F2
:100B200096F8872F920601D5002895D19DF82510BB
:100B30005A7801F0070102F01F0242EA41125A708E
:100B40009DF825109A78C1F3C10122F003020A43EF
:100B50009A7081E700220121A08806AB02F020FBF9
:100B6000B8E720F0A7FE074600287FF4AFAD9DF957
:100B700021209DF82010059800F05EFD059B5A7815
:100B8000520708D193F9040010F1640FB4BF00209C
:100B900001201EF00DF8002FACD197E5450D0200A5
:100BA00070B5082186B0044603F044FA00210678A7
:100BB000204620F02EFE05464672204621F080FD9C
:100BC0002871204621F076FD21466871684623F0A1
:100BD000E1FD06460221204603F0CCF831462046CE
:100BE00003F0EEF806460146204620F0FFFD68B30C
:100BF000337803F00303032B09D16946204695F9A6
:100C000005302A790FF096FD0CF0C6FE1CE09DF829
:100C100015309A09022A19D1C3F38103022B15D189
:100C20004FF6F772BDF8083093420FD86B80BDF8CD
:100C300000302B809DF81430DB0601D50DF096F8BE
:100C40002146044807F02CFA06B070BD204602F099
:100C500043FFD9E799060200F0B50A218FB0054697
:100C600003F0E8F904462DB940F2354140F247104F
:100C700003F0C4FC10B940F23641F7E708F0D0FAAF
:100C8000024630B9C22128460FB0BDE8F040FFF758
:100C900093BBA379294E1BB196F8783703F0010373
:100CA00000212288CDE9001102A8B6F8AC13FFF7A5
:100CB00027F908AA9646944602AB17461868596861
:100CC000083303C773453A46F7D1237A6146DF06F6
:100CD00044BF00228DF82320180748BF0023284670
:100CE00048BF8DF82230FEF7F3FF024620B396F896
:100CF000653FD90744BF96F8663FC371A378002BC0
:100D000008BF1E23837163795BB14FF6F7732188A7
:100D1000994206D843785B075EBF037843F04003EF
:100D20000370E179284620F074FD294604480FB08D
:100D3000BDE8F04007F0B4B9D321A4E71477002050
:100D4000810F02002DE9F743044602F019FF0678EF
:100D5000054620F02EFD06F00306074656BB694BFC
:100D600093F8442442B92146674883F8444403B0C9
:100D7000BDE8F04307F094B96449D3F8402408680B
:100D800095684108B5EB500F80F0B180506802447F
:100D90001473D3F84004826801328260D3F840248F
:100DA00053680133B3FBF1F001FB1033536003B020
:100DB000BDE8F083012E40F09C80284620F010FD15
:100DC000504E024696F85133590705D5A0F10E034F
:100DD000DBB2012B40F28680D31E0C2B00F2828006
:100DE000DFE803F0850780806C80807C80708080E5
:100DF0006C002046791C02F00DFF002390F8008063
:100E00008DF8073008F00CFA00284ED0A8880DF1B4
:100E1000070121F093F9002847D118F0400F4FEA5D
:100E2000981721D0A88820F003FD00283DD14FF667
:100E3000F7726B8893420AD9B6F8AC23934222D159
:100E4000FF222046C8F34011FEF704FF1AE096F88F
:100E500085349A0729D443F0020386F885346A88DA
:100E6000B6F8AC339A42EAE79DF807004FEAC809A2
:100E700009F4807940EA090901F08AFF49462046D1
:100E800020F029FC0024A88820F048FD6A88B6F8E4
:100E9000AC339A4209D047EA581707F001073843A4
:100EA000C0B210B91A4821F092F914B1204602F0EC
:100EB00013FE03B0BDE8F0430CF06EBD2046FEF714
:100EC0001BFBF6E7791C204602F0A4FE29460246E9
:100ED000204603B0BDE8F04306F0D8BF204601F03D
:100EE00015F8E6E729462046FEF7E4FFE1E70CF0B7
:100EF00053FD002C3FF45BAF204603B0BDE8F04348
:100F000002F0EABD1477002075C40100C805002076
:100F1000F1940200F7B51D460F461721164603F05F
:100F20009FF8002205F00F05144B65F05F05019254
:100F3000C6810780C574B3F8AE33044603829DF8BA
:100F400020308374037D62F3020303754FF6F77359
:100F50009E420FD8304601A920F0ACFC60B9019B3D
:100F60005A789B7803F00303DB0043EA521363755E
:100F700003B0F0BDFF23FAE70123F8E71477002060
:100F80002DE9FF41044602F0FBFD0A2106462046FA
:100F900003F050F890F807802CB940F2866140F2D7
:100FA000471003F02BFB4B4B5B681BB12046984767
:100FB00000285DD0204602F041FD204602F0E0FD11
:100FC0004388454FADF80A3081889AB2B7F8AC3300
:100FD00097F8BC53994209D04FF6F7739A4205D857
:100FE000437813F0040F08BF4FF0F80897F8C033A8
:100FF000072B17D0002197F8C20303AA00F0EAF9E3
:1010000010B14FF4A961CAE797F8C2130DF10A00B5
:1010100001F070FE039B9D785A7805F00305ED0002
:1010200045EA5215304620F0DBFB97F8B93313BB85
:10103000204602F0A5FD4FF6FF73BDF80A20CDF85B
:101040000080D31A18BF01230646B7F8AC13204618
:10105000FFF760FF1721204602F0ECFF4FF6F77311
:10106000457572889A4225D921461C4807F018F820
:1010700004B0BDE8F0814FF6F77372889A42D7D971
:10108000337803F00303012B01D10128D0D030467F
:1010900012F000FD0028CBD1304612F0BFFC002832
:1010A000C6D1B8F1F30F10D80122CF212046FFF7A7
:1010B00083F9DDE7337803F00303012B1FBF04221C
:1010C000037D62F302030375CEE7204602F004FDC0
:1010D000CEE700BF68870020147700206512020069
:1010E0004FF6FF7307B5ADF80630084B93F8C213FF
:1010F000074B1B68994203D20DF1060001F0FAFD7F
:10110000BDF8060003B05DF804FB00BF14770020B3
:10111000A00500201FB5044602F032FD037823B17C
:1011200040F23511282003F069FA0421204602F02C
:1011300047FE204602F024FD082201460DEB020086
:1011400019F03CFF054B4A2201930823FF2100932D
:1011500020466B4400F0F8FC04B010BD9518040064
:1011600010B5044602F00CFD037823B14FF4A571CD
:10117000282003F043FA05492046BDE810404A22E2
:10118000034B91F8BC1300F05FBD00BF1477002043
:101190001511020037B50025114C0D70D4F87833C5
:1011A00001A823F03F031B041B0C43F4801343F0FE
:1011B0002003C4F8783321F0C5F90422019B0DEB1C
:1011C000020103F0784343F0FF6343F4FF2304F587
:1011D0006070019319F0F2FE284603B030BD00BFE5
:1011E000147700200D4BD3F88003C30E11D0172BBA
:1011F00020F0784004D0173B082B03D9002070471B
:1012000028B9704748B1002040F010007047042012
:10121000FAE7003818BF0120C0007047147700209B
:1012200028B9044B93F87803C0F3401070470020AE
:10123000704700BF147700201FB5044607F0F4FE86
:10124000074BADF80E000193022353220093FF21B8
:1012500020460DF10E0300F077FC04B010BD00BF76
:10126000611102000146014806F01ABFE1220300A5
:101270000146014806F014BF152903000146014844
:1012800006F00EBF010D03000146014806F008BF3D
:10129000891902000146014806F002BF352A030001
:1012A0000146014806F0FCBE0904020010B5084BD7
:1012B000084C1A684FF0FF31D4F85C0419F089FE2D
:1012C00043F60543A4F870340023C4F8643410BD19
:1012D000A00500201477002000200A4BD3F85824E2
:1012E000094B1B6803EB031313449A4200D1704768
:1012F0001178113201F00701052904BF0130C0B295
:10130000F3E700BF1477002098050020094B1B6805
:1013100098420BD2084B00EB0010D3F858341A183F
:101320001B5CDB0702D500200A6070476FF01B00D2
:10133000704700BF9805002014770020034AD2F8B8
:1013400064340133C2F86434704700BF147700205E
:1013500037B5FF250446164B01EB0111D3F85C2489
:101360001554D3F858345A5C6FF300025A5401F004
:1013700081FD0A20FFF7E2FF0AF0AEF803F0A8FFB4
:101380000B2006F0CDFA0C2006F0CAFA0F2006F06A
:10139000C7FA132006F0C4FA1F2006F0C1FA03F0C2
:1013A000A5FF2146684601F061FC03B030BD00BFD7
:1013B0001477002008B5064BD3F85C34195CFF297C
:1013C00003D0FFF7C5FF002008BD6FF01B00FBE74F
:1013D000147700202DE9F84FDFF8FCA00746DAF873
:1013E0005C3416461B5CFF2B56D1002971D00023BC
:1013F000DFF8E8B0DAF85894DBF80020DDB2954267
:1014000003D36FF01500BDE8F88F05EB051519F84B
:10141000058009EB050418F0010803F10103EDD183
:10142000384601F0B5FCDAF85834DAF85C149C421E
:1014300006D3DBF8002002EB02121A44944204D3D4
:10144000F7214FF4A47003F0D9F81122E31AB3FB8B
:10145000F2F32046CB55414619F0BBFD0322A7719C
:1014600019F80530092003F0780343F0070309F861
:101470000530637862F302036370637B68F30003F3
:101480006373FF2323727F2323710AF025F8FFF78C
:1014900055FF34600020B6E7DAF8582403EB031355
:1014A000D1183160497801F00301012906D1D15CDE
:1014B00011F0060F02D14FF4BD71C2E7BAF8AC13B8
:1014C0000029E7D1D35C13F0060FE3D140F27F117E
:1014D000B7E76FF01B0096E714770020980500200F
:1014E0002DE9F04700244FF0FF09DFF84CA0114F21
:1014F000DAF80030A34203D8BDE8F047FFF71EBF7B
:10150000D7F8586404EB0415725D7319D2070FD530
:1015100093F80680404601F0ADFCD7F85C340A2011
:1015200003F80890735D6FF30003735509F0D4FF5F
:101530000134DDE7147700209805002070B5002500
:10154000184E194C3268EBB29A42D4F858041DD8A0
:10155000002102EB021219F03CFD1422134B002172
:101560001B68D4F860045A4319F033FD104B002176
:101570001A68D4F85C0419F02CFD0023C4F8683410
:10158000FFF794FEBDE87040FFF7D8BE03EB0313EE
:10159000C218C35CDB0702D5907901F06BFC013502
:1015A000D0E700BF980500201477002090050020A8
:1015B000A0050020002010B5084B1968084BD3F88F
:1015C00058440346994200D110BD03EB0312A25CBC
:1015D0000133C2F300021044C0B2F3E798050020C3
:1015E0001477002008B528B940F286414FF4A47062
:1015F00003F004F80F4B93F9603F002B08DBC3792D
:10160000027AFF2B06D18B185B08C370C27101727E
:10161000C07808BD934206D98B42F6D991420B4659
:1016200038BF1346F1E78B42EFD891420B4628BFF3
:101630001346EAE71477002038B5044615460846F5
:101640002CB940F2CD414FF4A47002F0D7FF074B04
:1016500093F9603F002B07DB114620F007F90146A4
:101660002046FFF7BFFF257138BD00BF147700206B
:101670007FB50721054602F0DDFC01260023044664
:101680000288CDE9016322490096B1F8AC132846DF
:1016900020F061F8A3784FF48362DA2B8CBF3346D5
:1016A0001E238371037840F2491143F04003037015
:1016B000284620F0D8F84FF6F773B4F803209A4282
:1016C00023D8A378132B0CBF04220322032128461E
:1016D00020F067F84FF6F772A3780370B4F8033080
:1016E00099B2914206D8A0F80130A378132B04BF19
:1016F0006379C370A179284620F08BF82946054804
:1017000004B0BDE8704006F0CBBC3246DEE700BF57
:1017100014770020810F020070B5224C064694F821
:10172000495415F0100504D0012384F8EA33A0BB16
:1017300070BD20B9BDE870401B4820F048BD0F21A6
:1017400002F078FC94F84934212243F0100384F825
:10175000493494F8E93384F8EA53013384F8E933DF
:1017600002230370D4F8E4333146DB88A0F801305B
:10177000B4F8AE33C272A0F80930057345738573AF
:1017800094F8E9330948012B03D1BDE8704006F015
:101790008BBDBDE8704006F083BCBDE8704002F030
:1017A0009BB900BF1477002019170200D90A030063
:1017B00070B5092188B0054602F03CFC09220146BB
:1017C00005A819F0FBFB07F02BFD002800F08F8027
:1017D0000822504905A819F0CAFB98B94E4C94F854
:1017E000C033052B17D008224A4905A819F0BFFBC2
:1017F000A8B994F88534990779D443F0020384F8A2
:10180000853414E00822454905A819F0B0FB0028EA
:10181000E4D0C8246CE084F8545408B070BD0822A9
:1018200004F56C7105A819F0A2FB0028E1D094F82A
:1018300085349DF81C20002062F3000384F8853471
:101840001D2384F8C03309F0B3FB0123CDE9013334
:1018500000934FF6FD7200232846B4F8AC131FF036
:101860007AFF064638B903466FF04902F72140F285
:10187000491021F054FC94F8743F5A0607D5082209
:101880002749103019F09AFBB4F8823FB3804FF427
:10189000807240F2491128461FF0E5FF0122042121
:1018A000B27128461FF07DFF002303709DF81C30A5
:1018B000FB21003B18BF01235B01037028461FF08A
:1018C000A8FF9DF81C204AB994F8843762F30003FE
:1018D00084F884374FF6FF73A4F89E3794F878376E
:1018E000DB0715D529460F4806F0DAFB95E7C22439
:1018F000284602F0FBF90921284602F0B1FB05A9B0
:10190000082200F8014B19F059FB29460648EBE77D
:10191000CD24EDE753A3040014770020C47A0020FF
:101920008D860020810F0200D99F0200F8B50121A9
:10193000044602F07FFB0778104E57B1FFF7D0FD49
:10194000002386F8C0332146BDE8F8400C4806F075
:10195000A7BB0321204602F06DFB03223946054652
:1019600019F037FB01232B70FF2321466B700548CC
:1019700006F096FB0A2386F8C033F8BD14770020E2
:10198000259502007D12020010B50446FEF71EFBED
:101990002146BDE81040014806F082BB25950200B3
:1019A0000146014806F07CBB891202002DE9F34193
:1019B000044607F035FC28B1294D95F8493413F059
:1019C00010070AD0C221204602F08AFC2146254891
:1019D00002B0BDE8F04106F063BB95F8C0231C2AB5
:1019E00005D143F02003C62185F84934EBE70521F2
:1019F000204602F01FFB0F21D0F80180204602F0A4
:101A000019FB3946064601AA95F8C203ADF80270E3
:101A1000FFF7E0FC28B14FF4FD7140F2491002F0ED
:101A2000EDFD95F8493495F8C21343F010030DF11C
:101A3000020085F8493401F05DF9BDF80230214615
:101A4000A6F8013002233370B5F8AE330648A6F885
:101A50000930C6F80B8006F023FB02B0BDE8F08128
:101A60001477002019DC0200D90A030010B50446DF
:101A700002F020FC0E4B93F849246FF3041283F814
:101A8000492493F8C023072A0BD193F8EA33204660
:101A90001BB1BDE81040FFF73FBEBDE8104002F0AB
:101AA0001BB82146BDE81040024806F0F9BA00BF55
:101AB0001477002019DC020038B502F029FC1B4C19
:101AC00094F8983450B3D9070BD420F0E9FB94F87C
:101AD000983443F0010384F898341DF0EDFDC4F808
:101AE00090041DF0E9FD6FF00043D4F89054401BC2
:101AF00098420CD21DF0E0FDD4F89034C01A41F6A3
:101B0000F063984210D9BDE8384020F0C9BB1DF001
:101B1000D3FD41F6F0632D1A9D42F3E7DA0744BF87
:101B200060F3000384F8983438BD00BF14770020B8
:101B30000D22034B0146034883F8C02306F0B0BAD8
:101B400014770020AD1C02002DE9F84F0C46DDE9AA
:101B50000ABA0BF10B0115468146984602F070F85F
:101B6000BBF1FF0F0746057005D940F2E54140F291
:101B7000491002F043FD00F10B0680F802B05A460E
:101B80004146304619F01AFAC7F803A07C7065B9CF
:101B9000264B1A1992F8BB1398F8002091422CD0CA
:101BA000FF2C2AD140F2F241E1E7042D0FD11F486A
:101BB00098F80020031993F8BA339A4201D0FF2C09
:101BC000F0D004F2BA340122314620441AE0522DFA
:101BD00027D00AD8412D20D001D9502D19D04946FF
:101BE000BDE8F84F124806F05BBA532D0DD0812D99
:101BF000F5D1082231460F4804E00122314604F2B3
:101C0000BB30184419F0DAF9E9E7022231460A48F4
:101C1000F8E7022231460948F4E701223146084834
:101C2000F0E7012231460748ECE700BF14770020B7
:101C300071120200C47A0020C07A0020C27A00200B
:101C4000CC7A0020CD7A0020F8B50E460A21044651
:101C500017461D4601F0F4FF07704670C0F80250A9
:101C60002146BDE8F840014806F01ABA9512020074
:101C700037B5069D0B4C61B194F8C013013184F85F
:101C8000C0130949CDE90051FF21FFF75DFF03B003
:101C900030BD054B94F8BC1303B0BDE83040FFF7EE
:101CA000D3BF00BF14770020AD1C02007FB55A4C93
:101CB000054601F065FF94F8C023531CDBB2A2F186
:101CC0000D0184F8C0330C2900F2A080DFE801F098
:101CD0000717172A2A434367678B94948D000223C2
:101CE0005022B4F8AE0300934C4B4FF6FF71411AEB
:101CF00018BF01212846FFF7BBFF04B070BD0F2BB2
:101D000009D1011D0222454819F058F994F8C03351
:101D1000013384F8C0330223B4F8AC035322009398
:101D20003F4BE2E7112B09D1011D02223C4819F07B
:101D300045F994F8C033013384F8C0330822394997
:101D4000394819F014F9082381220093364B011EFB
:101D500018BF0121CEE7132B09D1011D08223248FB
:101D600019F02CF994F8C033013384F8C03394F897
:101D7000C033142BC1D108222A492B4819F0F7F897
:101D800028B940F2DA5140F2491002F037FC012341
:101D900094F8B81341220093FF39244BD8E7152B50
:101DA00008BF037902F1020208BF84F8B83394F83F
:101DB000B93384F8C023FF2B04BF012384F8B9335F
:101DC00094F8B9335222003B18BF01238DF80F302D
:101DD000174BFF2101930123284600930DF10F03B8
:101DE000FFF7B2FE89E7002D87D02946104804B0DE
:101DF000BDE8704006F054B929460D4806F050F988
:101E000094F8C033013384F8C03376E700232946C1
:101E1000084884F8C033EAE714770020C27A00202B
:101E2000C07A002053A30400C47A0020CC7A00209A
:101E3000AD1C02004D950200014B93F8D002704793
:101E400014770020044B93F8C0230B2A04BF002210
:101E500083F8C023704700BF1477002010B5042119
:101E6000044602F0E7F80F230370054B2146B3F850
:101E70004634A0F80130BDE81040024806F010B921
:101E80001477002071900200014820F0A0B900BF33
:101E9000951E020013B50C4CB4F8463473B10B4BCD
:101EA000502201930223FF21009304F24643FFF7DF
:101EB0004BFE0023A4F8463402B010BD02B0BDE8CA
:101EC000104001F009BE00BF14770020D11E0200AF
:101ED00008B501F001FE012005F022FD094BB3F821
:101EE0003E23B3F8AC339A4207D1BDE8084041F62F
:101EF000F0620021044806F0D7B90020BDE8084090
:101F0000FFF7A0BF14770020451E0200F8B5064673
:101F100001F036FE07461FF04CFC411C304601F034
:101F200079FE054644891DF069FB58B12046ECF75F
:101F30006FF904462B781B0911D03046BDE8F840F4
:101F400001F0CABD4FF6FF721C4BB3F8D832934272
:101F500003D0E31A5C425C41ECE70124EAE7082283
:101F60001749681C19F003F80028E6D12B7803F014
:101F70000F03012BE1D1002CDFD04FF6F7737A88E5
:101F80009A4203D90AF0E6FA0028D6D06B7A0B48B9
:101F900005F10A0180F8D232022200F2464019F01F
:101FA0000DF8002140F24A22064806F07DF931463C
:101FB000BDE8F840044806F073B800BF147700206D
:101FC000DC790020891E02005D1E020070B50D46FE
:101FD00004210446164602F02DF80670A0F80150C0
:101FE0002146BDE87040014806F05AB871900200E1
:101FF0002DE9F04F06468FB08846174600210D2286
:1020000006A818F0E6FF304601F0BAFD00EB08051F
:1020100028461FF0CEFB2D23A0F10E0A05EB0A0483
:1020200005F80A30DFF884B1631C042281465C495C
:102030001846059318F0C2FF9BF8732F059B12F00A
:10204000080F0AD018460422002118F0C2FF9BF89E
:10205000733F6FF3C3038BF8733FBBF83C3313B983
:102060000E2005F05DFCDBF8343308220133CBF899
:102070003433BBF83C334B49013BABF83C339BF862
:1020800031336373631D1846059318F097FF0822D8
:10209000444906A818F092FF9BF8743F580611D5E2
:1020A00005F1100B082258463F4918F060FF48B967
:1020B0000822594606A818F081FF08225946601DDB
:1020C00018F07CFFD4F80130607B089315F80A30D3
:1020D0008DF824300CF0B8F8824600285CD0DFF888
:1020E000CCB09BF8733F990612D5014610220AA87E
:1020F00018F064FF9DF829300DF1280A83F0F003F1
:102100008DF829309BF8733F6FF345138BF8733FBD
:10211000304601F04FFD08EB0903C01A05EB090B2F
:102120002A46CDE900B04B465046029706A91FF05B
:10213000CFFD054660BB4146384601F0ADFF814604
:10214000304601F01DFD42460146484618F036FF74
:10215000384601F015FD8046304601F011FD241A85
:1021600018F80430304623F0070308F8043002F072
:1021700089F842060CD54021384602F019F830465D
:1021800002F080F8030603D58021384602F010F8EB
:1021900028460FB0BDE8F08F4FF0FF35F8E700BFDD
:1021A000487A0020C47A00208D8600201477002011
:1021B00000232DE9F04F8BB0CDE90433044601F044
:1021C000DFFC07461FF0F5FA0A21A0F10E0B0546C9
:1021D000204601F02FFF07EB0B0808F1050A46889F
:1021E00004A950461FF080FB10F11C0F814621D13D
:1021F000304604A91FF05EFB10F11C0F814619D177
:1022000098F80D000CF020F80422039008F1010169
:1022100005A898F80D9018F0D1FE039B9BB91222E7
:1022200031462046FFF7D2FE4FF0FF39112009F06A
:1022300053F91BE0B9F1000FE2D0122231462046DB
:10224000FFF7C4FEF2E7049AA2B1D2F8091005988C
:10225000814202D952794A4501D001310AD1112275
:1022600031462046FFF7B2FE4FF0FF3948460BB02B
:10227000BDE8F08F204601F09DFCA84240D92046E1
:1022800001F098FCA0EB0509B9F1030F38D9082239
:1022900050461D4918F06BFE90B3082250461B496A
:1022A00018F065FE60B30D22002106A818F091FE1B
:1022B0002D23082207F80B30514606A818F07EFEA1
:1022C000D8F801302246089317F80B30104F8DF8DC
:1022D00024300023039887F83C3406A9CDF80090F9
:1022E0002B461FF065FD81460028A6D140F24B1217
:1022F00040F6A11120461FF0B6FA87F83C94B5E7E6
:102300004FF0FF3999E700BF53A304004BA304002B
:1023100014770020F7B50E460221054601F07EFD38
:1023200007462F2006F0A4FC04461EBB02343020D2
:1023300006F082FCE4B2013C7C70114C3870B4F8B9
:1023400052282846B4F8AC1320F006FC86B106F0FB
:1023500041FE8DF8060006F043FE0DF107038DF8EF
:1023600007000DF10602284604F56C7120F0D7FB3A
:1023700003B0F0BD292006F07BFC04340444D6E70A
:10238000147700202DE9F04F984689B0129BDDF8B4
:102390004C90DFF86CB004AFCDE9008304461346DF
:1023A0000D461646CDE902970A4601460420BDF8BF
:1023B00054A01FF054FBDBF84C3F3BB14246314682
:1023C0003846984710B10023CBF84C3F09F104037D
:1023D0009A4504D29D2140F6A21002F00FF9149BF9
:1023E0002A46CDE9017321460420129BCDF80CA0AA
:1023F000CDF800901FF0DCFB002009B0BDE8F08FA5
:102400001477002070B50D460A49064691F8614FD1
:1024100014F002040BD0BDE87040102201F25E51AE
:1024200018F0CCBD20F05DFA000930550134A5420A
:10243000F8D870BD1477002010B5054CD4F8FC080E
:1024400028B1012105F02CFE0023C4F8FC3810BD92
:102450001477002037B504460D4601F091FB037850
:1024600000228DF804303921022320468DF80550D2
:1024700020F00AFB022201A918F0A0FD2146024823
:1024800005F00EFE03B030BD418A02002DE9F04F89
:102490000E4685B098469DF84030074601939DF85A
:1024A00048301D213046914600939DF83CB09DF880
:1024B00044A09DF8385001F0BDFD04461D220021C6
:1024C00018F087FD019BA4F808906781237384F8B6
:1024D0000DB0A4F8008084F810A0F6F739F918BB05
:1024E000022D21D1404602A900F086FE18B1E57305
:1024F000009BA3731CE0082211490DEB020018F0A9
:1025000036FD0028F3D0542FF1D002F0C9F800288E
:10251000EDD1012102A821F043FC0028E7D0237C63
:1025200043F001032374E2E7E573013D012DDFD998
:102530003146044805B0BDE8F04F05F0B1BD00BF1D
:102540004BA3040019A0010030B5C4B289B020210A
:10255000204601F06FFD20220146684618F02EFD4E
:10256000204601F00DFB09210578204601F062FDAF
:102570009DF8073043719DF808308371BDF8013034
:1025800005709AB2438002230371002343709DF8C3
:102590000030C3F340111B0903F0040303720E4B18
:1025A000C171B3F8AC33934204D1204601F094FAE0
:1025B00009B030BDBDF80930012B07D1204601F02C
:1025C0008BFA064A138801331380F1E75421204621
:1025D0001FF002FDECE700BF147700204E920020B0
:1025E00070B5202186B0044601F024FDB0F8093012
:1025F000A3F11C02012A05D8204606B0BDE87040B0
:10260000FFF7A2BF012BF7D0542B1DD1204601F0BC
:10261000B7FA0546204601F0CDFA01280ED900226E
:102620001F4E11461F4805F0ABFFD6F8FC0810B14D
:10263000697805F035FD0023C6F8FC38204606B061
:10264000BDE8704001F048BA4AF6CD329342F5D069
:10265000022B03D10022144B1A80EFE7032BEDD19C
:102660002021204601F0E6FC02210546204601F02B
:10267000E7FA0D4B1E221B88214603800420B5F883
:102680000130CDE903022A7A0292EA79019202220C
:10269000009247F60172FFF7F9FE06B070BD00BF69
:1026A00014770020392402004E9200202DE9F043D7
:1026B0001D4C1E4BD4F8BC520746012D18681AD980
:1026C000D4E9ACE8AC4600239C4519D8834215D226
:1026D0009D4213D9D4F8B422D05C00EB800200EB09
:1026E0004203D4F8B0221344DB88BB4206D1087001
:1026F0000120BDE8F0830028FBD095B90020F8E761
:10270000ACEB030603EB560618F8062002EB820931
:1027100002EB49027244D288BA422CBFB446731C01
:10272000D2E70023D6E700BF14770020A0050020E1
:10273000F8B50024074626460E4DD5F8BC32E2B265
:102740009A4203D39B1BC5F8BC32F8BDD5F8B4122E
:1027500011F802C08818BC4509D1013B934205D04D
:1027600002F1010C61449A1A18F011FC013601348F
:10277000E3E700BF1477002010B500F52D3404F214
:10278000A514014401EB441101F52D3000F2A51010
:102790000A4403F52D3302EB401203F2A513134450
:1027A00002F52D3202F2A51203EB4213034A12681E
:1027B000B3FBF2F102FB1133D8B210BDA00500202B
:1027C0002DE9F8430F4620250024104E00F105089E
:1027D000A6F10509214648461FF094FC50B103229A
:1027E0004146304618F0C3FB28B9254600203D601D
:1027F000BDE8F88325460134202C06F10306E9D113
:10280000202DF3D16FF01500F2E700BF45780020CE
:1028100070B500240D4D052200210D480D4E18F015
:10282000D8FB05F5967033689C4200D370BD0B232E
:102830006343D5F8B012CA18927A02F06102012AF5
:1028400002D1C95C1FF066FC0134ECE7147700206C
:1028500040780020A00500202DE9F84F884609782F
:1028600098F80230174601F52D3202F2A5120B44FA
:1028700003EB421398F8042003F52D311A4498F81D
:10288000063001F2A51103F52D3302EB411203F2DC
:10289000A513134402F52D3202F2A51203EB4213E5
:1028A0001C22B3FBF2F102FB1133DDB206462C46CB
:1028B0004FF0FF094FF00A0BDFF88CA021462148AA
:1028C0001FF020FCA0B10BFB04A00822414600F23F
:1028D000911018F04CFB60B90BFB04AABAF89921CF
:1028E000B24201D0AAF899616FF01A003C700FE073
:1028F000A1461C230134E4B2B4FBF3F203FB1244FF
:10290000E4B2A542DAD1B9F11B0F03D96FF01C0074
:10291000BDE8F88F0A2440F291100B4D14FB09001A
:1029200004FB095408224146284418F047FB05F2ED
:10293000A9204946A4F899611FF0ECFB002087F814
:102940000090E5E7BD790020147700201B2810B522
:1029500002460C4604D801460A481FF0D3FB18B9BA
:102960009721702001F04AFE40F291110A2313FBD7
:10297000021305492046BDE810400822194418F00A
:102980001DBB00BFBD790020147700202DE9F04762
:102990000E460178837801F52D3202F2A5120B4420
:1029A00003EB4213027907461A4403F52D3303F271
:1029B000A51302EB431283794FF00A0903F52D3377
:1029C00003F2A513134402F52D3202F2A51203EB14
:1029D00042131C22B3FBF2F102FB1133DDB26FF4A0
:1029E0002A732C46DFF8408008EB030A2146404654
:1029F0001FF088FB58B109FB04A00822394600F2F9
:102A0000911018F0B4FA10B93470BDE8F0871C23A7
:102A10000134E4B2B4FBF3F203FB1244E4B2A54286
:102A2000E4D16FF01B00F0E7BD79002007B50DF190
:102A30000701FFF7ABFF014658B90422064818F01A
:102A4000C8FA9DF80710044803B05DF804EB1FF0C6
:102A500061BB03B05DF804FBBD7900201B2810B5F5
:102A600002460C4604D8014607481FF04BFB18B934
:102A7000DE21702001F0C2FD0A21044B01FB02336C
:102A8000B3F89931238010BDBD7900201477002060
:102A90002DE9F04106460F460D48114614461FF039
:102AA00031FB90B14FF00A0840F2911018FB020080
:102AB000084D08222844394618F080FA002008FB07
:102AC0000455A5F89961BDE8F0816FF01B00FAE7A5
:102AD000BD790020147700200246014608B506485B
:102AE0001FF010FB28B1044811461FF01CFB00200A
:102AF00008BD6FF01B00FBE7BD790020202373B5F4
:102B00000C4601A905460193FFF75AFE10F1160F76
:102B100005D1FFF77DFE284601A9FFF751FE20B140
:102B20004FF4CB71702001F069FD019E202E02D17F
:102B300040F29711F6E731460A481FF0EBFA06EB30
:102B400046031844691D0322053018F037FA204661
:102B50000522294600F8016B02B0BDE8704018F06C
:102B60002DBA00BF4078002038B50C460546062235
:102B700020460F4918F0FBF938B92846BDE838401F
:102B800008224FF0FF3118F024BA032240F231112D
:102B900014F8013B681D12FB03130649194418F091
:102BA0000DFA21462846BDE83840052218F006BA3D
:102BB0004BA304001477002013B50E4B01EB8102E8
:102BC000D3F8B03201EB42015C18A27A694612F0E8
:102BD000600F1FBF247A04EB840204EB4204E41864
:102BE000FFF78CFF06226946204618F0E7F902B08D
:102BF00010BD00BF1477002070B51A4E0546D6F8F8
:102C0000B03202EB820002EB40029C18A27A12F072
:102C1000600F1FBF247A04EB840204EB4204E41823
:102C2000E38806220B8020460F4918F0A0F938B936
:102C30002846BDE8704008224FF0FF3118F0C9B9AE
:102C4000032214F8013B681D02FB036101F23111FC
:102C500018F0B4F921462846BDE87040052218F066
:102C6000ADB900BF147700204BA3040070B51E4E11
:102C700001EB8102D6F8B03201EB42015C18A27A76
:102C80001A4912F0600F18BF247A05461EBF04EBE4
:102C9000840204EB4204E4180622204618F067F987
:102CA0000146F0B106222046114918F060F938B902
:102CB00008224FF0FF312846BDE8704018F089B96E
:102CC000032214F8013B681D02FB036101F231117C
:102CD00018F074F921462846BDE87040052218F026
:102CE0006DB90822E7E700BF1477002053A3040062
:102CF0004BA304000A4B01EB8102D3F8B03201EB85
:102D0000420119448A7A12F0600F1FBF097A01EB61
:102D1000810201EB4201C9180222063118F04EB9B6
:102D2000147700201FB50D4B00EB8002D3F8B032B2
:102D300000EB420213445B7A04466BB901460DF185
:102D40000600FFF7D7FF214602A8FFF78FFF40F2EA
:102D5000B731702001F052FC04B010BD1477002090
:102D600008B500EB800300EB4300084BD3F8B0320A
:102D700003449A7AD20704D440F26D31702001F0F6
:102D80003DFC587A003818BF012008BD1477002098
:102D900008B51E4900EB800300EB4300D1F8B032C8
:102DA00003449A7AD2072ED55A7A01325A72D1F850
:102DB000B03203445A7A22B94FF46271702001F0A4
:102DC0001DFC9A7A42F010029A72D1F8B022104497
:102DD000837A13F0600F14D0037A03EB830003EBC4
:102DE00040031A44507A01305072D1F8B022134493
:102DF0005A7A12B940F29331E0E79A7A42F010021F
:102E00009A72002008BD4FF0FF30FBE714770020D6
:102E100070B5174D00EB800300EB4304D5F8B032DA
:102E200023449A7AD10720D55E7AD6B9FFF780FC81
:102E3000D5F8B03223449A7A66F300029A72D5F834
:102E4000B03223445E72D5F8B03223449A7A66F3E6
:102E500004129A72D5F8B832013BC5F8B832002096
:102E600070BD42F080029A72F9E74FF0FF30F7E749
:102E7000147700202DE9F041DFF8C08000EB8007D7
:102E8000D8F8B03200EB4707DE19B27A0546D10711
:102E900004D44FF47671702001F0B0FB12F0600F93
:102EA000347A23D1FF2C0BD004EB840204EB4204D0
:102EB0002344727A5B7A9A4202D240F2E531EAE721
:102EC0002846FFF72FFF737A013B7372D8F8B032B0
:102ED0003B445A7A7ABB93F90A30002B2BDA284606
:102EE000FFF796FF38B340F20F41D4E7FFF71AFF20
:102EF000737A2046013B7372FFF714FF04EB8403DF
:102F000004EB4304D8F8B03223445A7A013A5A7297
:102F1000D8F8B0323B445B7A002BD7D12846FFF774
:102F200077FF10B140F2FE31B5E7FF22D8F8B0329A
:102F300023441A72CAE7BDE8F08100BF147700206D
:102F40002DE9F041214D0646D5F8BC22D5F8B40252
:102F5000012A1DD994460024D5F8B0E2A44523D80F
:102F6000A24217D9035D03EB830703EB4703D5F8B0
:102F7000B0721F44FB888B4238BF0134A24200EB81
:102F8000040107D9631C121B184418F000F801E073
:102F9000D2B91446D5F8B4321E55D5F8BC32013337
:102FA000C5F8BC32BDE8F081ACEB040704EB570771
:102FB000C35D03EB830803EB48037344DB888B4258
:102FC0008CBFBC467C1CC9E70024CBE714770020EB
:102FD0002DE9F04F01F1080488469246064685B077
:102FE000A4B280B143790279C1784078FFF7C4FB7D
:102FF000062C0AD8314602A8FFF7B6FD40F2A741D9
:10300000702001F0FBFA062C1BD9624B04461A68AB
:103010000023614FD7F8B0C225B205EB850105EB5F
:1030200041056544A97A11F0010F35D08BB90134FF
:10303000B4FBF2F302FB1344E4B2051B6B426B4199
:10304000EAE708224FF0FF310DEB020017F0C1FF55
:10305000D4E795F809E0BEF1000F0ED1022B1DD088
:10306000C9061BD50134B4FBF2F102FB1144E4B2F2
:10307000844208BF0133DBB2CEE70134B4FBF2F186
:1030800002FB1144E4B2844208BF0133DBB2032BDC
:10309000C2D16FF01C0077E0032BFAD0D7F8C03212
:1030A0004FF00B0B01930023D7F8B802D7F8C012EA
:1030B0008A4220D9834213D20BFB01CE0131C7F8DB
:1030C000C0129EF80A1011F0010FEFD09EF809907F
:1030D0000133B9F1000FE9D169F304118EF80A1038
:1030E000AB7AA5F8068043F01003AB726B7A1BB382
:1030F00040F2CB4184E78342F2D200224FF00B0E24
:10310000C7F8C022D7F8C02201999142E8D9984265
:10311000E6D90EFB02C10132C7F8C02291F80A902D
:1031200019F0010FEED04A7A0133002AEAD14B465A
:1031300062F304138B72D3E7062246B33146284666
:1031400017F03CFF4FF6FF73984509D0AB7ADB07C9
:1031500002D52046FFF7ECFA41462046FFF7F0FE85
:10316000D7F8B832AA7A013302F001029B1AC7F8E5
:10317000B832FF2300202B72AB7A23F0630343F0B5
:103180000103AB728AF8004005B0BDE8F08F034937
:10319000D5E700BFA0050020147700204BA3040052
:1031A000F8B50F461946064615461C46FFF77EFA47
:1031B00090B1237803EB830203EB42030D4AD2F86C
:1031C000B02213449A7A42F010029A726DB12078BC
:1031D000BDE8F840FFF7DCBD4FB122463146FFF7AE
:1031E000F7FE0DB10028F2D0F8BD2846FCE76FF0DD
:1031F0001B00F9E7147700202DE9F7430C460DF189
:1032000007011EF09BFF064628B16FF01B063046F3
:1032100003B0BDE8F0839DF807301A4F03EB83023B
:10322000D7F8B09203EB420509EB050806224046A9
:10323000154917F09CFEA0B908224FF0FF31204637
:1032400017F0C7FE08222046104917F090FE00280C
:10325000DBD0082220460C4917F089FE0028D6D181
:10326000D3E7032219F80530601D02FB037101F258
:10327000311117F0A3FE0522204608F1010117F0D5
:103280009DFEDFE7147700204BA3040053A3040046
:103290002DE9F0470646437902790F46C178407818
:1032A000FFF76AFA4FF000090446DFF87CA0DFF868
:1032B0007C80DAF800205FFA89F39A4201D8002076
:1032C0002EE023B203EB8302D8F8B05203EB4203A3
:1032D0001D44AB7ADA070CD513F0600F14D0AB7A2B
:1032E00003F06003402B04D1314628461EF02BFF2B
:1032F00080B9DAF800300134B4FBF3F203FB124476
:1033000009F10109E4B2D4E7314628461EF01BFF5B
:103310000028E4D0AB7A13F0600F03D101203C7099
:10332000BDE8F0872C7AF9E7A0050020147700208B
:1033300073B51C460E4669461546FFF7DFFB21466E
:103340006846FFF7A5FF90B1237803EB830203EBF8
:1033500042030F4AD2F8B02213449A7A42F0100284
:103360009A7285B12078FFF713FD02B070BD66B187
:1033700022464FF6FF716846FFF72AFE002DF4D073
:103380000028F2D1EEE72846EFE76FF01B00ECE7EC
:103390001477002013B501A90446FFF711FA16307F
:1033A00007D020460DF103011EF0DDFE60B90120BB
:1033B00008E0FFF72DFA204601A9FFF701FA0028DF
:1033C000EFD0002002B010BD0B21074B074AD3F805
:1033D000B032126801FB02329342F2D0997A0B3379
:1033E000C907E4D5F8E700BF14770020A005002046
:1033F00007B50DF107011EF0B6FE68B99DF807305C
:1034000003EB830203EB4203054AD2F8B0221344D4
:10341000D88803B05DF804FB4FF6FF70F9E700BFF2
:10342000147700202DE9FF471F4600238DF8073051
:1034300001F108039BB2062B80460D46164604D8C0
:103440004FF41B71702001F0D9F80DF106012846E8
:10345000FFF72CF9082204467549404617F087FD0E
:1034600098B1404602A9FFF749FB0DF1070102A8F8
:10347000FFF70EFF0246002C41D1002800F0CC805F
:103480009DF807308DF8063007E00622684902A84B
:1034900017F094FD002C00F0BF809DF80680DFF847
:1034A00098A108EB8802DAF8B04208EB42094C44D4
:1034B000002D40F08180E388002B7DD1204602A9B9
:1034C0001EF041FE002877D106222046584917F009
:1034D0004EFD002870D006222046564917F047FDC1
:1034E000002869D0DAF8B0324B445B7A002B63D005
:1034F0006FF01A0087F8008004B0BDE8F0874E4BEB
:103500009DF80600D3F8B012002AC6D09DF80740F7
:103510008442C2D000EB800200EB420201EB0209C0
:1035200099F80980B8F1000F08D1FFF771FC8DF808
:1035300006400028B1D040F2C52183E704EB840C9B
:1035400004EB4C0C614491F809A0BAF1000F03D1CF
:103550002046FFF75DFCECE708EB0A0ED0455FFA6A
:103560008EFE14D989F809E0D3F8B0120A4402217A
:103570001472D3F8B03263449A7A187261F3461227
:103580009A721846062202A917F018FD85E781F8FD
:1035900009E0D3F8B012614408720121D3F8B032C7
:1035A00013449A7A1C7261F346129A72DD80FFF717
:1035B000BFF88DF8064070E7A37A06226FF3461332
:1035C000A372204602A917F0F9FCE3889D420BD0B4
:1035D0004FF6FF72934202D04046FFF7A9F8294602
:1035E0004046E580FFF7ACFCA37A43F01003A372DA
:1035F0009DF806403C70CEB12046FFF7C9FB04EBB6
:10360000840304EB43040C4BD3F8B03223449A7A7E
:103610006FF3C7129A726FE729460DF1060202A8EE
:10362000FFF7D6FC00287FF467AFE1E73046E6E716
:103630004BA3040053A3040014770020F0B5082224
:103640000C4685B02049054617F091FC002838D07B
:103650004FF6FF77BC4234D00DF1060120461EF034
:103660006DFD0DF10701064628461EF07CFD88B968
:103670003EB39DF8071002A8FFF73CFBBDF80830E9
:10368000BB421ED10022214628460DF10603FFF75A
:10369000C9FE17E0002EF5D19DF8061002A8FFF72D
:1036A000E5FA082208490DEB020017F060FC00283B
:1036B000E8D0082205490DEB020017F058FC00285D
:1036C000E0D0002005B0F0BD4BA3040053A30400DC
:1036D0002DE9F04100254FF00B080E4F0E4E3B68D0
:1036E000E8B2834204D80023C6F8B832BDE8F081BE
:1036F000D6F8B04208FB0044A37ADB0707D5FFF7F2
:1037000017F800236372A37A23F01103A372013523
:10371000E5E700BFA00500201477002013B50DF1E8
:1037200007011EF00BFD10B1002002B010BD9DF886
:10373000073003EB830203EB42030D4AD2F8B04299
:103740001C44A37A1B07EFD406222046094917F030
:103750000EFC28B9A37A012043F00803A372E4E722
:1037600006222046044917F002FC0028F2D0DBE7CD
:103770001477002053A304004BA304004FF6FF73FB
:10378000984237B512D1144B0B2518680023134CFF
:10379000984201D103B030BDD4F8B02205FB03221A
:1037A000917A01336FF3C3019172F1E70DF10701D3
:1037B0001EF0C4FC0028EDD19DF8073003EB830216
:1037C00003EB4203054AD2F8B02213449A7A60F31D
:1037D000C3029A72DEE700BFA00500201477002024
:1037E00010B500EB800300EB43000A4BD3F8B03276
:1037F00003449A7A12F0080009D14FF6FF71DC8871
:103800008C4203D1012042F008029A7210BD0020C0
:10381000FCE700BF1477002000EB800300EB4300BF
:10382000044BD3F8B03203449A7A6FF3C3029A720E
:10383000704700BF147700208842024630B51FD081
:10384000104BD3F8B04200EB800300EB430323445A
:103850009D7A15F0010012D015F0600F02D01B7A8E
:103860008B420DD001EB810301EB430121448B7AA4
:1038700013F0600003D00B7A9B1A5842584130BDB8
:103880000120FCE71477002000EB800300EB4300ED
:10389000034BD3F8B0320344987A00F0010070472C
:1038A000147700202DE9F04114461A4E1A4F0644B1
:1038B00096F80C213B682244012C88BF013281F02C
:1038C00001014900C1EB5301C9B28A42054602DD3C
:1038D0000020BDE8F081204600F086FD80460028EB
:1038E000F6D000F0CDFD96F80C3101301C443B6859
:1038F000E4B2B4EB530FC0B286F80C4103D9AF2148
:10390000182000F07BFE98F80A3065F3000388F871
:103910000A30DEE714770020C805002010B5044601
:10392000084629B10D4B93F80E310BB1002010BDA4
:10393000A279002102F07F02FFF7B4FF01460028C0
:10394000F4D094F906302068002B04DAA28804F041
:10395000EBFB0120EBE704F0A3FBFAE71477002070
:1039600070B504460D46FFF7D9FF08B1002070BDC1
:103970004420114E00FB0562D36F072B16D880211F
:1039800010FB0510936FC3EBC303191820688B1944
:103990007050A1889980A1799971D36F0133D36751
:1039A000936F013303F007039367DFE7132007F0FA
:1039B00093FD4FF0FF30DAE714770020002908BFAD
:1039C000982110B5044688B21EF06BFC0021024617
:1039D0002046FFF767FF044618B90146024804F085
:1039E0005FFB204610BD00BFB52104000021054B40
:1039F00093F80C2193F80D319A428CBF01200846B0
:103A0000FFF7DCBF1477002008B518B10A4B1B780C
:103A1000984207D900236FF016024FF48F711820D7
:103A20001FF07DFB0138C0B200F078FDBDE8084012
:103A3000C07A40081EF040BCC8050020F8B518B197
:103A4000234C2378834207D200236FF016024FF4F1
:103A5000147118201FF063FB0138C0B200F05EFD46
:103A6000827A034612F0010F1A4A08BF6FF009006C
:103A700092F80D5192F80C1118BF00208D4220D9F8
:103A80002468DE7A64087708A4F1020C01EB56067C
:103A9000664516D8C0B9ED1B82F80D51DD7A01EBF1
:103AA000550182F80C11997ACD4365F300019972A2
:103AB00092F80C319C4206D240F26A21182000F0A4
:103AC0009DFD6FF04400F8BD6FF00900FBE700BFFB
:103AD000C8050020147700202DE9F041044618B1F4
:103AE000254B1B78834207D200236FF0160240F269
:103AF0007F2118201FF013FB0138C0B200F00EFD2B
:103B0000857A1E4F05F0010507EB0508C27A98F883
:103B10000C310646B3EB520F04D24FF4217118203A
:103B200000F06CFD00F0C8FCF27A012A02D84FF4D4
:103B30002371F4E798F80C312046A3EB520388F880
:103B40000C31FCF75DFB442068433C18E36F8BB1FC
:103B5000636F8030C3EBC303184429463844FFF732
:103B6000DDFE38B1E36F013BE367636F013303F0C0
:103B700007036367BDE8F081C805002014770020C3
:103B800008B518B10A4B1B78984207D900236FF08B
:103B9000160240F2A92118201FF0C1FA0138C0B264
:103BA00000F0BCFC00F10C02C088104408BD00BF4E
:103BB000C805002008B518B1084B1B78984207D9F2
:103BC00000236FF0160240F2E72118201FF0A7FA39
:103BD0000138C0B200F0A2FC808808BDC8050020F2
:103BE00038B5044618B10A4B1B78984207D9002310
:103BF0006FF0160240F2DA2118201FF090FAFFF75A
:103C0000BFFF05462046FFF7D5FF284438BD00BF5B
:103C1000C805002010B50C4618B1084A1278904229
:103C200007D900236FF016024FF4427118201FF0DD
:103C300076FAFFF7A5FF204410BD00BFC80500209D
:103C40002DE9F8438946054618B1274B1B78984261
:103C500007D900236FF0160240F2394118201FF0F7
:103C60005EFA0138C0B200F059FCC67A877A76084D
:103C7000804630461EF020FB4845044607F0010709
:103C800005D200236FF0180240F24941E6E70C220A
:103C9000002140461FFA89F917F09BF9A4EB0903AC
:103CA000C3F34E0308EB030212F0030203D0934266
:103CB00024BF9B1A9BB298F80A20284667F300029B
:103CC00088F80A2098F80B20A8F8049066F34702B9
:103CD00088F80B20A8F80630FCF792FA2846BDE8D1
:103CE000F843FFF74DBF00BFC8050020F8B50546F3
:103CF00018B1144B1B78834207D200236FF01602D1
:103D000040F2A44118201FF00AFA0138C0B200F0B6
:103D100005FC0446867AC77A2846FCF771FA0C221D
:103D20000021204617F055F9E37A7F0867F347032F
:103D3000E372A37A06F0010666F30003A37204F1AE
:103D40000C00F8BDC805002010B50C4618B1084A93
:103D50001278824207D200236FF0160240F2CC4163
:103D600018201FF0DCF9FFF70BFF201AC0B210BDBE
:103D7000C805002070B50E46044618B10F4B1B78DD
:103D8000984207D900236FF0160240F235511820EF
:103D90001FF0C5F90138C0B200F0C0FB054620464F
:103DA000FFF708FFB04205D200236FF00A0240F28D
:103DB0003951ECE7AB889B1BAB8070BDC805002078
:103DC00070B50C46054618B1134B1B78984207D9BD
:103DD00000236FF0160240F2495118201FF09FF99E
:103DE0000138C0B200F09AFB06462846FFF7E2FE13
:103DF000A04205D200236FF00A0240F24C51ECE7DA
:103E0000B388A4B21B1BB380F38828461C44F480FB
:103E1000BDE87040FFF7B4BEC80500202DE9F843A7
:103E20000D46064618B1284B1B78834207D2002363
:103E30006FF0160240F2655118201FF070F901383A
:103E4000C0B200F06BFB044620B94FF4AD611820FE
:103E500000F0D4FBC07A40081EF02EFAB4F80680B9
:103E6000A38807469844A0EB08093046FFF7A2FE56
:103E70002844B84205D900236FF00A0240F26D5180
:103E8000DAE7A9451CD23046FFF77AFEA844A8EB32
:103E90000709A7EB08070146A288384417F077F80E
:103EA000A38830462B44A380E388ADB2A3EB09037B
:103EB000E380FFF765FEA3885B1B1844BDE8F88329
:103EC0004FF00009ECE700BFC8050020F8B50C462C
:103ED000074618B11C4B1B78834207D200236FF0B2
:103EE000160240F2DB4118201FF019F90138C0B268
:103EF00000F014FB0546C07AA30718BF03344FEA4D
:103F0000500018BF04F0FC041EF0D6F9AB8806463A
:103F10002344984205D200236FF00A0240F2EF4199
:103F2000E1E7EA881344984207D221463846FFF772
:103F300075FF21463846FFF71DFF05F10C00361BC3
:103F40002C723044F8BD00BFC80500202DE9F843AD
:103F50000D46064618B1364B1B78834207D2002324
:103F60006FF016024FF4806118201FF0D8F809B1E5
:103F70008B4205D200236FF0160240F20141F3E7B5
:103F80000138C0B200F0CAFA0446681EC0B200F0A0
:103F9000C5FAE37AC27A94F80A8083EA0201012919
:103FA000074608F001080CD8A423520801465A43DA
:103FB000204617F003F8A37A68F30003A372BDE864
:103FC000F8835208B2EB530F4FEA53092BD801463E
:103FD0000C22204616F0F2FFE37A982269F3470399
:103FE000E372A37A002168F30003A37204F10C00CA
:103FF00016F0EFFFE088A2880C303918204416F044
:10400000DDFF217A0029DAD03046FFF75FFF217A01
:1040100006462846FFF75AFF227A01463046BDE899
:10402000F84316F0CBBF4FF48561182000F0E6FA94
:10403000C805002008B518B1084A1278904207D97F
:1040400000236FF0160240F2075118201FF067F8A6
:10405000C9B2BDE80840FFF739BF00BFC80500205E
:1040600038B50D4618B10B4A1278824207D20023A8
:104070006FF0160240F21C5118201FF050F8C9B220
:10408000FFF724FF044618B12A46002116F0A1FFCD
:10409000204638BDC8050020F8B50D46064618B1C3
:1040A0001F4B1B78834207D200236FF0160240F2A9
:1040B0008B5118201FF033F80138C0B200F02EFAEF
:1040C000044620B940F28E51182000F097FAC07AC9
:1040D00040081EF0F1F8A3882B44834205D9002341
:1040E0006FF00A0240F29151E3E7E388AFB2AB42CE
:1040F0000AD23046FFF744FDE3880146ED1AA28854
:10410000284416F044FFE780A38830463B44A38050
:10411000E388DB1BE380BDE8F840FFF731BD00BF5B
:10412000C80500202DE9F84F0646002088461746AE
:1041300000F0F4F90446DFF874900C34D9F800006C
:104140000138C0B200F0EAF9A64202D20020BDE870
:10415000F88F06EB070AA3308245F7D84FF0010B22
:10416000D9F800309B45F1D80BF1FF30C0B200F018
:10417000D5F9C47A05466408012C05D0ABF10200DC
:104180002044C0B200F0CAF90C35AE4209D3A330C6
:10419000824506D83A464146304616F00FFF0120C8
:1041A000D5E75C445FFA84FBDAE700BFC80500206E
:1041B00038B50D4618B1124B1B78984207D9002329
:1041C0006FF016024FF4BF6118201EF0A8FF0138EF
:1041D000C0B200F0A3F904461DF0D0FF40EA05018B
:1041E0008A0901F03F0343EAC213A27AC90902F027
:1041F00040021343A372E37A61F30003E37238BD14
:10420000C805002038B50D4618B1124B1B789842EE
:1042100007D900236FF0160240F20B6118201EF040
:104220007EFF0138C0B200F079F904461DF0A6FF08
:1042300020EA05018A0901F03F0343EAC213A27A8A
:10424000C90902F040021343A372E37A61F3000349
:10425000E37238BDC805002008B518B1084A1278C5
:10426000904207D900236FF0160240F21B6118201C
:104270001EF055FF0E21BDE80840FFF7C3BF00BF89
:10428000C805002008B518B1094B1B78984207D91A
:1042900000236FF0160240F22B6118201EF03FFF42
:1042A0000138C0B200F03AF9BDE808401DF066BF21
:1042B000C805002008B518B1084B1B78834207D207
:1042C00000236FF0160240F23D6118201EF027FF18
:1042D0000138C0B200F022F9006808BDC80500200E
:1042E00010B50C4618B1094B1B78834207D2002346
:1042F0006FF0160240F24E6118201EF010FF0138D8
:10430000C0B200F00BF9046010BD00BFC80500206A
:10431000084B1868084B400893F80D210238824278
:1043200006D293F80C3198428CBF002001207047D0
:1043300001207047C80500201477002008B518B187
:10434000084B1B78834207D200236FF016024FF40C
:10435000D56118201EF0E3FE0138C0B200F0DEF88F
:10436000407A08BDC805002010B50C4618B1094BAD
:104370001B78984207D900236FF0160240F2B9610A
:1043800018201EF0CCFE0138C0B200F0C7F844720D
:1043900010BD00BFC8050020014B83F80E01704717
:1043A00014770020014B93F80E017047147700201A
:1043B000054B064A93F80D311268B3EB520F34BF28
:1043C00001200020704700BF14770020C80500209E
:1043D000034B00211A78034BD3F8100116F0F9BDF6
:1043E000F0050020147700200022F8B5114604469D
:1043F000214B224E1D68D6F81071D3B2AB4201D3C7
:10440000002517E0D808385C03F0070C20FA0CF000
:10441000C0074CBF002101318C4202F10102ECD1F6
:10442000C4F101021344DAB2A423D6F8045102FB0A
:104430000355EDB92846F8BDD6F810715018C008DC
:10444000134417F800E003F007030CFA03F343EA00
:104450000E033B540131CBB29C42EDD80C2200211B
:10446000284616F0B6FDEB7A64F34703EB72E1E7FA
:1044700000214FF0010CEEE7C80500201477002062
:10448000A42108B5094BD3F80421094B1B6801FB93
:104490000323984203D38021172000F0AFF8054B87
:1044A000801A80105843C0B208BD00BF14770020A6
:1044B000C8050020199C8FC12DE9F0410446FFF783
:1044C000DFFF00214FF0010E124FDFF84CC0E37AFE
:1044D000B1EB530F01D3BDE8F0813B68834203D8B1
:1044E0006D21172000F08AF8DCF81061C508735DB3
:1044F00000F0070223FA02F818F0010F00F10100A2
:1045000001D16E21EDE70EFA02F223EA02037355A0
:104510000131DCE7C805002014770020A422034BFA
:10452000D3F8043100FB0230704700BF147700203D
:1045300038B51AB95421302000F060F8FF231F2845
:10454000137018D80F4D104B104C2D561B5C245C6B
:104550008DB98B4212D88C4207D30D4C205C01449C
:10456000C91AC9B20020117038BD1D2806D13E29D4
:1045700004D10821F6E76FF01B00F5E76FF0160095
:10458000F2E700BF2BA304000BA30400EBA204007E
:10459000CBA2040070B51AB9C021302000F02EF86B
:1045A000FF231F2813701ED8104B114E1D5C114B9A
:1045B00036561C5C104B1B5CAEB98D4202D96FF0B5
:1045C000160070BD8C42FAD31D2804D1082908D1E9
:1045D0003E23137003E020B9FF291170EFD00020B3
:1045E000EFE70B44F5E76FF01B00EAE7CBA204000E
:1045F0002BA30400ABA204000BA3040008B5054BD9
:10460000D3F8343903B198471EF087FDEBF7CEF8A5
:10461000FEE700BF14770020044A00211368044815
:1046200001331360422203F03FBE00BF1077002029
:1046300019460200044B93F8763F9B0602D50221EF
:10464000FFF798BB704700BF14770020024B93F828
:10465000760FC0F38010704714770020034B93F956
:10466000763F002B01DA1DF0E4BF7047147700207D
:10467000024B93F8750FC009704700BF14770020F4
:10468000024B93F8770FC0F3401070471477002067
:10469000024B93F8770FC009704700BF14770020D2
:1046A000024B93F8740FC0F3C000704714770020DA
:1046B000024B93F8760FC0F3001070471477002078
:1046C000024B93F8780F00F0010070471477002038
:1046D000044B93F8753F5B0642BF037B83F00803EE
:1046E000037370471477002038B5134B044693F8D2
:1046F000753F1B071ED50C21FFF790FB402303706D
:104700000923FF254370FE2308228370C570002112
:10471000043016F05EFC08212046FFF77FFB3C23A7
:104720000370052343702946BDE838400622023055
:1047300016F04FBC38BD00BF14770020024B93F831
:10474000740FC0F30010704714770020024BD3F8A9
:10475000503F03B1184770471477002010B5074B3E
:104760000446D3F8143F2BB9012C06D051217420F4
:10477000FFF744FF98470028F6D010BD14770020BB
:104780002DE9F843054600F017FA7DB3A4226A4EDE
:104790006A4C336800215A43D4F8040116F019FC1E
:1047A000674B00211A78D4F8100116F012FC326819
:1047B000002152080C32D4F8400416F00AFC32688A
:1047C00000210132D4F8800916F003FC3268002180
:1047D0000832D208D4F8840916F0FBFB32680021B5
:1047E0000832D4F88809D20816F0F3FB0024DFF869
:1047F0008081524E98F80030A34200F28280002D52
:1048000000F098800B264D4C4E4B00211A78D4F8BE
:10481000000616F0DEFB4C4B00211A78D4F8040693
:1048200002EB420216F0D5FB484B494D1A680021B5
:10483000D4F83C0602EB820216F0CBFB2A6800217A
:10484000C2EBC20220680C3216F0C3FB2A680021BA
:104850007243E06E16F0BDFB2A6800211F32520938
:104860006068920016F0B5FB3A4B3B4D1A68002188
:10487000D4F8B005120116F0ACFB2A68002172438F
:10488000D4F8B00216F0A5FB2A680021D4F8B402CF
:1048900016F09FFB2A680021D4F85C0416F099FBFF
:1048A0002E4B00211A68D4F8580402EB021216F0BD
:1048B00090FB14222A4B00211B68D4F860045A4351
:1048C00016F087FB274B00211A68D4F8C00602EBCC
:1048D000420216F07EFB244B00211A78D4F8D4094A
:1048E000C2EBC202520116F074FB134BD4F8A00FB6
:1048F0001A680021BDE8F843013202EB420216F0CB
:1049000068BBD6F808364FEAC40953F8347003EB95
:10491000C4004DB10822002116F05BFB134B0021AF
:1049200038461A7816F055FBD6F80836013443F8A5
:1049300009705FE7BDE8F883C80500201477002000
:10494000F0050020E8050020D8050020C005002063
:10495000B8050020A8050020A0050020980500202B
:10496000900500208805002080050020E00500203B
:10497000D005002008B540F6A4720021114816F0B9
:1049800028FB14220021104816F023FB4FF44B7231
:1049900000210E4816F01DFB0D4B0E4A1B681268D5
:1049A000934204D340F215110720FFF727FEFF2B97
:1049B00002D940F21711F7E70120BDE80840FFF7E0
:1049C000DFBE00BF147700204C87002088870020BE
:1049D000C0050020B805002010B5FFF7CBFF01236C
:1049E0001A4C84F8183FEAF7C1FE194804F0C2F9DE
:1049F0001748EBF7A5FA94F8453543F0040384F81B
:104A00004535EAF7ABFD1DF0D8FB114800F0D6FDA7
:104A100094F8853F13B9FF2384F8853F03F0C4FF62
:104A20001DF030FE00F016F8FBF790FB04F030F8B4
:104A3000F5F708F904F0C0FBF8F7E8FF18F000FEFE
:104A4000FEF7D4FF84F80C0A10BD00BF14770020D5
:104A5000588A040010B5084C94F8893053B91AF0FC
:104A6000FFFD05201AF07FFF08201AF07EFF0123CA
:104A700084F8893010BD00BFB88600200022014BA9
:104A80005A607047B8860020024B5868003818BF3B
:104A900001207047B886002038B5084C0125224611
:104AA000074B42F8085B93F86030EBF745F818B90C
:104AB000044B1D606560206038BD00BFB8860020D3
:104AC000888700207C8700202DE9F041124C0546A4
:104AD00027680E462FB10123104A13606360BDE8BA
:104AE000F08184F88870FFF765F8831CDBB22846F4
:104AF0002372FFF745F880462846FFF75BF84146EA
:104B0000024604F1090016F059FA39463046BDE86C
:104B1000F041FFF7C1BF00BFB88600207C870020AE
:104B2000002110B4164A174B1960116092F88840A2
:104B300054B192F888300320013BDBB282F8883010
:104B40005DF8044BFFF7A8BF0121516068B14278BE
:104B5000D20644BF03229A604FF0000258BF99600A
:104B60001A605DF8044B1AF07CBD40F2FF125968E0
:104B700091421CBF04221A605DF8044B704700BFCD
:104B8000B88600207C8700200022034B1A60034A6D
:104B9000106001225A607047B88600207C87002090
:104BA00020B9044B1B681BB9EAF7A4BFEAF790BF12
:104BB000704700BFB8860020284B294A30B5C3F89B
:104BC0000421284A2849C3F81021284AC3F8402460
:104BD000274AC3F88029274AC3F88429264AC3F8FC
:104BE0008829264AC3F80426254AC3F80826254AF8
:104BF000C3F80026244A1078244A147800229042F0
:104C000024D8234AC3F83C26224A1A60224ADA668C
:104C1000224A5A60224AC3F8B025224AC3F8B02279
:104C2000214AC3F8B422214AC3F85C24204AC3F8BD
:104C30005824204AC3F860241F4AC3F8D4291F4AC5
:104C4000C3F8C0261E4AC3F8A02F30BDD3F80856BB
:104C500045F8321001322144D1E700BF147700201B
:104C6000004F0020F84E0020484E0020D04E00207B
:104C7000984E0020904E0020884E0020D84D0020F5
:104C8000D84C0020384E0020D0050020E005002040
:104C9000784C0020184B00200849002000490020D3
:104CA000C048002040430020C04200204042002075
:104CB00028420020A83F0020683E0020483F0020F6
:104CC000D03D0020044B93F8FC0593F8FD35DB0044
:104CD00003EB8000704700BF1477002000210846D6
:104CE00070B50E4B1C680E4BD3F8B055CBB2A34237
:104CF00000D370BD05EB03135E7A1A7A013142EAE4
:104D000006229E7ADB7A42EA064203F0070352EA61
:104D100003621CBF043080B2E8E700BFA805002092
:104D200014770020002010B5084B1A68084BD3F800
:104D3000581403469A4200D110BD03EB03140C5DD6
:104D40000133E40744BF0130C0B2F3E79805002007
:104D50001477002010B40446084611461A46064B44
:104D600004F2463453F8243013B15DF8044B18476D
:104D70005DF8044B704700BF147700202DE9F04F19
:104D8000064685B00D461AF091FC774C06F25E3966
:104D900004EB8903012E8246B3F8048004D940F263
:104DA000F4617A20FFF72AFCB8F10F0F40F0AC80D5
:104DB0004FF0FF3005B0BDE8F08F0F2304EB8904FE
:104DC000A380F5E70F2304EB89046FF02200A38092
:104DD000F0E7B8F1050F019B0CD8013318D1BDF8ED
:104DE0000A20BDF8083013404FF6FF72934203D1FA
:104DF0000020DFE701330BD1BDF80A20BDF80830F1
:104E00001340BDF80C2013404FF6FF729342EFD0D1
:104E100043463A46314601A81DF05BFC40B904EB1D
:104E20008904A37960F30003A3716FF03700C1E731
:104E3000B8F10D0F05D8BDF80A30072B58D00E2B4E
:104E40005AD00C21BDF80A30019A594368184068BD
:104E500030F0404005D06FF000406958511A81424F
:104E60002FD204EB89018879B8F1070F6FF30000A6
:104E700088714FF00C0000FB035CDCF804106BF34E
:104E80001D01CCF80410BDF80810A1F10C0EACF80F
:104E900008E033D9A1F1140EACF808E0BDF80CE03D
:104EA000584305EB000CACF80AE09CF807E03944E5
:104EB00066F3871E8CF807E02A5085F88861C5F8EC
:104EC0008411501C10D04FF6DE71203B9BB28B42F8
:104ED0000AD9D5F88031591C04D06FF00041D31A9B
:104EE0008B4201D2C5F88021BDF808301F4435E05F
:104EF0000E23ADF80A30A4E70723FAE7B8F1050F4F
:104F0000CCD84FF6FF7ECBE70B287FF671AF4FF082
:104F10000C0B00270C233946304601AAEBF732F878
:104F200000287FF447AF002F7FF453AF6A46304626
:104F300001A91DF02DFC10F1480F02D000287FF4CC
:104F400041AFBDF800300E2B3FF637AF04EB8902BE
:104F50009379BDF8087043F00103937107F10C0BCE
:104F6000DA45D7D244E700BF1477002008B50C22F9
:104F70004FF6FF711DF0F3FC014BA3F8920E08BD34
:104F8000147700200022FE200149FFF7E7BB00BF95
:104F9000FEF6FFFFF0B51446082285B005460E4622
:104FA0000DEB02000021019316F013F804220C4FC0
:104FB000019BB7F8921E0DEB020002931DF0CFFC8F
:104FC0004FF6FF73A7F8923E0823083CADF80C009B
:104FD0000DEB03022846A119EBF700F805B0F0BD70
:104FE0001477002008B50B4A00F25E3302EB83020F
:104FF0009379D9070CD499070AD443F0020393712B
:10500000EBF71EF8013003D1BDE80840FFF7BABF47
:1050100008BD00BF147700202DE9F04F5B4EFBB0B8
:1050200096F8888D1AF045FB08F10104B4FBF0F303
:1050300003FB10445FFA84F904F25E3406EB840447
:105040001AF039FBA37948466FF30003A371FFF709
:10505000C9FF4FF4C672002117A815F0BAFF4046E9
:1050600017A9FFF78BFE054618B1383540F08B8045
:10507000002518240C2217AB02FB05330393596853
:1050800031F0404320D000270DF1100AC1F31D017B
:105090002346019240464A46CDF800A00C391DF047
:1050A0009DFBBAF8043004F10C0B0C3BAAF8043059
:1050B000039ABAF8043051689F42C1F31D0112D31C
:1050C000072D22D003EB0B040135202DD2D11AF08D
:1050D000F2FA404686F8889DC6F8844DFFF782FFB5
:1050E0007BB0BDE8F08FDC1BA4B2402C28BF40246D
:1050F00007AB01940093394407EB0B034A46404643
:105100003C441DF06BFBA7B2D2E700246FF078455A
:105110001F4A204FD2F800A086F88095ABEB010122
:10512000544503D1082503EB0B04A3E7D6F8B005DB
:1051300000EB041090F809C0027A42EA0C2290F8C1
:105140000AC042EA0C4290F80BC00CF0070E42EA8B
:105150000E6202EB050E2EF0784EBE4511D80A44C1
:10516000C2F3072E027280F809E02CF0070CC2F39C
:10517000074EC2F302624CEA020C80F80AE080F8A3
:105180000BC00134CCE70024A1E700BF1477002056
:10519000A8050020FDFFFF07421E92B21E2A04D878
:1051A000044BD34013F0010301D102F0FBBC1846BD
:1051B000704700BF67FF374CF0B53C4D064695F889
:1051C000454587B014F004045FD095F8893D5B072E
:1051D00004D440F6B2117A20FFF710FA03688288EF
:1051E000D5F8841D95F8880DFFF7D4FE04460028F5
:1051F0004BD1B288D5F8843D95F8887D1344C5F825
:10520000843D1AF056FA0137B7FBF0F303FB107038
:1052100000F25E3205EB82029379DF0708D499072A
:1052200006D443F00203C0B29371EAF709FF0446C3
:1052300095F8893DDA0728D41AF03DFA95F8893DAA
:10524000DB0722D40CBB0C23D5F8840DB1880DEB01
:105250000302411A95F8880DEAF794FE0446B8B1A6
:10526000F279B379FE2043EA0223ADF8083095F8CD
:10527000883D0F498DF80A30D5F8843DB2880C334B
:105280009B1A01AA0193FFF769FA204607B0F0BD07
:10529000D5F8841DB2880E238A1A03A895F8881DB4
:1052A0001DF017FA0028DBD0EFE700BF14770020CD
:1052B000FDF6FFFF08B5EAF737FC28B9034B987DE8
:1052C000BDE80840FFF76CBC08BD00BF8887002020
:1052D00008B51DF0C2FA044A92F8893D43F0010373
:1052E00082F8893D08BD00BF1477002008B51AF088
:1052F000E2F9054B93F8892D6FF3000283F8892DAD
:10530000BDE80840FFF7D6BF147700200022104602
:1053100070B5104B1C68104BD3F8B055944204D1B3
:105320002C235843043080B270BD05EB02114E7A35
:105330000B7A013243EA06238E7AC97A43EA06439E
:1053400001F0070153EA016314BF0123002318444D
:10535000E4E700BFA80500201477002004222DE90F
:10536000F34105460C460DEB0200002115F031FE1D
:105370000423214628460DEB0302EAF703FE70B929
:105380000646DFF834809DF80430043488F8A436EB
:1053900008F2446798F8A4369E4200D210B102B0D9
:1053A000BDE8F0813A4621460C232846EAF7EAFD9B
:1053B00001360C340C37EDE714770020034B93F8DB
:1053C000A40600EB400080000430704714770020F2
:1053D000002373B50193C088431E1E2B68D8DFE8F5
:1053E00003F01D202267672026674148105E673E54
:1053F0003367676738673B67676767674C506767FE
:1054000064002F4B002218682E4B0B25D3F8B042B6
:105410000423824239D19BB20C3300E07023019304
:105420000DE02423FBE718F023FD0C300FE0FFF71D
:105430006DFF0446FFF752FC04440C3401940198BC
:10544000083080B202B070BDFFF73CFC1030019014
:10545000F5E7FFF7B3FFE8E719F061FCE5E7FFF7D1
:105460003DFCF3E7174BD3F8383D002BE7D09847C6
:10547000DBE7144BD3F83C3DF7E7124BD3F8403D44
:10548000F3E7104BD3F8443DEFE705FB02418E7A7A
:10549000F60702D5497A01B110330132B9E7FFF7B7
:1054A00041FCC000103080B2D1E71EF084F8BCE7A8
:1054B00001A902F04DFB08B100230193019BABE76A
:1054C000A005002014770020002330B5294C85B0BA
:1054D000D4F8782DADF80E30911C18BF531CC4F8C9
:1054E000783D0193244B054602930E2301A8ADF8A5
:1054F0000C30FFF73BFD0C230021284601AAEAF7F8
:105500006DFD013001D1FFF73DFD04220021684609
:1055100015F05FFD0E230422B4F8921E6846ADF824
:1055200000301DF01CFA0423A4F8920E6A460C21E8
:105530002846EAF753FD013001D1FFF723FD002192
:105540002846019BBDF80820FFF724FD013001D15A
:10555000FFF718FD1AF0AFF805F25E3504EB85048D
:1055600063689B0C9B0443F4803343F00E03636039
:1055700005B030BD147700201800FFFF70B51AF099
:1055800098F80123054600260B4CC4F8783DF0B28C
:1055900085420DD81823C4F8843DB4F8883D23F41F
:1055A000DF6323F0070343F4C063A4F8883D70BDB4
:1055B000EAF746FD0136EAE71477002010B50A4CF9
:1055C00020461CF0BFFF094A002120461CF08EFE39
:1055D00014F8033CA4F5A96243F0020304F8033C69
:1055E000032382F8D03210BD5C7C002000F8FF0756
:1055F000F8B50F4E1C4696F8977EB0EB971F04D077
:1056000041F2B5717A20FEF7F9FFD6F8947EC7F320
:105610001D078F42F4D8B6F8986E3E448E42EFD9FB
:105620000C44A642ECD3EAF7ADFC0028E8D1F8BD63
:1056300014770020F0B52C27304E21F0404343EA88
:105640008073C6F8943EB6F882351446012B89B0B3
:10565000A6F8987E0BD13B46FFF7CAFF054600230C
:105660002846C6F8943EA6F8983E09B0F0BD002B37
:1056700041D11C2301AAFFF7BBFF05460028EED14C
:1056800001463A46204615F0A4FC182201A92046FE
:1056900015F094FC9DF81C2094F82810C2F38100AA
:1056A00060F3871184F8281002F0010394F82910A0
:1056B0005B0021F0030143F001030B43910784F8E1
:1056C000293094F8283011D402F00C02082A08BFBF
:1056D000012265F3C50384F82830DBB20CBF62F306
:1056E000020365F3020384F82830B8E723F03F0390
:1056F00043F00C03F7E74FF0FF35B0E714770020D5
:1057000070B5194B05461B688CB0834229D9174EDA
:1057100096F88135834222D0D6F8B03503EB0013DA
:105720005A7A197A41EA02219A7ADB7A41EA0241ED
:1057300003F0070351EA036113D096F8800501AA2C
:10574000FFF778FF044660B92C2201A906F28450C5
:1057500086F8815515F032FC20460CB070BD00244F
:10576000FAE76FF01B04F7E7A80500201477002084
:1057700038B50D46FFF7C4FF044630B92C22284641
:10578000034915F01BFC204638BD6FF01B04FAE7F7
:10579000987C002008B5FFF7B3FF0028014818BF28
:1057A000002008BD987C002010B50C46FFF7A8FF2C
:1057B000082228B92046BDE81040044915F0FEBB78
:1057C0002046BDE81040002115F003BC987C002065
:1057D0002DE9F04714460822A8B00E46CC49BDF882
:1057E000C0700546881815F0E9FB002F7BD1982280
:1057F000394602A815F0EDFB982C40F0D7802346DF
:105800003146284602AAFFF7F3FE002840F09181B6
:105810009DF89810082900F28C819DF89920102A93
:1058200000F28781BB4B83F8FC1583F8FD259DF8BA
:105830009810C2B2914224D800209DF89910C2B2AB
:10584000914231D80024B34D95F8FD359C42C0F00B
:105850007381B14B00211A78D5F8000615F0B9FB19
:105860000024AE4EAE4F33789C4280F06281D5F872
:105870000836002153F834003A7815F0AAFB0134B9
:10588000F1E728AC02EB420104EB820212F8975CCC
:10589000D3F804460130655432F8964CD3F8042608
:1058A0000A44A2F80140C2E7C2EBC201A031D3F81A
:1058B0000846694431F8785C04EBC204A580D3F84B
:1058C000084611F8725C04EBC204C5F30205A57129
:1058D000D3F80846013004EBC20411F8722CC2F36D
:1058E000C402E271A9E7012F60D0022F40F02181AC
:1058F0008C490822A1F1080015F060FB00230193F8
:105900000423314628460DEB0302FFF771FE814F59
:10591000002840F00B819DF804209DF8051087F8C1
:10592000FC2587F8FD15FFF7CDF9043CA4B2A04291
:1059300040F0FC807C4B1B789342C0F0F780774BA3
:105940001B788B42C0F0F280002A40F0DF800024F8
:105950009DF80430CDE90244013306EB83069DF83F
:1059600005309C42BFF46EAF0823314628460DEB4C
:105970000302FFF73DFE0836002840F0D780D7F835
:105980000836BDF80C2003EBC4039A80D7F808361C
:105990009DF80E2003EBC4039A71D7F808369DF8E2
:1059A0000F2003EBC403DA710134D8E75D49082204
:1059B000A1F1080015F002FB0023019304233146F6
:1059C00028460DEB0302FFF713FEDFF8488100289D
:1059D00076D19DF804209DF8051088F8FC2588F8FC
:1059E000FD15FFF76FF9231F9BB2984280D14E4BF4
:1059F0001B78934203D20023A8F8FC3575E7474B88
:105A00001B788B42F7D392BB002399469DF804A0E4
:105A1000CDE902330AF1010A06EB8A0A9DF8053046
:105A2000994527D3022F7FF40DAF61E70423284661
:105A300002AA06EB8901FFF7DBFD002840D19DF8A3
:105A40000910D8F8042609EB4903033BD154D8F8D0
:105A50000426BDF80A101A44A2F8011009F1010940
:105A60009DF8042009F1FF339A42DFD8CCE74FF0CC
:105A70000109F5E70823514628460DEB0302FFF71D
:105A8000B7FD0AF1080AD8B9D8F80836BDF80C20D5
:105A900003EBC9039A80D8F808369DF80F2003EB72
:105AA000C903C2F302029A71D8F808369DF80F2094
:105AB00003EBC903C2F3C402DA7109F10109ADE7CE
:105AC0000023022FA8F8FC353FF412AF1C300DE77D
:105AD0000423284602AA06EB8401FFF789FD28BBB0
:105AE0009DF80910D7F8042604EB4403033BD15476
:105AF000D7F80426BDF80A101A44A2F801100134A0
:105B00009DF80420631E9A42E2D820E70124F7E7BB
:105B1000A885002014770020E8050020D00500208B
:105B2000E0050020B0850020D80500200023A7F85C
:105B3000FC3528B0BDE8F087D5F8083603EBC40380
:105B40009A79032A06D11879FDF722F910B1E0B24B
:105B5000F3F7A2F9013477E604222DE9F04387B088
:105B600007460E460DEB0200002115F032FA042321
:105B7000314638460DEB0302FFF73AFD0446C8B93B
:105B8000774B9DF804201B689A4204D941F2010129
:105B90007A20FEF733FD0146102202A815F019FA0B
:105BA000A046704DDFF8C89104369DF80430984542
:105BB00000D2A4B108226C496C4815F0D8F940B164
:105BC0001DF064FC014620B90122684802ABFDF7D4
:105BD00029FC1CF0D2FA204607B0BDE8F0839DF8FE
:105BE0000530012B74D131460D23384602AAFFF748
:105BF000FFFC04460D369DF8123003EB830203EBE5
:105C00004203D5F8B0221A44937AD9075DD49DF89F
:105C1000131061F3461393729DF8123003EB830265
:105C200003EB4202D5F8B0329818837A13F0600F74
:105C300057D1014602A8FCF761FF9DF81230BDF86C
:105C4000101003EB830203EB4203D5F8B0221A4491
:105C5000D1809DF812309DF8141003EB830203EB02
:105C60004203D5F8B0221A441172BDF810109DF805
:105C70001200FDF765F99DF8123003EB830203EB88
:105C80004203D5F8B02213449A7A42F001029A7284
:105C90009DF8123003EB830203EB4203D5F8B022E8
:105CA0001A44002353729DF8123003EB830203EB76
:105CB0004203D5F8B02213449A7A42F010029A7245
:105CC000D5F8B8320133C5F8B83208F101086CE7ED
:105CD00031461023384602AAFFF78AFC10360446E4
:105CE00089E79DF81330012B1CD10622494615F097
:105CF00065F99DF81230BDF8101003EB830203EB39
:105D00004203D5F8B0221A44D1809DF812309DF894
:105D1000141003EB830203EB4203D5F8B0221A44BC
:105D20001172A8E7014602A8FCF7E8FE9DF81230C0
:105D30009DF8141003EB830203EB4203D5F8B02265
:105D40001A4411729DF8123003EB830203EB4203F5
:105D5000D5F8B02213444FF0FF329A71DA718AE716
:105D6000A00500201477002053A30400687C0020C5
:105D70004BA3040004222DE9F04385B081460F4671
:105D80000DEB0200002115F024F9082200210DEB93
:105D9000020015F01EF90423394648460DEB0302B4
:105DA000FFF726FC0646F8B9564B9DF804201B6801
:105DB0009A4204D941F22B117A20FEF71FFC9DF87C
:105DC0000530032B02D941F22C11F5E74FF0000802
:105DD000012B4D4D8CBF043702379DF8043007EB83
:105DE000C801984500D21EB1304605B0BDE8F08329
:105DF000082348460DEB0302FFF7FAFB9DF8093034
:105E0000064603F0E003A02B1FD0202B05D19DF800
:105E10000A3003F00303012B17D0D5F8582408EB00
:105E20000814135D43F001031355D5F858349DF859
:105E3000080023449871FCF7ABFF48B1D5F858042B
:105E400011220021204415F0C4F808F10108C4E72C
:105E5000D5F858349DF809101A5D61F3C6021A5539
:105E6000D5F858349DF8092023445978520962F333
:105E7000020159709DF80A1001F00303022B0AD1A8
:105E8000D5F858349DF809202344587BC2F30012FA
:105E900062F300005873D5F858341A195278520733
:105EA00004BF9DF8082085F8C2231A5D61F3420201
:105EB0001A55D5F858349DF80B2023445A717F2287
:105EC000D5F8583423441A71D5F85C249DF808306D
:105ED00002F80380D5F858349DF80C1023445A7802
:105EE00001F0070102F01F0242EA41125A709DF8C8
:105EF0000C109A78C1F3C10122F003020A439A7090
:105F0000A3E700BF980500201477002070B5052B8B
:105F1000B2B004460E46BDF8D85004D840F27441E1
:105F20007A20FEF76BFB012D40F05A81FBF784FFCE
:105F3000032800F034825022002102A815F049F80D
:105F4000642200210DEB020015F043F83146502386
:105F5000204602AAFFF74CFB0646002840F01F82AD
:105F60009C4C9DF8643094F8D02204F5A96162F34A
:105F700087131BA88DF864301CF0A5F92A4604F29B
:105F8000BB310DF1B10015F019F80C2204F55E716A
:105F90000DF1B30015F012F894F8B9239DF8BF3055
:105FA000003A18BF012223F00F0343EA42038DF8A1
:105FB000BF30B4F8D832029AADF8C43094F8D23277
:105FC00022F0C0028DF8C630199B049903F0C0037B
:105FD00013431993039B1BA81A9330961CF0A3FA42
:105FE000082205A91CA814F0E9FF082207A91EA889
:105FF00014F0E4FF082209A920A814F0DFFF08220A
:106000000BA922A814F0DAFF10220DA924A814F07D
:10601000D5FF9DF8443010220DF145010DF1A1008E
:106020008DF8A03014F0CAFF94F8BC339DF85520C9
:10603000C8336B4403F8172C03F8166C654C9DF8B5
:10604000643094F84525C3F3000363F3000284F839
:1060500045251BA9042202A814F0B0FF02A904F5EB
:10606000A9601CF030F908221CA904F24C5014F06D
:10607000A5FF9DF8643094F84525C3F3400363F30E
:10608000410284F845251EA9082204F5327014F057
:1060900095FFBDF868300822A4F8AE33BDF86A3029
:1060A00022A9A4F8AC33FF2384F8C2339DF86530ED
:1060B00004F2545084F8DA32BDF86630A4F83E3366
:1060C0009DF8C63084F8D23214F078FF9DF8A030E5
:1060D000102224A904F2DB2084F8313314F06EFF7F
:1060E00094F83133102284F8EB3201230DF1A10131
:1060F00004F25E5084F8303314F060FF94F84934B1
:106100000DF1B30143F0400384F849349DF8B130F8
:1061100004F55E7084F8BB339DF8B23084F8BA336E
:106120009DF86430C3F3811384F8D0329DF8BF30FA
:10613000C3F3400284F8B92394F8E225C3F3800343
:1061400063F3410284F8E2250C2214F037FF9DF836
:10615000BF3094F85023C3F3000363F3C7123098A1
:1061600084F8502306F054FABDF8C40006F060FA33
:106170009DF8BF00C0F3C00006F08AF94FF6FF7229
:10618000B4F8AE33934200F00C81B4F8AC339B1AF0
:1061900018BF012394F878270F4963F3000284F8AD
:1061A00078270E48082214F0E2FE002800F0FB8059
:1061B0004FF6FF73B4F8AE03984200F0F48007493D
:1061C0000DF10702FCF748FB1D3040F0EC8040F277
:1061D0000F51A5E61477002053A30400DC790020BA
:1061E000022D40F0AC80FBF727FE032800F0D7809B
:1061F0005C22002119A814F0ECFE5C2331462046F5
:1062000019AAFFF7F5F90546002840F0C8806A4C46
:106210009DF8643094F84525C3F3000363F300024E
:1062200084F845251BA9042202A814F0C7FE02A980
:1062300004F5A9601CF047F808221CA904F24C5090
:1062400014F0BCFE9DF8643094F84525C3F3400378
:1062500063F3410284F845251EA9082204F5327033
:1062600014F0ACFEBDF868300822A4F8AE33BDF8D7
:106270006A3022A9A4F8AC33FF2384F8C2339DF816
:10628000653004F2545084F8DA32BDF86630A4F870
:106290003E3314F093FE9DF8A030102224A904F29E
:1062A000DB2084F8313314F089FE94F83133102266
:1062B00084F8EB3201230DF1A10104F25E5084F861
:1062C000303314F07BFE94F849340C2243F0400341
:1062D00084F849349DF8B1300DF1B30184F8BB3333
:1062E0009DF8B23004F55E7084F8BA3314F066FE9F
:1062F0004FF6FF73B4F8AE239A4204D0B4F8AC530F
:10630000ED1A18BF012594F87837082265F30003C9
:106310002A492B4884F8783714F029FE00283ED00B
:106320004FF6FF73B4F8AE03984238D024490DF10C
:106330000702FCF791FA90B340F23A41F0E5032DE1
:1063400023D15C2302AAFFF753F9044638BB642229
:1063500001460DEB020014F03CFE5C2202A919A8D4
:1063600014F02CFE9DF8BF309DF8632023F0070346
:1063700002F0070213438DF8BF304FF0FF338DF862
:10638000C6403093ADF8C43058E6042D07D16423DD
:106390000DEB0302FFF72CF900283FF44FAE32B0AB
:1063A00070BD0023F6E69DF8643003F03C03082B33
:1063B000F5D040F22351B3E51477002053A3040035
:1063C000DC7900202DE9F04FDFF8ACA081469AF887
:1063D00000008B46904685B068B1FDF7D1FB0446BE
:1063E0009AF80000FDF7E6FB404505D040F67D71C8
:1063F0007A20FEF703F9044600274FEA89731D4D02
:1064000001934745FEB202D105B0BDE8F08F9AF87E
:1064100000300BB104B1E65D019A2BF04043134309
:10642000C5F8943E4FF004035946A5F8983E4846F7
:10643000042303AAFFF7DCF80BF1040B0028E3D1D7
:10644000039BD5F8B025360103F2FF339351D5F8FD
:10645000B0350137334418735873D5F8B0351E443E
:10646000F37A43F01003F372C5F8940EA5F8980E72
:10647000C7E700BF14770020448700202DE9FF41C3
:10648000BDF828300746012B8846144628D108233A
:106490000DEB0302FFF7ACF800283BD10646029A49
:1064A000294B019202F2FF32C3F83423A3F83C03D4
:1064B000E408A0422ED20399D3F8B025050101F2D9
:1064C000FF315151D3F8B015013029440E734E738A
:1064D000D3F8B0152944CD7A45F01005CD72E8E720
:1064E000032A01D9930704D040F613717A20FEF7EE
:1064F00085F804230DEB0302FFF77AF8054648B947
:10650000019B114A03F2FF33042CC2F83433A2F882
:106510003C0302D104B0BDE8F0810C4E0B9B7268C5
:106520009B1A6FF000429342F4D2221F3846C2F306
:10653000870208F10401FFF745FF30780028E9D011
:10654000FDF7CAFA3570E5E714770020448700208C
:106550002DE9F04F0C4607468FB00021164602A8E1
:106560000422BDF860A014F034FD2146042338460F
:1065700002AAFFF73DF8DFF82C810546043418B96C
:106580009DF8083088F87E35F2F752F9A8F882A510
:10659000321FBAF1000F12D14FF01C08B2FBF8F60F
:1065A000DFF80891199B31460020C9F80430FDF747
:1065B00005FA89F8000080B940F6244107E030234D
:1065C000B2FBF3F603FB162222B140F61D417A20FE
:1065D000FEF714F84FF02C08E2E73146FDF730FBE8
:1065E0004FF0000B81465E4558D02DB12D4B83F8FE
:1065F00080750FB0BDE8F08F2146384603AAFFF73B
:1066000019F805460028F1D103A81CF0C4F9264B5F
:10661000244AD3F800C0D2F8B025B0FBFCF303FB4A
:106620001C0328460192019A604502EB031292F87E
:1066300009E0117A41EA0E2192F80AE041EA0E419E
:1066400092F80BE00EF0070E41EA0E611BD099B9EB
:10665000C4F307215172C4F307419172D17AC4F394
:10666000026021F0070101431472D172444409F819
:10667000013B0BF1010BB6E70133B3FBFCF2013038
:106680000CFB1233CFE70029E2D0BAF1000FADD0F6
:1066900021463846F2B2FFF795FEA7E7002DF4D069
:1066A000A4E700BF14770020A8050020448700203D
:1066B0002DE9F0411746174E80461A460C463846DB
:1066C000B6F8921E1D461CF04AF996F88F3EA6F8C1
:1066D000920EB8EB931F4FEA931004D041F2F17180
:1066E0007A20FDF78BFFD6F88C2EC2F31D02A24252
:1066F000F4D8B6F8903E1344A342EFD92A19934236
:10670000ECD32B463A462146E9F768FC0028E5D150
:10671000BDE8F0811477002070B55D4C9AB064221A
:1067200005460E4601A8002114F053FC94F84535A7
:106730009DF80420C3F3000363F30002684604F5E8
:10674000A9618DF804201BF0BEFD0422694603A850
:1067500014F034FC9DF8043094F8D02204F24C512B
:1067600062F387138DF8043094F8B93394F8E22576
:106770005B00C2F3400203F0020343EA82039DF888
:106780005F2004A822F00602134308228DF85F3030
:1067900014F014FC94F845359DF80420C3F340032D
:1067A00063F341028DF8042004F53271082206A833
:1067B00014F004FCB4F8AE3394F8C213ADF808300A
:1067C000B4F8AC33FF29ADF80A3002D008A8FCF7C2
:1067D0004DFA02229DF804302E4962F385038DF8AC
:1067E000043094F8DA3208228DF80530B4F83E33DC
:1067F0000AA8ADF8063094F8D2328DF8663014F05D
:10680000DDFB94F8310307F01FFD014600283BD063
:1068100010220CA814F0D2FB94F8313310221E4938
:106820000DF141008DF8403014F0C8FB94F8BB33F3
:106830001A498DF8513094F8BA330C220DF15300F7
:106840008DF8523014F0BAFB94F850339DF85F2065
:10685000DB0963F30002D4F8D4328DF85F2018937B
:10686000B4F8D832ADF8643005F008FE9DF85F301A
:10687000314660F3C3038DF85F302846642301AAD4
:10688000FFF716FF1AB070BD4FF0FF30FAE700BFF8
:1068900014770020687C0020727C00208C7A002015
:1068A0002DE9F743002305468946DFF874801B4E27
:1068B000D8F800209A4201D800202BE0D6F8B00585
:1068C0001F0100EB03114C7A0A7A42EA04228C7A07
:1068D000C97A42EA044201F0070152EA016203F177
:1068E000010401D12346E3E7C35949460193042338
:1068F00028460DEB0302FFF7DBFE4FF0FF32D6F820
:10690000B03509F104093B441A7303225A73234634
:106910000028CDD003B0BDE8F08300BF147700207D
:10692000A80500202DE9F04F0025364E8DB096F8D1
:106930007E350C468DF800306A4604230746ADF8D4
:1069400001508DF803506FF07849FFF7B1FEDFF882
:10695000B880043406F2845AD8F800309D424DD2F3
:10696000002843D1D6F8B0254FEA051B02EB0512EB
:10697000507A117A41EA0021907AD27A41EA0041B4
:1069800002F0070241EA026149451ED12C2251461C
:1069900001A814F013FB21462C2301AA3846FFF767
:1069A00087FED6F8B035C4F307225B445A72C4F3AD
:1069B00007429A72DA7AC4F3026122F007020A43AC
:1069C0001C72DA722C340135C6E741B90135AB428D
:1069D000C8D821463846FFF763FF002006E096F846
:1069E000800501AAFEF726FE0028D4D0012386F8F0
:1069F0008075A6F882350DB0BDE8F08F0028E8D08C
:106A0000F4E700BF14770020A8050020F7B505467D
:106A10000E46214F04220021684614F0DAFAB7F836
:106A2000FC356A46ADF80030314604232846FFF7AE
:106A30003FFE08B103B0F0BD044619E00134002860
:106A4000F8D1D7F8042604EB44038DF80400033B87
:106A5000D118D35C28468DF80530B1F8013006EB2B
:106A60008401ADF8063004230DEB0302FFF720FE8E
:106A70009DF80010A142E1D80028DBD19DF801204B
:106A8000D300002AD6D001312846D7F8082606EBD5
:106A90008101FFF70DFECDE714770020002373B5C9
:106AA0000F4EADF805308DF8073096F8A436044641
:106AB0008DF8043004230DEB03020D46FFF7F8FDBB
:106AC00058B99DF8043043B103EB430320469B00C3
:106AD00006F24462291DFFF7EBFD02B070BD00BF56
:106AE0001477002037B5042204460D460DEB020052
:106AF000002114F06EFA0B4B2946D3F834232046BC
:106B0000019240F2FF32A3F83C2304230DEB030271
:106B1000FFF7CEFD18B92046291DFFF7C1FE03B0CF
:106B200030BD00BF147700202DE9F047002586B066
:106B3000102280460C4602A82946019514F049FA15
:106B4000042229460DEB020014F043FA29460B20DB
:106B5000DFF8F0903A4ED9F80070D6F8B0C29DF840
:106B60000420EBB29F4219D809B18DF8042002230A
:106B70008DF805300423214640460DEB0302FFF754
:106B800097FD00274FF00B0A0434D9F80030FDB20E
:106B9000AB4200D980B106B0BDE8F08700FB03C36B
:106BA00093F80AE01EF0010F04D05B7A13B10121C3
:106BB0000132D2B20135D4E70AFB05F5D6F8B0327E
:106BC0002B449A7AD20731D55B7A7BB301461022E7
:106BD00002A814F0FEF9D6F8B01229448B7A13F00B
:106BE00060030AD102A8FBF7BFFFD6F8B0322B44EE
:106BF000DA88ADF810201B7A05E0202B18D1CB885D
:106C0000ADF810300B7A8DF81430D6F8B0328DF81C
:106C100012702B449B7A2146C3F341138DF8133035
:106C20004046102302AAFFF743FD10340137ACE7BA
:106C300002A8FBF799FFD6F8B0322B44DBE700BF80
:106C400014770020A005002004222DE9F04F85B024
:106C50000C46064600210DEB020014F0BAF908229A
:106C600000210DEB020014F0B4F9FEF75BF80323EA
:106C70008DF80530042321468DF804000DEB030246
:106C80003046FFF715FD0025384FDFF8E480043467
:106C90003B689D4200D210B105B0BDE8F08FD8F836
:106CA00058B405EB051A1BF80A300BEB0A09DB0791
:106CB00054D5082201460DEB020014F08AF999F828
:106CC00006309DF809208DF808301BF80A30C3F310
:106CD000C30363F303028DF8092099F801209DF89E
:106CE000093062F347138DF809301BF80A309DF81C
:106CF0000A20C3F3410363F301028DF80A2099F8D7
:106D000005308DF80B3099F8023099F8012003F026
:106D10000303DB0043EA52138DF80C301BF80A30F2
:106D200003F00603042B9DF8093019D199F80D20C2
:106D3000C2F3000161F304138DF809309DF80A30A5
:106D4000C2F3830262F385038DF80A3008232146DB
:106D500030460DEB0302FFF7ABFC0834013597E733
:106D600043F010038DF80930F0E700BF98050020CC
:106D70001477002000232DE9F7430746644EC879B5
:106D8000019396F88F3EC0F38118800960F3871352
:106D9000B1F8089086F88F3E4A68D6F88C3E0D46CA
:106DA00062F31D03C6F88C3E0B89A6F8903E7B1E4D
:106DB0001E2B00F28A80DFE803F010343A888852F4
:106DC0004088646D767C885E468888884C885888C0
:106DD00088888888707388888200496821F04041DB
:106DE000FFF79AFC044698B95FFA89F2D31C23F0A6
:106DF00003039B1A13F0FF036FD16B6807F2B117FF
:106E0000C3F31D0306EBC7070C3B87F808807B60C4
:106E100000232046C6F88C3EA6F8903E03B0BDE89D
:106E2000F083496821F0404116F0AAFFDAE749688B
:106E300021F0404117F036F9D4E7496821F040418C
:106E4000FFF770FDCEE7496821F04041FFF7DEFD16
:106E5000C8E7496821F04041FFF720FEC2E74968D2
:106E600021F0404117F04FFABCE7496821F040415A
:106E700018F054F9B6E7496821F04041FFF732FEB7
:106E8000B0E7D6F8283D002B3ED0696821F040419C
:106E90009847A7E7D6F82C3DF5E7D6F8303DF2E75E
:106EA000D6F8343DEFE7496821F04041FFF73CFE5A
:106EB00098E7496821F04041FFF7C6FE92E749682C
:106EC00021F0404104F0E8FB8CE74A68014622F0DB
:106ED0004042384600F016FE84E7B6F8902ED6F809
:106EE0008C1E1A44A6F8902EB5F808C096F88F0E9E
:106EF000C1F31D0101AA61448009FFF7D9FB0028F5
:106F00003FF47BAF044683E74FF0FF3480E700BFD8
:106F1000147700202DE9F04F0024B44DADF5037D2A
:106F200095F8883DCDE9094403930B9418F0C1FB13
:106F3000039B0133B3FBF0F202FB103302939DF885
:106F400008300493029B049803F25E3305EB83053B
:106F5000AB7964F30003AB71FEF744F821464FF4BC
:106F6000C6721FA814F035F803981FA9FDF706FF95
:106F700010B1383040F03681DFF8709200274FF0C2
:106F800018084D461FAC0C231FAA03FB07235B68A0
:106F900033F0404300F09680039B05EB8303B3F886
:106FA0007C3D0B2B00F28B80072B40F28B804FF047
:106FB000000A0C22002109A814F00BF809A8ADF86A
:106FC0002A70ADF828A0FEF703FAC31C23F00303D0
:106FD000ADF82830854B0646D3F8783DBDF82A0039
:106FE0009A1C08BF5346814A18BF0133C2F8783D46
:106FF00009931BF00EFC4FF6FF7398428346ADF8E1
:107000002C000BD1238903F11406173323F003035B
:10701000ADF828306389B6B2ADF82C3009A8FDF779
:10702000A5FF0C234146049809AAE8F7D7FF0028DA
:1070300042D1029B03F0030A9DF837306AF38713AD
:107040008DF8373008F10C03059323F0404300938B
:10705000009A0D9B62F31D030D93A6F114039BB2DE
:10706000ADF8383001930C237B43069303F502738C
:107070006B44A3F5C6735B68A5F8986EC5F8943E9B
:107080004FF6FF739B4540F0A580089095F88F3E22
:1070900084466AF3871385F88F3E009AD5F88C3EB4
:1070A000164662F31D03C5F88C3E019BA5F8903E81
:1070B00023899C4557D2A8B3FDF764FF70E00E2BDF
:1070C0003FF475AF0137202F04F10C0409F10809D2
:1070D0007FF459AF18F0EFFA444C18F0ECFAB4F81A
:1070E0007C3D0D2B08D894F87E3D00206FF3000303
:1070F00084F87E3DFDF776FFB4F8803D0D2B08D86F
:1071000094F8823D01206FF3000384F8823DFDF77F
:1071100069FF049BC4F8848D84F8883D0DF5037DD8
:10712000BDE8F08F0CF1400B9B4538BF402306991A
:107130001FAA0A445168D07928BFA3EB0C03C1F3FE
:107140001D019BB20FAA614480090793FEF750FA14
:10715000079B0028B0D1314650460FAAFFF7A8FA86
:107160004036DC46A4E70028A6D19DF80420D31CB5
:1071700023F003039B1A13F0FF0315D1009B89F83A
:1071800090AD0C3BC9F88C3D059B504623F0404127
:10719000BDF82820099B0C39FDF7FCFE00288BD197
:1071A000BDF8283098448DE7104A019EB2F8901E31
:1071B00092F88F0E1944A2F8901ED2F88C1E800906
:1071C000C1F31D0108AA3144FFF772FA00287FF4C9
:1071D00073AFD3E70CA9F8B2FFF7CCFD00287FF41A
:1071E0006BAFD1E74FF0180876E700BF14770020A7
:1071F0002DE9F04FBE4CEFB094F8892D94F8453549
:1072000050070CD419070AD5FEF7B8F994F8893D50
:1072100043F0040384F8893D6FB0BDE8F08F5A074E
:10722000FAD54FF0FF3500274FF496720021B14890
:1072300013F0CFFE4FF4C67200210BA8C4F8785D9E
:1072400013F0C7FE6B95AA4D18F033FAA946BB465A
:107250004FF00F0803900297039B5FFA87FA53459C
:107260000BD8B8F10F0F71D118F023FA022870D0A3
:1072700040F237617A20FDF7C1F90C230021504616
:1072800008AAE8F77FFE07F25E360346029030B1A7
:10729000013313D11BF09CFA4FF0FF330DE0504641
:1072A00007AA08A91BF074FA10F1480F10D078B1A2
:1072B0000F23A9F87C3D6FF02203029304EB8606AE
:1072C000B37950466FF30003B371FDF78BFE0FE007
:1072D000BDF81C300E2B0FD843453CBFBB4698462B
:1072E00004EB8606B27942F00102B271A9F87C3D46
:1072F000013709F10409AFE70F23A9F87C3DC9E77D
:10730000B7F87C3D0F2B13D0B34511D098450FD063
:107310000F23A7F87C3D06F25E3304EB83039A79D2
:107320006FF300029A71FDF75DFE4FF0FF33029399
:1073300001360437039BF0B28342E1D8B8F10E0F57
:10734000029B18BF6FF0470302938DE72746002684
:10735000F0E700262746B046B7F87C3D0F2B11D04A
:107360005FFA86F948460BA9FDF708FD002870D1A1
:107370006B9BC4F8783D9DF8B43184F8883D6C9BD4
:10738000C4F8843D0437002E61D00BAE3246002392
:10739000516803F1010931F0404102D011890029FF
:1073A00075D14B46202B02F10C02F1D194F8893DA6
:1073B000082243F0020300214F4884F8893D00274A
:1073C00013F007FE706830F0404300F00881328906
:1073D000002A00F00481F179C1F3811C890904EBD2
:1073E0008103B3F87C3D0B2B00F2F680072B40F2B3
:1073F000F68094F897EEB6F80AB061F3871E84F829
:1074000097EED4F8941EC0F31D0060F31D0117F031
:10741000FF08C4F8941EA4F8982ED4F8741DA0F1A7
:107420000C0940F00A8184F890CDC4F88C9D0029A5
:1074300040F06E8103917068F179CDE9003B8909D4
:10744000134620F04042039800F02EFBC7E00126CF
:1074500082E710F1380F06D10123B34048EA030355
:107460005FFA83F88EE7013002D11BF0B1F989E7AA
:1074700006F25E3304EB83039A7948466FF3000209
:107480009A710F23A7F87C3DFDF7ACFD7AE70C203D
:1074900000FB03624B46202B30D1D779BF0928FA75
:1074A00007F3DB075BD5012F59D86B9B84F8887DE8
:1074B00004EB8707C4F8783DB7F87C3D0E2B00F04D
:1074C0008880FFF727FD00214FF4C6720BA813F048
:1074D00080FD4FF0FF3394F8880D0BA96B93FDF7F7
:1074E0004DFC00283FF462AF1BF072F95EE700BF6D
:1074F000147700208C8400204487002000FB036761
:10750000796831F0404140D0F979D77979403F2905
:107510003BD9BF09022FC0D04FF00C0BAD4AB9F1D7
:10752000200F34D128FA07F111F00101BBD14FF43B
:10753000C6720BA813F04DFD4FF0FF3338460BA970
:107540006B93FDF71BFC002840D16B9BC4F8783D82
:107550009DF8B43184F8883D6C9BC4F8843D94F860
:10756000880D013000F0010028FA00F818F0010F32
:107570003FF41CAF00F25E3304EB83039A796FF3A0
:1075800000029A71FDF72EFD10E7013383E70BFB34
:10759000096ADAF8043033F0404314D09AF807301F
:1075A000B7EB931F0FD007F25E3104EB81014B68FC
:1075B0003846134043F00F034B60FDF713FD9AF874
:1075C0000770844ABF0909F10109A8E71BF000F917
:1075D000C5E7FDF721FD76E70E2B3FF40AAF013733
:1075E000202F06F10C0605F108057FF4EBAE7A4D6D
:1075F000287818B1FCF770FA00232B700023C4F828
:10760000943EA4F8983E029B483301D1FFF782FCD8
:10761000D4F8845D002D7FF4F9AD2846FDF7E2FC37
:107620001823C4F8843DD4F8783D84F8885D01338C
:1076300004BF0123C4F8783DE8E5B8F11C0F05D874
:10764000664820FA08FE1EF0010F05D194F889ED76
:107650006FF3410E84F889EDB8B2039085F890CDB0
:10766000C5F88C9D002955D1F079716808F1FF3C6F
:107670008009C1F31D0107F1010A06F10C0905F1AA
:107680000808BCF11E0F3FF6D6AE0FF2080E5EF8EA
:107690002CF000BF27770200377702004177020005
:1076A00037740200377402006B7702004B770200D8
:1076B000377402008B77020099770200B7770200D7
:1076C000C1770200377402007F770200577702000B
:1076D00037740200377402003774020061770200C9
:1076E00037740200757702003774020037740200A5
:1076F000377402003774020037740200A377020067
:10770000AD7702003774020037740200CB770200B5
:10771000CDF80C800398CDE904238847DDE90423E4
:107720000028A1D15BE7CDF800B0FEF7EFFB57468C
:107730004E46454646E6CDF800B016F0ACFAF6E700
:10774000CDF800B016F0D8FBF1E73568CDE900B50B
:10775000FEF7FEFEEBE7CDF800B0FEF739F8E6E7FE
:10776000CDF800B0FDF7FAFDE1E7CDF800B016F076
:1077700068FDDCE7CDF800B017F0EEFAD7E7356822
:10778000CDE900B5FEF77AFED1E713460A46014679
:107790000020FDF7DFFACAE713460A46014601203A
:1077A000F7E713460A4601460220F2E713460A4667
:1077B00001460320EDE7CDF800B0FEF7CDF9B6E7BE
:1077C000CDF800B0FEF7D6FAB1E7CDF800B003F07F
:1077D0002BFF04E70000FEFF44870020004600184E
:1077E00070B5224C8688D4F8843D05461E4417F0B7
:1077F0005DFF86422ED9FDF70FFC94F8883D2846A0
:1078000003F25E3304EB83039A796FF300029A71FB
:10781000D4F8783D9A1C0CBF00230133C4F8783D9E
:107820002B60FDF7A3FB2A460C23D4F8841D94F8A3
:10783000880DE8F7D3FBEA885AB11C2A03D80C4B11
:10784000D340DB0705D494F8893D6FF3410384F8F6
:10785000893D70BD94F8883D04EB8303B3F87C3D0B
:107860000E2BCAD0FFF756FBC7E700BF14770020E6
:10787000004600181FB504460C22002101A813F091
:10788000A8FB0D4B93F845355B0712D5142301A8CF
:10789000ADF80830ADF80A40FFF7A2FF20B140F67E
:1078A0009C217A20FCF7AAFE01A8FDF785FC0028A0
:1078B000F5D104B010BD00BF1477002070B5FDF7FE
:1078C00007FD0024144EA5B22846FDF765FC68B9F3
:1078D0000134202CF7D1114A92F8893D43F002037C
:1078E00082F8893DBDE87040FDF700BD1C2C03D92E
:1078F0002846FFF7BFFFEBE726FA04F3DB0701D5C5
:107900000134E0E72846FFF7B5FF072CF8D1F0F780
:107910008FFF0824D7E700BF014600181477002026
:10792000F0B5002587B00646CDE900550295FDF774
:1079300033FC20B940F678217A20FCF75FFE204F17
:1079400097F845355A0706D46846FDF735FC0028F8
:10795000F0D107B0F0BD97F8893D5B0702D440F63F
:107960004C21E9E76846ADF80450ADF80660FDF734
:107970002FFDC31C23F003030446BDF80600ADF839
:107980000430ADF808501AF044FFADF8080068461E
:10799000FFF726FF0028CDD1D7F8843D97F8882D32
:1079A0000C3323F0404343EA8273143C03A9F0B242
:1079B0000493ADF81440FFF7DDF90028C4D0B9E70F
:1079C00014770020F8B54FF6FF73994206460D462E
:1079D000324C1FD00846FDF793FEB0B931462C2239
:1079E00004F2845084F8815513F0E8FA4FF0FF3325
:1079F000D4F8B01501EB05110B724B728B72CB7A78
:107A000043F00703CB72002413E04FF499717A20FE
:107A1000FCF7F4FD1AF0BFFF214B00211A68D4F8DF
:107A2000B0C5B0FBF2F303FB12038A420DD14FF055
:107A3000FF340720FFF774FF2046F8BD0133B3FB86
:107A4000F2F0013102FB1033EFE70CEB031090F87A
:107A500009E0057A1F0145EA0E2590F80AE0C07A90
:107A600045EA0E4500F0070055EA0065E6D18A4276
:107A7000DDD92C2231460B4884F8813513F09EFA6B
:107A80004FF0FF32D4F8B0353B441A725A729A72F2
:107A9000DA7A42F00702DA72B5E700BF1477002005
:107AA000A8050020987C00202DE9F347144E0746D6
:107AB000884691469A4600243546D5F8703D9C424A
:107AC00002D36FF01B0016E0D6F8482D38469047D9
:107AD000143698B1142303FB0455BDF82C303846F6
:107AE0000193BDF828304A46009341465346D5F8E5
:107AF000544DA047002002B0BDE8F0870134DCE718
:107B0000147700202DE9F047104E0746884691462D
:107B100000243546D5F8703D9C4203D36FF01B001E
:107B2000BDE8F087D6F8483D38469847143650B13E
:107B3000142303FB04554A4641463846D5F8583DC0
:107B4000BDE8F04718470134E4E700BF1477002090
:107B50002DE9F0410746884649B1114E00243546CB
:107B6000D5F8703D9C4206D36FF01B0013E09221C4
:107B70007920FCF743FDD6F8483D3846984714363F
:107B800058B1142303FB04553846D5F84C3D9847AB
:107B9000C8F800000020BDE8F0810134E0E700BF34
:107BA00014770020F8B5094C064600252746D7F87B
:107BB000703DAB4201D80020F8BDD4F8483D3046B6
:107BC000984714340028F7D10135F0E714770020E6
:107BD0002DE9F0410E4E074600243546D5F8703D9C
:107BE000A34203D84FF6FF70BDE8F081D6F8483DB8
:107BF00038469847143640B1142303FB04553846E1
:107C0000D5F8503DBDE8F04118470134E6E700BF24
:107C10001477002001481AF0DABA00BF217C020074
:107C200038B503210446FCF705FA00210322054676
:107C300013F0CFF902232B702146BDE838400148EC
:107C400000F02EBA497C020070B503210446FCF70F
:107C5000F1F90378002B3DD14378002B3ED103216D
:107C60002046FCF7E7F943781BB98278344B83F858
:107C70006F23837803F00303012B34D0023B012BE5
:107C80002CD802232E4D0022FE212E4885F86E337B
:107C900000F076FC0021D5F874232A4800F004FB9C
:107CA00095F8B963D6B905F015FF4FF47052D5F8C1
:107CB000743353434FF47A72B3FBF2F36FF0004224
:107CC000C01A90420AD2184605F0E6FE002005F0E0
:107CD0000FFF03E01A4B93F86F2332BB2046BDE839
:107CE0007040FBF7F9BE164D4FF4705685F86E33B1
:107CF00095F8B9333BB14FF47A70D5F874337343C8
:107D0000B3FBF0F0E0E705F0E5FE4FF47A72D5F84A
:107D100074337343B3FBF2F36FF00042C01A904226
:107D2000DCD2184605F0B8FED8E793F86E3321464A
:107D3000BDE87040022B0CBF0348044800F0B0B906
:107D400014770020517D0200F1940200657D02004D
:107D50000146034809B100F0A3B91AF038BA00BFD0
:107D6000657D0200F0B587B0044601F059FA80B392
:107D70001B4E0DF1160096F8C213002596F8787781
:107D8000FAF7B8FF0123CDE9013507F001070097A5
:107D90002B46BDF81620B6F8AC13204619F0DBFCD4
:107DA00002220B21204619F0FCFC96F87033F721D3
:107DB00003704570204619F02CFD2146094800F05B
:107DC0006FF94FF4E7722946074800F06DFA07B0E3
:107DD000F0BD204607B0BDE8F040FBF77DBE00BF18
:107DE00014770020810F0200157C0200FF2808B5DF
:107DF00004D9302141F26410FCF700FC014B83F8F8
:107E0000700308BD14770020014BC3F8740370475A
:107E100014770020074B4FF4705093F87023064BF3
:107E2000064953F8222043F6FF3301FB0233B3FB2C
:107E3000F0F0704714770020D8700400C8140500D3
:107E400038B50446FCF736FA58B90E4B93F8B933F7
:107E500013B9012005F06CFD2046BDE83840FBF762
:107E60003BBE03212046FCF7E5F80021032205462E
:107E700013F0AFF801232B702146BDE838400248CB
:107E800000F00EB914770020497C020070B504465A
:107E90001546FE210022094800F072FB032120460E
:107EA0002E786D78FCF7C6F8002346700370857055
:107EB0002146BDE87040024800F0F2B8157C02008F
:107EC000497C020038B5A0F10802124BD2B2D3406F
:107ED000DB07044604D440F26B217B20FCF78EFBC9
:107EE0000D4D286808B917F0CBFB0022C30E83EABA
:107EF0005063434083EA507383EA907383EAD073FC
:107F0000DB07013243EA5000D3B29C42EED828602E
:107F100038BD00BF010100016087002010B5074C8B
:107F2000236813B917F0ACFB206043F239002368D3
:107F3000034A02FB0300206010BD00BF64870020DD
:107F40006D4EC64138B538B14FF0FF330B4D01448B
:107F5000814206D1D84338BD40F261117B20FCF745
:107F60004DFB10F8012B5340082243F300042C4032
:107F7000013A84EA5303F8D1EAE700BF2083B8ED61
:107F800038B521B94FF4BF717B20FCF737FBC043F4
:107F9000084D0A448A4201D1C04338BD11F8013B63
:107FA0005840082340F300042C40013B84EA500071
:107FB000F8D1EFE72083B8EDF8B521B940F29D1173
:107FC0007B20FCF71BFB00B1C0430024094FA242F9
:107FD00001D8C043F8BD08250B5D43401B06002BAC
:107FE0004FEA4303B8BF7B40013DF8D183EA10203C
:107FF0000134ECE7B71DC10440EA500343EA9303A0
:1080000043EA131343EA132343EA13435A0802F0E3
:1080100055329B1A9A0802F0333203F0333313447B
:10802000064803EB131300EA132003F00F33184440
:1080300000EB104000F03F00013870470F0F0F00B9
:10804000F8B5154607460E46E7F78EFA134B1A6940
:10805000102A04D9E7F782FA6FF01C00F8BDDC683B
:1080600003F1140204EB8404A11817510E7125B911
:108070001A69C2F11102012AECD911211A690132DF
:108080001A61DA680132B2FBF1F101EB0111521A07
:10809000DA60E7F763FA0020E0E700BF147700201A
:1080A0002DE9F0411D4D0F4680461D4EE7F75CFA65
:1080B0002C683268A168914209D3E7F74FFA002390
:1080C0006FF01C024FF423717C201BF028F86268CB
:1080D000144BC2EBC2020C3444F80280A118534383
:1080E00001228F716968580903F01F039A4051F803
:1080F000203023EA020341F820302A68316893686F
:108100000133936053680133B3FBF1F001FB10338B
:108110005360E7F723FA0020BDE8F08114770020D0
:10812000B8050020B76DDBB62DE9F0471F4E8A4633
:10813000904681461E4FE7F717FA35683A68A968F6
:10814000914209D3E7F70AFA00236FF01C0240F2CC
:10815000BE217C201AF0E3FF01226C68154BC4EBB2
:10816000C4040C356343291945F8049081F806A02E
:1081700070685C0903F01F039A4050F824301343E1
:1081800040F824303268A1F80480936839680133DC
:10819000936053680133B3FBF1F001FB103353607C
:1081A000E7F7DCF90020BDE8F08700BF1477002076
:1081B000B8050020B76DDBB6F8B506460F46E7F701
:1081C000D3F91D491D4D0A682B689068984209D360
:1081D000E7F7C4F900236FF01C0240F2F3217C2082
:1081E0001AF09DFF52F80C4BFCB1C4EBC404E31F22
:1081F000D650D0180122124C87715C43486866093A
:1082000050F8263004F01F04A24023EA020340F88D
:1082100026300B689A6801329A601A684AB1013AAE
:108220001A60E7F79BF90020F8BDC3EBC303073BD7
:10823000DEE72A68F3E700BF14770020B8050020C6
:10824000B76DDBB610B4094B094C1A68094B2468AA
:108250001B6892681B1B9A4203D85DF8044BFFF71A
:108260001FBF6FF01C005DF8044B704714770020AF
:10827000B0050020B805002030B4084B084D1C683C
:10828000084B2D681B68A4685B1B9C4202D830BC5D
:10829000FFF74ABF6FF01C0030BC70471477002016
:1082A000B0050020B80500202DE9F84F83468A4626
:1082B000174632B9FFF7F4FE054618B92846BDE85F
:1082C000F88F00259D4C94F87190B9F1FF0F07D1FC
:1082D00000236FF01C024FF472717C201AF01FFF14
:1082E000E26E09EB890609EB460691194B7AFF2BE2
:1082F00006D003EB8300897A03EB40031A449172A2
:1083000094F8713003EB830203EB4203E26E1A44EC
:10831000FF23937294F87130E26E03EB830103EB59
:10832000410313445B7A02EB060884F8713042F88B
:1083300006B088F808A017F0BFF90744C8F8047021
:108340007F4A94F8FC3012680133DBB2033A93425F
:1083500084F8FC3004D994F87020E36EFF2A3ED1F3
:1083600094F87070E26EFF2F40D06FF0004E07EB74
:10837000870007EB400002EB000CD8F804A0DCF803
:108380000430A3EB0A03734537D232445772E36ECD
:108390001844827A33449A7294F8703003EB830263
:1083A00003EB4203E26E1A4482F80A9084F870905C
:1083B00094F87030E46E03EB830203EB42031C4439
:1083C00017F07AF9636883423FF478AF181A6FF0B8
:1083D00000439842BFF472AF00F006FC6EE702EB78
:1083E000820102EB41021A44527AB7E732445772D3
:1083F000E36E334483F80A90D8E7394601EB8103F2
:1084000001EB430313445E68AAEB0606764502D2ED
:10841000597AFF29F2D14B4EA8EB02037343FF298F
:10842000DBB271D001EB810601EB460111448E7A7B
:108430000B21FF2E4FD0FF2B04D140F289317C203D
:10844000FCF7DCF859439CF80A005718B0422BD1CE
:10845000FF227A7294F87020FF2A21D0E06E02EB9E
:10846000820602EB46020244927A0844827294F831
:108470007020E16E02EB820002EB40020A44927A25
:1084800002EB820002EB400211444B7294F8702020
:1084900002EB820102EB4102E16E11448B7287E72D
:1084A000E26E0A4493722CE006EB860006EB400075
:1084B0000244527A7A72E26E0A449672E16E0A18A7
:1084C000527A02EB820602EB460211448B72E26E94
:1084D000024453726CE7FF2B02D140F29231AEE7B7
:1084E00059430A445772E26E1044807A0A449072EB
:1084F00094F8702002EB820102EB4102E16E11441C
:108500008B7284F8703053E7FF2B02D140F29B311D
:1085100095E70B2058430244517294F87020FF2ACB
:1085200009D0E16E02EB820602EB46020A44927A1F
:1085300001448A729BE7E26E0244B3E7147700209D
:10854000B8050020A38B2EBA30B412B930BCFFF7A7
:1085500079BE084B084D93F8FC40084B2D681B680A
:108560005B1B9C4202D830BCFFF79EBE6FF01C0024
:1085700030BC704714770020B0050020B8050020FB
:108580002DE9F84307460AB1002313706FF01B0072
:108590004FF0FF0C404B93F87050FF2D01D1BDE818
:1085A000F883D3F86C8005EB850405EB440408EBF5
:1085B000040658F8048096F809E0474569D1FD297A
:1085C00003D896F80880884563D112B1307A00B19B
:1085D0001070DE6E301990F80A80B8F1FF0F21D0CC
:1085E000407AFF2841D000EB800900EB490030447D
:1085F00080F80A8093F87090DE6EA94506EB0400BF
:1086000090F8098017BF807A83F8708000EB8009AA
:1086100000EB49001CBF361886F80980D86E20444C
:1086200080F80AC0D86E93F8716020444672FF2E1D
:10863000D86E24D006EB860806EB48060644B67AC8
:108640002044867293F8710000EB800400EB440034
:10865000DC6E0444A57293F8FC0083F8715088B96D
:1086600040F204417C20FBF7C9FF93F8700000EB57
:10867000800900EB4900064486F80A80BAE72044E6
:108680008572E8E70138FE2983F8FC004FF000000E
:1086900085D1754681E700BF1477002070B50B26A1
:1086A0000C4C94F87030E56EFF2B02D16FF01B007C
:1086B0000AE07343EC18EB58984208D1237A8B42B6
:1086C00003D100206368136070BDFF29F9D0637A7D
:1086D000EAE700BF147700202DE9F74FB04CDFF830
:1086E000C4820020F9F7E8F91AF079F900F098F956
:1086F0000546002840F0E880E6F736FF2F464FF0A9
:10870000030B23689A68002A4AD053F80C6B606800
:108710004FEA561C50F82C00C6EBC6015A180090C0
:1087200053F801A0938892F80690019300F078F92D
:10873000002835D1E6F712FFE7F772FA08B36FBBEE
:10874000E6F712FF2268D8F80010936806F01F06BB
:10875000013B936013680133B3FBF1F001FB10336D
:108760001360E6F7FBFE009BF3401E46F30740F163
:10877000A88048460199D0470127E6F7F5FE3D4617
:10878000BFE7FCF781F90028D9D1FBF70BFE0028E1
:10879000D5D0FBF70DFE0028D1D1D0E7E6F7E4FEF7
:1087A000E6F7DCFE00F042F920B1D4F80031002BEE
:1087B00000F0B78094F870A0D4F86C900AEB8A02AD
:1087C0000AEB420616F078FFBAF1FF0F09EB060735
:1087D00000F0A780002F00F0A4807B68C01A6FF023
:1087E0000043984280F09D8059F8061094F870601C
:1087F000387AFF2E35B21DD0E76E05EB850205EB0A
:1088000042023A44537AFF2B60D194F8703003EB64
:10881000830203EB4203E26E1A44FF23937294F83F
:10882000703003EB830203EB4203E26E1A44537A87
:1088300084F87030884794F8FC30002B61D0013BFD
:10884000FF2E84F8FC3061D005EB8503E26E05EB6A
:10885000430594F871302A44FF2B53723ED1E36EE6
:108860002B449E7284F8716000F0E0F8002850D12B
:10887000E6F77AFE94F87050E6F770FEFF2D4DD0C3
:10888000012516F019FF94F87030024603EB8301BE
:1088900003EB4103E16E19444B686FF00041181A75
:1088A000884228BFD01A00F09FF9002D7FF419AF3D
:1088B00000F0B6F8002846D003B0BDE8F04F00F055
:1088C000B5B84846D04757E700256BE703EB830C64
:1088D000927A03EB4C031F44BA7296E7E26E03EB05
:1088E000830103EB410313449B7A2A44937294F867
:1088F000713003EB830203EB4203E26E1A4496727B
:10890000B0E740F231117C20FBF778FE4FF49A710A
:10891000F9E7D4F80031002BAAD1E2E600F05AF9C9
:10892000DFE600F083F818B1D4F80031002BBCD09A
:10893000E6F71AFE94F87060E6F710FEFF2EA0D15D
:1089400000F048F9B1E71AF04AF8064600F06EF870
:1089500018BB023621D1E6F707FE23689B6823B1D6
:1089600003B0BDE8F04FE6F7F9BDE6F7F7FD00F01C
:10897000A1F8012384F88C3FD4F8983F064683423F
:108980000BD284F88C5F16F097FEC4F8900F304637
:1089900003B0BDE8F04F00F0B7B803B0BDE8F08F0A
:1089A00014770020B8050020F8B54FF6FF730021BA
:1089B0000B26194AA2F87030184B1D688D42CCB2B4
:1089C00000D8F8BDFF2903D128217D20FBF716FE32
:1089D00006FB01F792F87130D06EFF2B38444372DA
:1089E00015D0D06E03EB830C03EB4C0303449B7A4E
:1089F0003844837292F8713003EB830003EB400339
:108A0000D06E1844847282F871400131D6E7D36E7B
:108A10003B449C72F7E700BF14770020B8050020A4
:108A2000014B93F8FD00704714770020034B93F837
:108A3000FE0008B993F8FD00704700BF14770020CE
:108A4000F8B5124E0446D6F82831052B09D8002077
:108A5000054606F58877D6F82831AB420FD928B1FC
:108A6000F8BD3E2140F2BB40FBF7C8FD57F8043F7C
:108A70000BB94521F6E7204698470135EBE700287A
:108A8000EED12046DCF73CFDEAE700BF147700207A
:108A9000142310B5064CC4F8983F012384F88C3F8A
:108AA00016F00AFEC4F8900FBDE8104000F08CB834
:108AB0001477002010B5134C23689B68E3B994F831
:108AC0007030FF2B1AD016F0F7FD6FF0004194F8CC
:108AD000703003EB830203EB4203E26E13445A68E7
:108AE000131A8B4200D3831A4FF470524FF47A70EA
:108AF0005343B3FBF0F010BD0023F5E74FF42373AD
:108B0000F2E700BF1477002038B5054619F057FB8F
:108B1000044658B104231621002219F0B5FF056060
:108B20002146BDE838400248FFF7BABA38BD00BF59
:108B3000418A02002DE9F84316F0D8FD204F064681
:108B4000BC6816F0B9FD0546FFF7B4FFDFF8749076
:108B50008046D9F8983F83422FD200F03BF8404638
:108B6000E7F7C6F9431C16BF0123002089F88C3FA4
:108B70007B684FF4705103444FF47A7000FB03F2AA
:108B8000B2FBF1F25143B1FBF0F15B1A102B7B60A9
:108B900003D992212C20FBF731FD56B17B7B13B119
:108BA0003B6813443B60601B904202D9801A00F07E
:108BB0001BF8BDE8F84316F072BDBDE8F88300BFAE
:108BC0004C870020147700200122014B5A73704714
:108BD0004C870020034B5A7B1AB100221A7316F0FF
:108BE00083BD70474C87002070B5054616F064FDC4
:108BF000104C0646637B05440BB1E6F7B5FC237BBE
:108C0000A2683BB16FF00043511B994202D3B61AE0
:108C10009E4202D20123A5602373637B0BB1E6F76A
:108C20009DFC16F063FD18B9BDE8704016F05DBDFF
:108C300070BD00BF4C870020332808B505D940F22D
:108C4000192140F6C250FBF7D9FC014B185C08BD56
:108C50008FA30400054B0344332800D9704713F851
:108C6000012B8A42FAD00130C0B2F5E78FA304008D
:108C7000332808B505D940F2352140F6C250FBF73C
:108C8000BDFC014B185C08BD5BA3040010B5204B74
:108C900090B08DF8031093F85113019011F0040176
:108CA00033D128B940F26F2140F6C250FBF7A6FC41
:108CB000342203A812F08DF96FF01B049DF80330E5
:108CC00013B9204610B010BD0222019902A812F07B
:108CD00075F90DF1030101A819F0A0FF044688B948
:108CE0009DF80810FFF7B6FF3428E7D000F14003E5
:108CF0006B4413F8342C1AB9012203F8342CDDE745
:108D00002828DBD06FF02904DBE76FF01B04D8E7DD
:108D10001477002008B52A2119F0EEFE28B1BDE82D
:108D200008400222014912F049B908BDBC7A00206E
:108D3000014B5868704700BF0C080020014B1872A7
:108D4000704700BF0C080020014BD860704700BF7F
:108D50000C080020024A137843F002031370704796
:108D60000C080020024A137823F0020313707047A6
:108D70000C08002008B54FF4E1311BF08CFF074BC5
:108D80001875013005D140F29F1140F23960FBF7B0
:108D900035FC01229A70002008BD00BF0C0800209D
:108DA00038B50C4C0346A0690D4638B10A46194641
:108DB00012F004F9A3692B44A36138BD6278002A3C
:108DC000FBD10A4694F914001946BDE838401BF05F
:108DD00067BF00BF0C08002030B4074C0A46257856
:108DE000ED0702D530BCFFF7DBBF014694F9140054
:108DF00030BC1BF055BF00BF0C080020024A13789E
:108E000043F00403137070470C080020024A1378E3
:108E100023F00403137070470C080020024B1878ED
:108E2000C0F38000704700BF0C0800202DE9F34715
:108E30001E461E4B90469B7881460F469DF8285053
:108E40009DF82C207BB3FFF7E9FF60B3B41D0C4401
:108E500045EAC21516F030FCDE23DFF854A0A4B2B8
:108E60008AF80030AD230222019001A9EDB2023C44
:108E70000AF104008AF801308AF802408AF80350A7
:108E800012F09CF850460621FFF7A6FF39464846E7
:108E9000FFF7A2FF31464046FFF79EFF02B0BDE854
:108EA000F04716F001BC02B0BDE8F0870C080020C6
:108EB00036A00020014B83F8B903704714770020D7
:108EC000034B93F8B903003818BF0120704700BF67
:108ED00014770020014BB3F8AE03704714770020DD
:108EE00001460822014812F069B800BFC47A002088
:108EF0000822014912F062B8C47A00200822014910
:108F000012F05CB8DC790020034B93F8BC231344C7
:108F100093F8BA03704700BF14770020034B93F80F
:108F2000BC23134493F8BB03704700BF14770020A1
:108F3000034B93F8452560F3C30283F8452570473A
:108F400014770020014B83F8CC0970471477002078
:108F5000014B83F8CD097047147700200123044AA0
:108F6000834092F8CD09184382F8CD09704700BFBD
:108F700014770020F8B50646B0FA80F0144C40098A
:108F800094F845350D4660F300030846174684F80B
:108F9000453584F8D06219F0CDFA012804D029466D
:108FA00004F5A96019F08FF984F8107A3EB902200F
:108FB000FFF7D4FFBDE8F8400120FFF7CFBF022E36
:108FC00004D1BDE8F8400120F6F778BDF8BD00BF38
:108FD00014770020014B93F8CC09704714770020D8
:108FE000014B93F8CD097047147700200021014808
:108FF000FFF756B8B1950200034B93F8D02560F304
:10900000451283F8D025704714770020024B93F85F
:10901000E105C0F3001070471477002008220149D1
:1090200011F0CCBF607C0020014BB3F8AC0370475B
:1090300014770020034B93F8E22560F3000283F8D5
:10904000E225704714770020002110B50446074A36
:10905000084692F8403543F0010382F84035E3F7C3
:10906000A5FA2046BDE8104001F0B6BD14770020F7
:1090700010B5014604460022044819F0DBF820B17F
:109080002046BDE81040FAF727BD10BD91900200C0
:1090900073B5CDB2044604212846FAF7CBFF037816
:1090A0000646112B02D10E2002F016FA2946204660
:1090B000FAF74CFF04212846FAF7BCFF04220146C8
:1090C0000DEB020011F07AFF042300223421284620
:1090D00019F0DAFC04220DEB020111F06FFF2946B2
:1090E0001248FEF7DDFF3378092B17D1104D95F8A4
:1090F00041380133DBB20B2B85F841380ED9012101
:109100002046FAF797FF0223214603700948FEF72D
:10911000C7FF002385F8413802B070BD002CFBD09A
:10912000204602B0BDE87040FAF7D6BC418A020082
:109130001477002031AB020038B50446002119F045
:109140005AFC2046FBF7B6F80D4D28B995F8143AAD
:1091500013B1032385F81C3A2CB940F23A2140F6AA
:109160002B00FBF74BFA00F089FE95F88437204678
:109170006FF3000385F88437BDE83840FFF760BC23
:109180001477002010B5044620B9BDE81040074808
:1091900019F01DB8064B93F8B90308B904F0C4FCE4
:1091A0002146BDE810400348FEF77ABF85910200D2
:1091B0001477002001AD02000A2370B50025174C7A
:1091C000FF2684F8B43794F8393884F8AC5843F063
:1091D000020384F8393884F8D25804F00DFD01F008
:1091E000E5FC3C2384F8AA6884F8A938EFF736FA3E
:1091F0007022294604F2B67011F0EBFE0135102DF5
:1092000084F8BA6704F10704F8D105F01FFE0120C5
:1092100006F020FCBDE8704002F0FAB91477002097
:10922000024B93F8D80500F0010070471477002036
:10923000024B93F8780700F0010070471477002084
:10924000114938B5082201F5D27011F090FE0221C3
:1092500005460E4805F03AF90446EFF7B5FA14282A
:1092600004D91CB1EFF7B0FA012038BDEFF7ACFA22
:109270000446002DF8D0EFF76BFA0028F4D1142C37
:109280008CBF00200120F0E7C47A0020687C002019
:1092900008B5EFF75DFA28B9034B93F8E105C0F381
:1092A000800008BD0020FCE71477002010B528B12D
:1092B00040F2CA2140F62B00FBF7A0F90A4B93F8C5
:1092C000784714F001040DD10322FE2183F81C2AF3
:1092D00006482246FFF754F92146BDE810400348EE
:1092E000FEF7DEBE10BD00BF14770020859102009E
:1092F000F8B50E461D210546FAF79CFE04462EB928
:1093000040F2373140F62B00FBF778F90C21284664
:10931000FAF796FC07461D220021204611F059FE5F
:10932000314638460C2211F049FE6FF002032370DB
:109330004FF0FF3363700223E3731323A372002300
:10934000E3722946BDE8F8400148FEF7A9BE00BF18
:1093500019A00100F8B50546FAF712FC15210446DC
:109360002846FAF767FE06462846FAF709FC17F082
:1093700045FF30B1284617F070FF2846FAF700FC89
:109380000446237803F00302022A06D0012A07D1FB
:1093900013F00C0F04D15A0602D5307DF9F76AFD9F
:1093A000237803F00302012A01D00020F8BD9B06B8
:1093B00004F1020703D5A07818F0BAF807443B7807
:1093C0000F2B0BD1084B93F88B27AA4206D1002212
:1093D00083F88B27D6F80F0004F0A4FE002DE4D10B
:1093E0006FF00200E2E700BF14770020F7B5152107
:1093F0000446FAF71FFE0546007DFAF745FA40B12C
:10940000287DF9F7ADFCEB7C1BB110B1287DF9F795
:1094100031FD314D95F88737A34208D121462F48B9
:10942000FEF73EFE002385F8873703B0F0BD95F8C0
:109430008937A34217D100270921204685F889776B
:10944000FAF7F8FD39460646082211F0C2FD21461A
:1094500095F885342248C3F30003337203B0BDE8A6
:10946000F040FEF71DBE95F88A37A34208D10023CD
:109470001C4885F88A3718F0AAFE21461A48EDE7FD
:1094800095F88C37A3421AD115212046FAF7D2FD60
:1094900000228DF80720827B0DF10701032A0AD1F3
:1094A00018F061FE00239DF80710104885F88C37EE
:1094B000FEF7F6FDB9E7008818F040FEF2E7204617
:1094C000FAF75EFB17F09AFE0028D6D12046FFF788
:1094D00041FF0028D1D0A8E71477002091AE020008
:1094E000B117020029F202004500030041B5010056
:1094F00010B504210446FAF79DFD0C22074B2146C6
:1095000083F841280922027093F8C233A0F8013091
:10951000BDE810400248FEF7C3BD00BF147700202D
:109520007190020010B5084C0146D4F8900928B992
:1095300040F2615140F62B00FBF760F8FEF7B0FDFA
:109540000023C4F8903910BD1477002010B5064BE5
:10955000D3F88C392BB940F2765140F62B00FBF74B
:109560004DF8BDE8104018471477002070B50E463E
:10957000012114460546FAF75DFD294606700A48A2
:10958000FEF78EFD094BD3F890292AB140F28551A0
:1095900040F62B00FBF732F814B940F28651F7E79A
:1095A000C3F8904970BD00BF2D1902001477002048
:1095B00010B528B14FF4E87140F62B00FBF71EF808
:1095C0000D4BD3F88C2912B90C4AC3F88C2993F8A7
:1095D000144A24B12046BDE8104001F00FBB18F03A
:1095E000EEFD10B940F2EB11E6E72146BDE8104070
:1095F000034AFFF7BBBF00BF147700204990020069
:10960000311B020038B5CCB2FF2C054605D140F223
:109610009E6140F62B00FAF7F1FF0A230022422157
:1096200019F032FA224600F10801F9F7E5FA294665
:10963000BDE838400148FEF733BD00BF418A020053
:1096400008B519F09BFDBDE80840014818F0BFBD02
:1096500055960200002310B5044601211A4619F060
:1096600013FA2146BDE810400148FEF719BD00BFBE
:10967000418A02000222034B034883F8102918F0A4
:10968000A6BD00BF14770020D19C02001FB50F4B70
:10969000FF2193F8B923FF2A04BF012283F8B923DD
:1096A00093F8402542F0200283F8402593F8B9331F
:1096B00052228DF80F30064B0193012300930DF1D8
:1096C0000F03F8F741FA05B05DF804FB14770020AA
:1096D000B9970200F8B514210746FAF7ABFC14223B
:1096E0000021044611F075FCFAF7E2FF2E4D064604
:1096F00008B995F89C6708222C49204611F05EFCB9
:109700002B4904F1080018F0DEFD95F8B9333BB998
:1097100095F84E38190744BF23F0080385F84E38F2
:1097200095F84E382046237395F8752F920644BF5E
:1097300083F002032373FAF7CBFF237B63F07F03ED
:1097400023730223637395F8A037A3730123DEB15B
:10975000E3732374002385F8E833E0220021D5F871
:10976000D40911F036FCFF22D5F8D43939465A70A5
:10977000D5F8D4290F48937843F002039370BDE8DD
:10978000F8400522FEF790BDE673237485F8E833B0
:10979000FAF796FF0028E0D195F8783766F30003D2
:1097A00085F87837D9E700BF14770020A87E00201D
:1097B000A47E002061F8010038B50546FAF7E0F90B
:1097C000027822B140F2BF210920FAF717FF1E4CA0
:1097D00094F8403562F3451384F8403594F87837AF
:1097E000DB0702D594F8E8333BB394F87837284682
:1097F0006FF3000384F87837FAF76EF94FF47A7153
:1098000043F6FF33B4F8F825104801FB02334FF458
:1098100070520021B3FBF2F2FEF746FD002384F8FC
:10982000B53794F8B9436CB904F0A0F92146BDE806
:10983000384021220648FEF737BD29460548FEF785
:109840002FFCEBE738BD00BF1477002085910200A4
:10985000F1980200359E0200074B014693F8492417
:10986000D20603D507220548FEF71EBD93F8141A49
:109870000348FEF715BC00BF14770020599802007A
:10988000FDAB020070B5044620B9BDE87040154834
:1098900018F09DBC0C21FAF7CDFB134E0546D6F807
:1098A000343ACBB19847D6F8303AC3B19847002341
:1098B0004FF47A71AB6043F6FF332871B6F81E2A75
:1098C0000A4801FB02334FF470522146BDE8704054
:1098D000B3FBF2F2FEF7E8BCEEF77CFFE3E705200E
:1098E000E5E700BF85980200147700209DE00100A5
:1098F00008B5002004F0FCF80A4B93F87827D2074B
:1099000004D4BDE80840012004F012B893F8793976
:10991000DB0705D5BDE8084000210348FEF7C0BBC2
:1099200008BD00BF14770020653C04002DE9F74313
:10993000284C074694F8140AFAF722F9D4F8185A72
:109940000646AD000535142100EB05093846FAF747
:1099500071FB04461422002111F03BFB705D694647
:1099600000F07F00F8F7F2FF08226946204611F068
:1099700025FBFFF7A5FA18B1237B43F00C032373F3
:10998000237B04F1080863F07F034046237318F03B
:10999000D9FD99F8012099F80230705D02F00F01AD
:1099A00003F007031B01490041EAD01143EA1212F8
:1099B000404618F064FD18B16B210920FAF71EFE2D
:1099C0000123394623740448FEF76AFB03B0BDE85F
:1099D000F08300BF1477002061F801002DE9F84FF3
:1099E0000023684D0446D5F8246AC5F8243AFAF7EE
:1099F000C7F8D0F800900746B9F1000F07D195F8E5
:109A0000140AB8B985F8144A0446C5F8180AD7F8F4
:109A1000008018F1490F7ED141462046FAF760FCDC
:109A2000002E00F0A680424621463046BDE8F84FA1
:109A300019F0B6BBFAF7A4F800F105084246CE4685
:109A4000791D03799E454AD3002290F80490B9F11C
:109A50001B0FDCD83B799342D9D9C646002343E09B
:109A600013789CF800A083EA0A035B062CD1937854
:109A70009CF802B0C3F3001ACBF3001B4AEA0B0AAE
:109A80006AF3041393709CF802B0C3F3401ACBF34B
:109A9000401B4AEA0B0A6AF3451393709CF802B024
:109AA000C3F3801ACBF3801B4AEA0B0A6AF38613CE
:109AB00093709CF802B0C3F3C00ACBF3C00B4AEA20
:109AC0000B0A6AF3C303937009F101090CF1040C4A
:109AD0003B794B45C4D80EF1010E0432B1E78C46F8
:109AE0004FF00009F4E701334B450BD21EF804CBCD
:109AF00091F800A08CEA0A0C1CF07F0FF3D1013220
:109B00000431A2E7FBD1D1F800C048F823C00379A3
:109B100001330371F3E795F81D3A73B1013BDBB2F2
:109B200085F81D3A4BB13B793BB92046FAF7DEF890
:109B30002046BDE8F84FFFF7A5BE95F8141A91B17D
:109B400066B10022304619F02BFB002385F8143A49
:109B5000ACB12046BDE8F84FF9F7BEBF31460A4820
:109B6000FEF79EFAF4E70EB13A685DE72046FAF791
:109B7000BDF82146BDE8F84F0448FEF791BABDE8AC
:109B8000F88F00BF14770020FDAB020055AB020038
:109B900010B5084C034694F8140A10B10BB1F9F74C
:109BA0009BFF002384F8143AC4F8183A84F81C3A4E
:109BB00010BD00BF1477002037B54FF6FF751B4C62
:109BC000A4F89E57FFF72CFBF0B194F8C213FF29BD
:109BD0000FD004F29E70F9F78DF894F8C203F7F7EE
:109BE000E9FB20B140F2C7110920FAF707FD84F81C
:109BF000C253B4F8AC030DF1070118F09FFA18B97D
:109C00009DF80700F9F736F9002094F8843743F0FF
:109C1000010384F8843794F8D8356FF3000384F88F
:109C2000D83503B0BDE8304003F07EBF1477002084
:109C30002DE9F04385B00646884617469946FAF75F
:109C40003FFD1F4C054688B9FFF7B6FF4FF6FF7082
:109C5000F2F77EFD94F8843743F0010384F88437EB
:109C600094F8D83565F3000384F8D83508224146C6
:109C7000144884F89C9711F0A1F93946124818F05D
:109C800022FB9DF83030304684F8A03794F8B93381
:109C90005222FF2B04BF012384F8B93394F8B9335F
:109CA000FF218DF80F30094B0193012300930DF133
:109CB0000F03F7F749FF002005B0BDE8F08300BFB0
:109CC00014770020A87E0020A47E0020D5960200F4
:109CD00073B51C4C054694F8106A6EB1012E06D17E
:109CE0003146FAF7A7F90670284600F021FF032352
:109CF00084F8103902B070BD94F813398BB104F6B2
:109D0000181104F5A96018F0DEFA94F81C390E4A0F
:109D10000093284694F81239A2F52071FFF788FFC6
:109D2000E5E7012294F8BC33234493F8BB1393F87E
:109D3000BA338A4003B1163B04EB8303C3F84825CA
:109D4000E3E700BF147700205C7C002010B50446D8
:109D5000F9F716FF084BD3F8243A1BB903680BB187
:109D6000F7F7ECFB204617F064FC20B92046BDE86D
:109D70001040FFF733BE10BD1477002013B50F213C
:109D80000446FAF757F90368D3B9F7F7A9F94FF67C
:109D9000FF73984204D140F233310920FAF72EFCC8
:109DA00001A917F087FD10B140F23A31F5E70848F4
:109DB00018F00DFA21460748FEF772F902B010BDFF
:109DC0002146054802B0BDE81040FEF769B900BF62
:109DD000391202008D960200DDAC02001FB5044668
:109DE00001F09CFA022210498DF804000DF10500E3
:109DF00011F0E4F808220D490DF1070011F0DEF82A
:109E00000B4A92F8493492F8B92303F080038DF895
:109E10000F301AB143F00C038DF80F30204601A922
:109E2000FFF766FA04B010BDC07A0020C47A0020A3
:109E300014770020002210B5114604460C48FEF7A6
:109E40009FFB0120FFF7A4FE0A48F8F7EFFDFAF7A1
:109E500037FC20B12046BDE81040F9F73DBE064B67
:109E6000204683F88747BDE81040FFF7B7BF00BF23
:109E700085910200DC7900201477002010B5064C93
:109E800094F810393BB10022FF210448FEF778FB1B
:109E9000042384F8103910BD147700207596020051
:109EA000034B93F81009003818BF0120704700BF1A
:109EB0001477002070B50646FFF7EAF91E4D28B169
:109EC00095F8E0356FF3030385F8E035002495F845
:109ED000D8356FF3000385F8D835F3F727F9224614
:109EE000FE21164885F87E45FEF74AFBF3F7EAFDAA
:109EF00001F05EF921463046114AFFF737FBE2F7E1
:109F00009DF8D0F8AC3033B1E2F798F843681D788B
:109F1000E3B29D4200D870BDE2F790F8D0F8AC6093
:109F2000E2F78CF84368D3F8013053F82430013459
:109F30001878B047ECE700BF147700208591020045
:109F4000A1AD020038B509210446FAF773F80822DA
:109F50000B49054611F00BF868B90A4B93F8B93371
:109F60000BB903F0E1FD01F023F92046297ABDE8A1
:109F70003840F6F779B92046BDE83840F9F7ACBD6E
:109F800053A304001477002013B5044631B10146F1
:109F90000F4802B0BDE81040FEF782B801460DF14F
:109FA0000600F8F7A7FEBDF80600F2F7D1FB204641
:109FB00019F012FF2046F7F7FDF9064B93F8C2237C
:109FC000A24204BFFF2283F8C22302B010BD00BF2B
:109FD00029FE010014770020F0B5092185B005465F
:109FE000FAF728F804460822064614F8017B0DEB20
:109FF0000200214610F0E2FF3378C82B01D0C22BBB
:10A0000025D1204617F098FC00F0FB04012C21D14B
:10A010003378C82B20D100263946284603F0DEF9D4
:10A0200040B9E6B1164B284693F8851401F00101BA
:10A03000F6F71AF90DF1070102A818F094F820B903
:10A040001CB19DF80700F5F7EFFE05B0F0BD002448
:10A050000126E1E70024DEE700273E46DCE70DF1BC
:10A06000070102A818F07FF820B91CB19DF807007D
:10A07000F5F7DAFE002DE8D02846F9F72DFDE4E7E4
:10A080001477002038B500220D4601230321044631
:10A0900018F0FAFC05702146BDE838400148FDF78C
:10A0A000FFBF00BF418A0200F0B508220E4685B00E
:10A0B00028210546E6F71EF8044628B12A4807F08D
:10A0C000A9FB204605B0F0BD042229460DEB020095
:10A0D00010F074FF019819F03BF83022082128464F
:10A0E000E6F708F804460028E8D1082229460DEBD7
:10A0F000020010F063FF08221C490DEB020010F073
:10A1000036FF10B102A8FEF7EBFE174807F082FBFE
:10A110004FF4A37201213046E5F7ECFF0446002816
:10A12000CFD13678124B06F00306995D40F2471204
:10A130008F1C39462846E5F7DDFF00230446691EDB
:10A140000A4611F8010F0232521B0344BA429BB275
:10A15000F6D3002CB5D1002BB3D02946304606F0FB
:10A1600017FC0446ADE700BFAD32040053A3040062
:10A17000D7A304002DE9F0472A4B81461B7888B00D
:10A180003BB9E5F77FFF38B94FF0FF3008B0BDE8C5
:10A19000F087E5F777FFF7E708214846E5F792FFF4
:10A1A00080460028F0D14FF0040A0446B9F8045064
:10A1B000043D2DB2002D16DCD9F80000001B18BF9D
:10A1C0004FF0FF30E2E7022B05D1324669462046C8
:10A1D000FDF7D6FE23E0032BF7D0042BF5D0712139
:10A1E0000B20FAF70BFAB8F1000FE5D1202D2E461F
:10A1F000A8BF2026B7B2524639466846E5F77AFF2F
:10A20000B9F80630ED1BBA44012B80462DB21FFA77
:10A210008AFAD8D13A4669462046FDF7CDFE044673
:10A22000C8E700BF3CA00020F0B597B0F9F7DEFB0F
:10A230000023054602A8ADF80230FFF79BFF044655
:10A24000002866D1BDF80E60012E52D101460E22C3
:10A25000069007A810F0BDFE0822042106A801946C
:10A26000E5F748FFE0B9042206A90DEB020010F063
:10A27000A5FE019818F06CFF0C22082106A8E5F74E
:10A2800039FF68B9082206A904A810F097FE082231
:10A29000824904A810F06BFE10B104A8FEF720FE5E
:10A2A0007F4807F0B7FA2422122106A8E5F722FF1B
:10A2B00078BB06AB13F8012B002A40F0EA8001308E
:10A2C0001228F7D1BDF80260BDF80C40A41BA4B25F
:10A2D000802C1ED8002217212846E3B218F0D4FBA8
:10A2E000002C40F0CE8029466E48FDF7D9FE17B00D
:10A2F000F0BD022E7DD1BE238DF80100082214216D
:10A3000006A8ADF80230E5F7F5FE50B1664807F053
:10A3100081FA00234FF0FF321721284618F0B4FBD2
:10A32000E1E7042206A90DEB020010F047FE0198B8
:10A3300018F00EFF1C22082106A8E5F7DBFE002816
:10A34000E4D1082206A904A810F038FE08225349D7
:10A3500004A810F00CFE10B104A8FEF7C1FD52488D
:10A3600007F058FA0121AB220DEB0100E5F7C2FE20
:10A3700004460028CDD19DF801604C4B06F0030641
:10A38000995DAC228F1C394606A8E5F7B3FE23463B
:10A39000224606A911F8014B013322449F4292B292
:10A3A000F8D80028B5D12AB1304606A906F0F0FA4F
:10A3B0000028AED19DF90130002B83DAC023BE22E4
:10A3C000022104A8ADF80230E5F794FE0028A0D1E0
:10A3D000BDF81020D10744BF40F21B13ADF8023086
:10A3E0009207BDF802307FF56DAF9333ADF80230C0
:10A3F00068E7032E19D140F259148DF8100004A912
:10A4000006A8ADF80240FFF74FFE002881D19DF964
:10A410001030002BBFF656AF21460DF1020018F0A8
:10A42000DBFE00283FF44EAF73E7042E7FF471AFDC
:10A4300040F25D138DF8100004A906A8ADF80230B3
:10A44000FFF732FE00287FF464AF9DF810305B0602
:10A450000FD540F25912314606A8E5F74BFE002809
:10A460007FF457AF304606A906F092FA00287FF431
:10A4700050AF9DF91030002BBFF624AF40F25D11B4
:10A48000CBE732462146E5F735FE00287FF441AFA1
:10A4900029E706A9032006F07BFAC2E753A30400CC
:10A4A0000D320400418A020053320400D7A3040095
:10A4B0002DE9F04F2625002406469846DFF870A0C7
:10A4C00085B005FB00A5CDE900129DF838B085F8F0
:10A4D000D048019B9C4228D2009B002703EB4409F3
:10A4E00007E00222484608EB470110F040FD18B192
:10A4F00001375F45F5D316E0022249460DF10E0003
:10A5000010F05CFD132095F8D028511C00FB0622AA
:10A51000C9B2BDF80E000AEB42020E2985F8D01828
:10A52000A2F8B208E4D90134D3E705B0BDE8F08F52
:10A53000147700202DE9F04706460D46F9F720FB79
:10A54000077880463046F9F7B5FE10F11C0F4FEA48
:10A55000571727D010F11B0F20DA154B984223D044
:10A560000A33984222D03046F9F7A4FEC4B2022141
:10A570003046B8F8019098F81780F9F761FB80F839
:10A5800000804470C5F5004022304A46314607F04D
:10A59000010380B2BDE8F04700F0D8BD2828E2D121
:10A5A0008D24E4E78424E2E78C24E0E78824DEE7D6
:10A5B00052FBFFFF2DE9F74F06460D464FF0260BE5
:10A5C0001F4601929DF83080F9F790FB1821304624
:10A5D000F9F730FDDFF86C9004460BFB059A014655
:10A5E000BAF8AE08F8F708FE38BB9AF8B03801356B
:10A5F0002372032305F001050BFB0595019A2373D4
:10A600006281B5F8AE0804F10D01F8F7F5FDA0B9C7
:10A6100095F8B03839466375BAF8AE383046E382FB
:10A62000B8F1000F04D003B0BDE8F04F18F0B1BE90
:10A6300003B0BDE8F04F18F0AFBEFF2003B0BDE897
:10A64000F08F00BF1477002037B5164B262293F801
:10A65000D0181325B1FA81F1490902FB013292F8B1
:10A66000D02883F8F81805FB012203EB42020023EF
:10A670000093B2F8B0280C4B0446FFF79BFFFF286D
:10A6800005460DD102212046F9F7DAFA8A23214640
:10A6900005704370044803B0BDE83040FDF700BDCD
:10A6A00003B030BD147700202DA70200F7B5262592
:10A6B0001D4C8C4694F8F818134605FB014292F89D
:10A6C000D0680746AEB90131CDB2012D84F8F858F3
:10A6D00006D10146184603B0BDE8F040FDF7E0BCE6
:10A6E00084F8AC6884F8D26803B0BDE8F040F9F7AC
:10A6F000F3B9132202FB0166CDF800C004EB460655
:10A70000B6F8B028FFF756FFFF2801D13846EBE72F
:10A7100094F8F83805FB034494F8D038013B84F8EA
:10A72000D03803B0F0BD00BF1477002010B5044648
:10A73000F9F726FA4378882B11D02621094B93F894
:10A74000F82801FB0233002193F8D028013A83F85E
:10A75000D028054A2046BDE81040FFF7A7BF0121D9
:10A76000024AF7E7147700207DA7020071A70200D4
:10A770000121014AFFF79ABF71A702000021014A97
:10A78000FFF794BF7DA702002DE9F04F0E4689B078
:10A7900020210446F9F74EFC20220146684610F0BD
:10A7A0000DFC20469DF80080BDF80170F9F7E8F92E
:10A7B0004FF6F773BDF8032082469A4290F8009056
:10A7C00004D89DF8003013F00C0F05D02046F9F79F
:10A7D00083F909B0BDE8F08F037B012B03D0032B75
:10A7E000F4D1152500E00F252046F9F7E3F9A8423A
:10A7F000ECD31C212046F9F71DFC054608220AF17E
:10A80000010110F0DBFB9AF8093002222B720AF1E9
:10A810000A0105F10A0010F0D1FB9AF80C300AF198
:10A820000D0B012B2B7312D10222594605F10D009D
:10A8300010F0C4FB08222946204810F098FB2B7A20
:10A84000013BDBB278B9FD2B23D982250FE0032B26
:10A85000F0D10822594605F10D0010F0AFFB9AF82F
:10A8600015306B75E6E7FE2B34BF84258225022167
:10A870002046F9F7E5F980F800904570C6F50040EC
:10A8800022303A462146C8F3401380B200F05EFC05
:10A890009FE720212046F9F7D3F92022694610F0DE
:10A8A0008DFB2EB1064B2046AB61EEF757F890E7D3
:10A8B000044B2046AB61EEF7FBF98AE7C47A00202F
:10A8C0008D330400873304002DE9F3470446F9F77C
:10A8D00057F906462046F9F76DF90F2805D82046A6
:10A8E00002B0BDE8F047F9F7F7B810230225B77BAF
:10A8F000204615FB0737F9F75DF9B842EFD3B37B74
:10A9000006F10108073318F81330204615FB0375CC
:10A91000F9F750F9A842E2D3F37A013BDBB2EF2B0F
:10A9200006D98221204602B0BDE8F04718F08BBD61
:10A93000414D95F8AC7887B995F8A928214602EBE6
:10A94000421252003D4885F8AC48FDF7ADFC204668
:10A9500002B0BDE8F047F5F753BC95F8D2280AB12C
:10A960008521DFE7FE213548FDF70AFE3846F9F775
:10A9700007F9B2898189074691420BD04FF6FF73E0
:10A98000994207D09A4205D08621204618F05BFDF7
:10A99000862145E0BB7BB07B5B000F33F918FA5C86
:10A9A00000F10709009006F10F0300200131FFF7C5
:10A9B0007FFD18F8193008EB490ABA7B0120009393
:10A9C00007F10F010AF10103FFF772FD95F8D03886
:10A9D00095F8F6281343D7D00222791C184810F0B6
:10A9E000EDFAFB7A02224146164885F8B03810F09D
:10A9F000E5FAF37A144885F8D63885F8D24817F086
:10AA0000E6FB064638B90146204618F01CFD3146E3
:10AA100095F8AC0887E78A21204618F014FD8A21B2
:10AA200095F8AC0818F00FFD002385F8AC3885F8D0
:10AA3000D23802B0BDE8F087147700204DAA02009A
:10AA4000C27F0020E87F002049A602000022044BBC
:10AA5000852183F8AC2883F8D22818F0F4BC00BF15
:10AA60001477002073B5164E044696F83938DA0785
:10AA700007D501464222134802B0BDE87040FDF7F9
:10AA800013BC43F001030C2186F83938F9F7D2FAE8
:10AA900005460822011D684610F090FA2B6808212F
:10AAA0002046C6F8B038F9F7C5FA0822694610F012
:10AAB00085FA21460448FDF7F3FA02B070BD00BFE5
:10AAC0001477002065AA0200A9E10100084A0146A6
:10AAD00092F8393813F0010F07D06FF30003D2F862
:10AAE000B00882F83938FDF7DBBAF8F7F5BF00BFD8
:10AAF00014770020002310B504461A4617F0C4FF4F
:10AB00002146BDE810400148FDF7CABA399102005C
:10AB1000002310B5044638211A4617F0B5FF214628
:10AB2000BDE810400148FDF7BBBA00BF418A0200F2
:10AB300010B5074B0146D3F8283A2BB940F26F11F4
:10AB400040F26950F9F75AFD0520BDE8104018475A
:10AB50001477002070B504460E4D38B995F8144AA4
:10AB600024B9BDE870400C4817F031BB0020FFF756
:10AB70000FF8F6F7E3FCF3F749FCD5F8283A23B9C8
:10AB8000FE2140F26950F9F739FD2146BDE87040D9
:10AB9000022018471477002055AB0200024B93F8AF
:10ABA000840700F001007047147700200522094B4C
:10ABB00083F8202A1E22A3F81E2A93F83D2A6FF359
:10ABC000000283F83D2AD3F8283A13B1002115205A
:10ABD000184770471477002010B5074B0146D3F88B
:10ABE000283A23B9692140F26950F9F707FD01209D
:10ABF000BDE81040184700BF147700202DE9F0434E
:10AC0000324C85B094F8140A002841D0F8F7B8FF08
:10AC100000250746A846DFF8C090461D3B79AB42A9
:10AC20002DD996F90230002B41DB94F81C3A022B07
:10AC300045D802A8FEF7F2F93078694600F07F00A7
:10AC4000F7F784FE082249460DEB020010F08FF959
:10AC500028BBF3F7D1FE08B1F3F7D8FB94F81C3A00
:10AC600013B96846F3F7BEFB94F81C3A1848013351
:10AC7000C4F8185A84F81C3A17F0A9FAD0B994F815
:10AC8000140A28B145B13B79AB4205D1F9F72EF84A
:10AC900000211048FDF704FA05B0BDE8F083082252
:10ACA00068460DEB020110F062F90028D1D004369D
:10ACB0000135B3E7C02140F26950F9F79FFC84F8F1
:10ACC0001C8AB37843F08003B370F0E71477002058
:10ACD0002D99020055AB020053A3040010B5074B99
:10ACE0000146D3F8283A2BB94FF4857140F26950E8
:10ACF000F9F784FC0320BDE81040184714770020C2
:10AD000010B5074B0146D3F8283A2BB94FF48A7196
:10AD100040F26950F9F772FC0420BDE81040184772
:10AD200014770020024B93F83D0A00F001007047B1
:10AD30001477002010B5074B0146D3F8283A2BB9F9
:10AD400040F28D1140F26950F9F758FC0620BDE839
:10AD5000104018471477002010B5074B0146D3F870
:10AD6000283A2BB940F2A71140F26950F9F746FC96
:10AD70000820BDE8104018471477002010B5074B95
:10AD80000146D3F8283A2BB940F2B31140F269508A
:10AD9000F9F734FC0920BDE810401847147700206B
:10ADA00038B51C4C054694F8D032012084F8D132D5
:10ADB000032384F8D032FCF7B3FD2846F8F78CFE65
:10ADC000FCF77CFDF8F784FCD4F8283A2BB94FF453
:10ADD000F47140F26950F9F711FC00210A209847FC
:10ADE000D4F8302882B100209047EDF7A7FC94F802
:10ADF00085346FF3410384F8853494F884376FF316
:10AE0000041384F8843738BD1146034817F012FA4A
:10AE1000EBE700BF1477002085A00200014610B5C3
:10AE200010B11848FDF73CF9174CD4F8D4299378A1
:10AE3000990706D56FF3410393700322D4F8D439F0
:10AE40005A7094F8E2359B0711D5002236210F483D
:10AE500017F0F0F928B14FF40F7140F26950F9F78B
:10AE6000CDFB94F8E23560F3410384F8E235D4F881
:10AE7000283A13B94FF40771EFE70021BDE81040FD
:10AE80000B201847359E020014770020F5AA020017
:10AE900070B50446F9F70EFA05462046F8F726FF86
:10AEA00020462946F9F71CFA0120FCF739FD5DB16F
:10AEB00001212046F9F7BEF8032303702146BDE8BF
:10AEC00070401548FDF7ECB8144ED6F8D4395A78CE
:10AED000FF2A08D09A78D20705D59B7A1BB129465C
:10AEE0000F48FDF7DDF82046FFF724FF96F8604F86
:10AEF00014F002040BD12246FE210A4886F86E4364
:10AF0000FDF73EFB212221460648FDF7CDF9BDE8BD
:10AF10007040054817F05BB931AB02001477002090
:10AF20002DF30200517D020011AB020010B5074B5A
:10AF30000146D3F8283A2BB94FF4327140F26950E8
:10AF4000F9F75CFB0C20BDE810401847147700208F
:10AF500010B5074B0146D3F8283A2BB940F2D2215D
:10AF600040F26950F9F74AFB0D20BDE81040184740
:10AF70001477002010B5064BD3F82C3A2BB940F2C9
:10AF8000DB2140F26950F9F739FBBDE81040184762
:10AF900014770020044B0146D3F8302802B1104743
:10AFA000024817F047B900BF1477002085A00200BF
:10AFB00010B5074B0146D3F8283A2BB940F225319A
:10AFC00040F26950F9F71AFB1620BDE81040184707
:10AFD0001477002010B50D4C0146D4F8283A2BB94F
:10AFE00040F2353140F26950F9F708FB0E209847DE
:10AFF00094F885346FF3410384F8853494F88437EA
:10B000006FF3041384F8843710BD00BF1477002059
:10B010002DE9F0470025324EA846B2462F46DFF80C
:10B02000C890C5EBC503534493F8BC37EC0003F05C
:10B030000303012B03D196F8BA37FF2B34D0631BDF
:10B04000534403F5F660D3F8B6376BB3027BC2F313
:10B0500085033F3303F03F0363F387020273C3BBEF
:10B06000D3B203F00303012BA9B22DD196F8BA276E
:10B07000FF2A31D0FF2341EA022186F8BA370022A5
:10B08000484617F0D7F878B1631B534493F8BC27B0
:10B0900083F8B67767F3010283F8B77783F8B87758
:10B0A00083F8B97783F8BC270135102D06F1070620
:10B0B000B7D1B8F1000F11D0BDE8F0474FF4A57239
:10B0C00000210848FDF7F0B896F8BA3741EA0321A5
:10B0D000D5E74FF00108E7E79846E5E7BDE8F087D8
:10B0E0001477002011B00200EDB00200F8B5164E42
:10B0F000CBB2C3EBC3031E44D6F8B63707460D46A2
:10B10000F3B10221F8F79CFD85232D0A43700570E9
:10B110003946D6F8B607FCF7C3FFFF22002386F8AE
:10B12000BA2796F8BC2786F8B63763F3010286F88B
:10B13000B73786F8B83786F8B93786F8BC27F8BD30
:10B14000BDE8F840F8F7C8BC147700202DE9F041BD
:10B150000D4606461D21284617469846F8F76AFF11
:10B1600004462846F8F70CFD1D22002120460FF06A
:10B1700030FF4FF6F7739F4207D848F234039E42E0
:10B180001EBF237C43F004032374B8F1000F03D0E7
:10B19000237C43F00103237402232780E373668139
:10B1A0002946BDE8F0410148FCF77ABF19A001002B
:10B1B00000220C4930B510460D46FF24C2EBC203F5
:10B1C00001322B44102A83F8B60783F8B70783F8B7
:10B1D000B80783F8B90701F1070181F8B347EDD14A
:10B1E00030BD00BF147700202DE9F743804691461B
:10B1F0001E460F4619B9002003B0BDE8F0830021B8
:10B200001B4801AAFDF74AFA1C3005D14FF4A5727C
:10B2100000211748FDF748F808F52D3303F2A51370
:10B2200003F00F0215461349012E4FEAC50405D15C
:10B23000631B0B4493F8BA37FF2B12D1641B0C44E9
:10B24000D4F8B60768B906F0030646F008060120F0
:10B2500084F8BA87C4F8B67784F8BB9784F8BC67DB
:10B26000CAE7013505F00F05AA42DDD1C3E700BFEB
:10B2700011B0020014770020F8B50646F8F780FCFC
:10B280000778DFF87CC007F52D3303F2A51303F030
:10B290000F021346C3EBC304644494F8BA17B942CF
:10B2A00025D1D4F8B60710B394F8BC1701F0030108
:10B2B00001291CD13146FCF7F3FE94F8BB37013B62
:10B2C000DBB284F8BB3783B9FF2284F8BA2794F83D
:10B2D000BC2784F8B63763F3010284F8B73784F8E3
:10B2E000B83784F8B93784F8BC27002006E001336A
:10B2F00003F00F039A42CDD16FF01B00F8BD00BFE1
:10B3000014770020044B93F8A8070130C0B2FF283F
:10B3100008BF0020704700BF1477002008B5FFF772
:10B32000F1FF024B83F8A80708BD00BF1477002087
:10B330002DE9F3410F461D2106469046F8F77AFEA7
:10B340000546FFF7DFFF012104463046F8F7A4FE6B
:10B3500004706B89152B04BF1E4B83F82C48EB7BC4
:10B36000032B0FD1284616F02DFBFF2808BF002025
:10B3700067B9FFF7D3FF844219D0B72140F62F00F9
:10B38000F9F73CF9288816F016FBF1E7003818BFEA
:10B39000012001230090424639462046FFF724FF52
:10B3A0000028E6D1FF24204602B0BDE8F0813146F6
:10B3B0000948FCF775FE6B89132BF4D0362BF2D0BD
:10B3C0003046F8F75FFF8306EDD4012002F0B0FAB3
:10B3D000E9E700BF1477002019A00100014B93F8A2
:10B3E000A807704714770020CAB20349034B91F8AD
:10B3F000BC13F6F729BC00BF1477002001B402008B
:10B400002DE9F04391B00646F8F7BAFB044690F8F0
:10B410000090011D3B22477801A80FF0CFFD642169
:10B420003046D4F83F80F8F70BFC214C054680F8F5
:10B4300063903B30B9F1000F2ED1B4F8E029B4F895
:10B44000DC391344B4F8DA2903EB42039BB20BB3A3
:10B450001FFA88F8B8FBF3F328221649A4F8FA3942
:10B460000FF0ACFD3B22284601A90FF0A7FD902F5D
:10B4700004D1282200210F480FF0ABFDD4F8000AB8
:10B4800090B13146FCF70CFE0023C4F8003A11B02D
:10B49000BDE8F0830123DFE7282200210FF099FDAA
:10B4A0003B2200212846E7E73046F8F715FBEBE79B
:10B4B00014770020EC800020054BD3F8002A22B935
:10B4C000C3F8000A034816F0B5BE6FF003007047DA
:10B4D00014770020E9B30200192800F29680DFE813
:10B4E00000F00D949424942B324039787F861D47C8
:10B4F0004E555C636A1694949494718D434AB2F8E5
:10B50000D8390133A2F8D8391F20FCF709BA3F4ACD
:10B51000B2F8F8390133A2F8F839F5E73B4AB2F846
:10B52000EA390133A2F8EA397047384AB2F8DA3911
:10B530000133A2F8DA397047344AB2F8DC39013302
:10B54000A2F8DC397047314AB2F8DE390133A2F88B
:10B55000DE3970472D4AB2F8E2390133A2F8E239F8
:10B5600070472A4AB2F8E0390133A2F8E03970474F
:10B57000264AB2F8EC390133A2F8EC39C4E7234A81
:10B58000B2F8EE390133A2F8EE3970471F4AB2F82B
:10B59000F0390133A2F8F03970471C4AB2F8F23999
:10B5A0000133A2F8F2397047184AB2F8F43901337E
:10B5B000A2F8F4397047154AB2F8F6390133A2F807
:10B5C000F6397047114AB2F8FC390133A2F8FC3958
:10B5D00070470E4AB2F8E4390133A2F8E4397047F3
:10B5E0000A4AB2F8E6390133A2F8E6397047074A49
:10B5F000B2F8E8390133A2F8E8397047034AB2F8E3
:10B60000FE390133A2F8FE397047704714770020E5
:10B6100010B5044C2822002120460FF0DAFC00234C
:10B62000A36210BDEC80002030B585B00D46BDF89A
:10B630002010044649BB102268460FF0CAFC1023B4
:10B640006A4629462046F9F7D3FFE0B9114BBDF809
:10B650000020A3F8D829BDF80220A3F8E429BDF8FA
:10B660000420A3F8E629BDF80620A3F8E829BDF8D0
:10B670000820A3F8EA29BDF80A20A3F8EC29BDF8B0
:10B680000C20A3F8F82905B030BD4FF4B8710320A1
:10B69000F8F7B4FF1477002030B504460D4685B0A6
:10B6A0001022002168460FF094FC124B2946B3F893
:10B6B000D8292046ADF80020B3F8E429ADF80220DF
:10B6C000B3F8E629ADF80420B3F8E829ADF8062070
:10B6D000B3F8EA29ADF80820B3F8EC29B3F8F83943
:10B6E000ADF80A20ADF80C306A461023FAF7E0FFF7
:10B6F00005B030BD147700202DE9F04707464FF024
:10B70000000AF8F73DFA54460546DFF89080DFF866
:10B710009090D8F80030A3420AD83846F8F7DCF900
:10B72000BAF1000F35D18B214FF40360F8F766FFB3
:10B73000D9F88409E308C25C12B90133DC00E8E7F8
:10B7400004F0070C22FA0CF616F001061AD0D9F80C
:10B75000801911F804E029788E4513D1012101FAEE
:10B760000CF122EA0102C254D9F88809C25C22EA2B
:10B770000102C2546B78E0B233B901460648FCF7C7
:10B780008FFCB2460134C4E76FF04601EEF7FEFBD2
:10B79000F7E7BDE8F08700BF19A00100C805002049
:10B7A000147700202DE9F04F89B00190F8F7E8F9FF
:10B7B000012480460378DFF8E8B0DFF8E8900093D2
:10B7C000DBF80020944205D3019809B0BDE8F04FA2
:10B7D000F8F782B9D9F88829E508525D12B9013520
:10B7E000EC00EDE704F0070A22FA0AF2D3071CD5B1
:10B7F000D9F88029009B125D9A4216D198F8012051
:10B80000E7B2A2B939462448FCF74AFC0122D9F82C
:10B81000880902FA0AF2415D21EA02014155D9F88C
:10B820008409415D21EA020242550134C8E71D2125
:10B830003846F8F7FFFB06461522002102A80FF054
:10B84000C8FBF27B8DF81620727B8DF81120327BBD
:10B850008DF810203068716802AA03C24FF0FF32E1
:10B860006FF0170138468DF817108DF818208DF8F5
:10B8700019208DF81A20F8F733FD002215213846DB
:10B880008DF81B20F8F7D6FB02A915220FF096FBC6
:10B8900039460248B8E700BF19A00100ED93020045
:10B8A000C8050020147700202DE9F3410F460C2134
:10B8B0000546F8F7BFFB00F102080446082240469F
:10B8C00012490FF054FB18B9FF2002B0BDE8F08117
:10B8D000082240460E490FF04AFB0028F4D00A2106
:10B8E0002846F8F7ADF90646414608220FF066FBF8
:10B8F0000122A37A29463372E37A002073722388E7
:10B9000000923A4617F0E6FDDFE700BF53A30400BC
:10B910004BA3040070B5CCB20C210646F8F78AFBA5
:10B920004FF6FC730546214620F8023BF7F79EF9D7
:10B930000023304605496B81FFF7B6FFFF2804D18D
:10B940002046BDE87040F7F767BF70BDBB35040007
:10B9500070B50E460C210546F8F76CFB4FF6FD73EB
:10B960000446314620F8023B08220FF027FB002353
:10B970006381044B2846BDE87040D3F83418FFF7C4
:10B9800093BF00BF147700202DE9F74F5FFA81FBCA
:10B9900007460E4658461D21F8F74CFB0124534D2F
:10B9A000534B01901A68D5F88419944201D3FF21B2
:10B9B00013E0E2088A5C04F00701CA40D20725D5EB
:10B9C0001D212046F8F736FB082201990FF0CFFA27
:10B9D000474BD8B9D5F88029115DFF29D5F884C91E
:10B9E0002BD001220020D3F800A0D5F88089524541
:10B9F0000FD3022821D93846F8F76EF86FF04601C8
:10BA0000584603B0BDE8F04FEEF7C0BA0134E4B2D7
:10BA1000C8E74FEAD20E1CF80EE002F007092EFA32
:10BA200009FE1EF0010F05D018F802E08E4504BF94
:10BA30000130C0B20132D2B2D9E74FEAD6091CF8C0
:10BA4000092006F0070022FA00FA1AF0010A04D0D1
:10BA5000C5214FF40360F8F7D1FD4FF0010808FA53
:10BA600000F85FFA88F842EA08020CF809201B681F
:10BA70009C422ED10C213846F8F7DCFA4FF6FD73C4
:10BA800004460822019920F8023B0FF097FA384645
:10BA90001849A4F80AA0FFF707FFFF2805D0D5F83A
:10BAA0008039985503B0BDE8F08F3846F8F714F8A0
:10BAB000D5F8842912F8093023EA080302F809307E
:10BAC000D5F8882912F8093023EA080302F809306A
:10BAD00094E738460191F7F7FFFF0199FF2901D15B
:10BAE000ED21B6E7D5F880399955DBE714770020CA
:10BAF000C8050020F9B6020038B50C4606210546F7
:10BB0000F8F798FA0023448004808380054928468A
:10BB100017F064FDFF2804D12046BDE83840F7F750
:10BB20002DBE38BDBB35040010B50A4B044693F852
:10BB30007837DB070DD5F7F7F1FD50B1002221462C
:10BB4000054816F077FB20B12046BDE81040F7F716
:10BB500015BE10BD14770020F9BA020010B50A4BCB
:10BB6000044693F87837DB070DD5F7F739FE50B167
:10BB700000222146054816F05DFB20B12046BDE8B5
:10BB80001040F7F749BE10BD1477002015B9020028
:10BB900030B585B00D460446F7F7F2FF0388022260
:10BBA0000DF10E01ADF80E300FF008FA0F4B93F8BF
:10BBB000512352070ED493F9E225002A03DA93F8B1
:10BBC0007E25162A06D92046B3F85228B3F8AC13BE
:10BBD00016F0C2FFFE232A4600932146BDF80E3020
:10BBE000022017F077FC05B030BD00BF14770020AD
:10BBF0002DE9F3470D4607461D21E8B2F8F71AFA7A
:10BC000001248046B0F80090394EDFF8ECA0DAF855
:10BC10000030D6F888299C4202D34FF000092BE06F
:10BC2000E308D35C04F00702D340D90731D51D21C6
:10BC30002046F8F7FFF903466A465968DB7B00683F
:10BC4000032B03C204D16846F7F7D2FBADF800001E
:10BC50004FF6FF72914503D0BDF80030934205D1F5
:10BC600040F275114FF40360F8F7C8FC994510D104
:10BC7000D6F8803913F80490D6F88809E908435CAF
:10BC800005F0070C23FA0CF2D20705D540F28F110C
:10BC9000E8E70134E4B2BAE7012202FA0CF21343F6
:10BCA0004354DAF80030A3421AD102213846F7F79C
:10BCB000C7FFB8F800309AB203804FF6F7739A4284
:10BCC00002D940F29B11CDE70A493846FFF760FFE1
:10BCD000D6F88049FFF782FB605502B0BDE8F087D7
:10BCE0003846F7F7F9FED6F8803903F80590F4E7FF
:10BCF00014770020A5B70200C80500202DE9FF47F2
:10BD00000446F7F757FF0228204604D804B0BDE8E0
:10BD1000F047F7F7E1BEF7F733FF01460222054689
:10BD200011F801AB0DF106000FF048F92021204673
:10BD3000F8F780F906462046F7F73CFF0338FF285E
:10BD400005F1030504D95C2140F63100F8F756FCF3
:10BD50002046F7F72FFFC11EC9B22846FCF796FF11
:10BD60003A4D8046B0B9B6F8010002A9F7F744FA97
:10BD700080B9022102A802F0A9FB58B190F829204D
:10BD8000110707D442F0080295F8811580F82920A0
:10BD9000FBF718FE0421204696F80090F7F750FFB5
:10BDA00080F800A0BDF80630B5F8AC2307469A42EB
:10BDB0004FEA59194FF0000343D14370B6F80930E8
:10BDC000022B03D0032B32D0CE21BDE70D2120461C
:10BDD000F8F724F81E4917F0FDFC95F851335A077F
:10BDE00006D495F9E235002B15DA18F11C0F12D1A3
:10BDF00048F2020502220DF10601B8180FF0DEF834
:10BE000021462846B6F8012009F00103FFF79EF904
:10BE100004B0BDE8F08795F86F3F5B07E8D4204693
:10BE2000B5F85228B5F8AC1316F096FEE0E70221FB
:10BE30002046F7F7F3FF074917F0F1FC48F2030536
:10BE4000D8E780221D464270D4E700BF1477002057
:10BE5000607F00206D7F00202DE9F7430546F7F74E
:10BE60008FFE01902846F7F7A5FE032805D828463F
:10BE7000F7F732FE03B0BDE8F083019B01A913F888
:10BE8000018B0DF10200019316F038FD019B20217A
:10BE9000284693F80090F8F7CDF805210678B0F819
:10BEA00001702846F7F7CCFE0022274B80F800806F
:10BEB00002710446BDF80210B3F8AC03760988425B
:10BEC0003FD1B9F1000F19D0904693F8A80803F6B6
:10BED0008403904209D8B8F1000F11D1B9F1FF0FD6
:10BEE00014BF8323822363701CE053F8041F0132C4
:10BEF00091F800C0CC4508BF8846EAE703F65B0826
:10BF000098F8073098F8061028461944002349008D
:10BF100008312171637001F0FE01F7F77FFF4146A0
:10BF200017F080FC02220DEB0201A0180FF046F87A
:10BF30003A46294648F2040006F00103FFF706F9E5
:10BF400098E78023CFE700BF147700204FF6FF73F8
:10BF50002DE9F0418EB004460E46ADF80230F7F7F9
:10BF600029FE0A2805D82046F7F7B6FD0EB0BDE831
:10BF7000F0812046F7F704FE01460A2211F8018BF2
:10BF800003A80FF01BF8082203A901A80FF016F868
:10BF900020212046F8F74EF82022014606A80FF08F
:10BFA0000DF80C2120469DF81870F7F749FE08227D
:10BFB000054603A926487F090EF0D9FF78B9254B1D
:10BFC000B3F8AC33ADF802304FF6FF73BDF8022082
:10BFD0009A420FD116F00C0FC5D1812313E003A8AC
:10BFE00015F0C6FC0228EFD103A8F7F701FAADF867
:10BFF0000200E9E79DF81430012B1DD9C6F3810634
:10C00000022EB0D080236B7001A9082285F8008031
:10C01000A81C0EF0D3FF022205F10A000DEB02016D
:10C020000EF0CCFF21464FF40040BDF8192007F078
:10C030000103FFF78BF899E73BB101212046F7F7A1
:10C04000EDFE0646F5F748F930700023DBE700BF48
:10C05000C47A0020147700202DE9F0438DB0044607
:10C060008846F7F7A7FD042805D820460DB0BDE89F
:10C07000F043F7F731BD08223D490DEB02000EF009
:10C080009DFF2046F7F77CFD042201460DEB0200E0
:10C0900011F8019B0EF092FF20212046F7F7CAFF0E
:10C0A0002022014604A80EF089FF022201A90DEB0F
:10C0B00002009DF810700EF081FF0C212046F7F76A
:10C0C000BFFD2C4B0546B3F8AC33BDF802007F0929
:10C0D000834212D19DF80630012B1BD8BDF8020017
:10C0E00002A9F7F789F80646A8B308224FF0FF31F6
:10C0F0000DEB02000EF06DFF03E015F02BFC0228A3
:10C10000E8D018F00C0F30D02046F7F7E5FC0DB062
:10C11000BDE8F083082218490DEB02000EF04EFF37
:10C12000802308226B700DEB020185F80090A81C9B
:10C130000EF044FF022205F10A000DEB02010EF0A1
:10C140003DFF214648F20100BDF8112007F0010330
:10C15000FEF7FCFFDBE79DF80610012903D120461E
:10C16000F7F75CFE06700023DBE78123D9E700BF09
:10C170004BA3040014770020C47A0020F0B58BB0E4
:10C180000446F7F717FD0228204604D80BB0BDE897
:10C19000F040F7F7A1BCF7F7F3FC0146022211F8D3
:10C1A000017B01A80EF00AFF20212046F7F742FF8D
:10C1B0002B4D0146202202A80EF000FF022201A909
:10C1C0000DF106009DF808600EF0F8FEB5F8AC23FE
:10C1D000BDF806307609934231D1BDF804209A4269
:10C1E0003CD195F8A818C9B30531C9B22046F7F774
:10C1F00027FD002307704370BDF80610023016F0CB
:10C2000087FB034695F8A82805F6840103F8012B5F
:10C2100095F8A8781A1A013A97420AD8214648F2A6
:10C220000500BDF8092006F00103FEF78FFF0BB0F3
:10C23000F0BD51F8042F127803F8012BE8E78025B0
:10C2400005212046F7F7FCFC07704570BDF8041087
:10C25000023016F05DFB00230370DFE78125EFE776
:10C26000147700202DE9F04F20218BB00546F7F719
:10C27000E1FE037808220021064605A801930EF08E
:10C28000A8FE2846F7F796FC062805D82846F7F7B3
:10C2900023FC0BB0BDE8F08F2846F7F771FC90F84F
:10C2A000059004462846F7F785FC04EB49048046D0
:10C2B0002846A479F7F77EFC4FEA4907C31FDB1B2A
:10C2C000B3EB440FE2D30137A8F106084745DDD8A8
:10C2D0002846F7F755FC0146044611F8013B0222B7
:10C2E0000DF11E0002930EF069FEE11C022208A867
:10C2F0000EF064FE617906348DF8221014F81130C6
:10C3000028468DF82330B6F80120194403924900DD
:10C31000B6F803A0F7F78EFE9DF8222007461AB163
:10C32000214617F0BAFA04469DF8232032B19DF851
:10C330002200611C07EB400017F0AFFA4D4ABDF830
:10C340001E30B2F8AC239A4213D14FF00008444695
:10C35000DFF82491A9F6840B9BF8A82890450ED30A
:10C36000002C5AD14FF6F7739A458FD827460024F0
:10C3700054E04FF6F7729342E7D88024F2E759F879
:10C38000046FBDF82020B6F80110914203D04FF69B
:10C39000FF718A4231D1002214E036F81CE037F8F0
:10C3A0001100864508D12146327805A817F0CCF94E
:10C3B00001230446002129E001319DF82200814239
:10C3C000EBD30132B1798A4201D30023F2E7002195
:10C3D00002F1040CF1E7B2799DF822E00A4404323C
:10C3E000864436F8122037F81EE0724508D12146FF
:10C3F000327805A817F0A8F9044608F10108ABE760
:10C4000001309DF823209042E5D30131F279914229
:10C41000F3D2002BF1D11846F3E70027611D28461F
:10C42000F7F70EFC4FF6F7720646BDF81E300DF119
:10C430001201934288BF0F4B4FF0020288BFB3F83E
:10C44000AC330230ADF812300EF0B8FD029B22463C
:10C45000337005A93471701D0EF0B0FD019B2946A3
:10C4600048F20600039A7770C3F34013FEF76EFE9E
:10C470000FE700BF14770020987F0020034B93F84C
:10C480009409C04300F00100704700BF14770020FA
:10C4900010B5094B80F0010193F89429044661F32B
:10C4A000000283F8942913F0A9F820B12046BDE8D2
:10C4B0001040E2F737B810BD1477002010B50446DD
:10C4C000FFF7DCFFE8B913F099F868B3637DDA078A
:10C4D00017D4B4F8092093B2062B12D93A2B15D8E9
:10C4E0001C2B06D8A3F11002052A0CD94FF0FF30FF
:10C4F00008E01D3B164A9BB222FA03F313F0010F2A
:10C50000F4D0002010BD4FF42C12F5E748F20601DC
:10C510008B4202D812F4004FF2E703F5FF43703369
:10C520009BB2012BEDD9E1E7B4F8013013B9637D7B
:10C53000DB07E6D4B4F80930A3F12102012A04D9BB
:10C540002B2B02D0343B012BDBD86FF02700D9E72F
:10C550000700303808B513F051F838B1044B93F8A0
:10C56000940980F00400C0F3800008BD0120FCE7BE
:10C5700014770020024B93F89409C0F380007047B1
:10C580001477002010B5084B044693F8942960F303
:10C59000820283F8942913F031F820B12046BDE8D7
:10C5A0001040E1F753BF10BD14770020034B93F800
:10C5B000940980F00800C0F3C00070471477002091
:10C5C00010B50C4B80F0010193F89429044661F3F7
:10C5D000C30283F8942993F8502360F3000283F890
:10C5E000502313F00BF820B12046BDE81040E1F7CE
:10C5F00005BF10BD14770020044B80F0010093F8B4
:10C60000942960F3041283F894297047147700206A
:10C61000064B10B50446C3F8D40212F0EFFF20B168
:10C620002046BDE81040E1F79BBE10BD1477002006
:10C63000064B10B50446A3F8D80212F0DFFF20B174
:10C640002046BDE81040E1F7B3BE10BD14770020CE
:10C6500030B585B00446F7F793FA0922014601A8E0
:10C660000EF0ACFC09212046F7F7E4FC082201A9F2
:10C6700005460EF0A3FC002321462B720248FBF76F
:10C680000FFD05B030BD00BF459F0200F8B5CDB22B
:10C69000064628460C46F7F773FA04210768284631
:10C6A000F7F78EFB29463046F7F750FC314608482D
:10C6B000FBF7F6FC02212846F7F7C2FA0023240A0A
:10C6C0000470437029463846BDE8F840FBF7E8BCE3
:10C6D00051C602002DE9F0410F4688B00B210546F6
:10C6E000F7F7A8FC0B22014605A80EF067FC09210C
:10C6F0002846F7F7A5FA044620212846F7F782FDD9
:10C700000822204605A90EF059FC9DF81E30227A19
:10C7100003F0800302F03F021343DFF8BC81237271
:10C72000BDF81C20B8F8AC339A4256D1FEF7F6FD9E
:10C7300098F88434044613F0010677D12846F7F7B9
:10C740001FFA0922014602A80EF038FC02A815F0D3
:10C7500039F9FF2808BF0020002F40F0858098F8A5
:10C76000B93343B9082258490DEB02000EF0FFFB24
:10C7700008B901F0D9F9012298F88434B240134382
:10C7800088F8843406F58E76B8F8AC3308EB860664
:10C7900009212846B380F471B571F7F74BFC0822E4
:10C7A000494906460DEB02000EF0E1FB014620B9B7
:10C7B00008220DEB02000EF00CFC082230460DEBB7
:10C7C00002010EF0FBFB29469DF810303F48C3F3F1
:10C7D000C0133372FBF764FC3CE0082208F56C716F
:10C7E00005A80EF0C4FB0028A0D005A8F6F700FEAF
:10C7F0000446BDF81C60304615F090F8B44245D1AF
:10C80000052843D1FEF78AFD0446002F3BD00421C2
:10C810002846F7F741FCA0B345EA0421076000224F
:10C820002B4889B215F006FDA0B12AE0990715D56D
:10C830005A0715D51B0715D54FB102212846F7F722
:10C84000FFF98A230470437029463846C2E7284618
:10C85000F7F742F9204608B0BDE8F08101266DE700
:10C8600002266BE7032669E7003818BF0120012381
:10C8700000901A4639462046FEF7B6FC00287FF4A1
:10C880006EAFFF24E6E729461248A3E74FF6F7729A
:10C89000BDF81C3093420ED93FB102212846F7F76C
:10C8A000CFF9002481230470CDE74FF4CB7140F61B
:10C8B0003300F7F7A3FE01222946009234203A46BE
:10C8C00016F008FE0446C5E7C47A0020B11702003E
:10C8D0008DC6020051C602001477002030B50D4607
:10C8E00085B004210446F7F7A5FB0422014603A8FE
:10C8F0000EF064FB02212046F7F7A2F99DF80E30F6
:10C90000FE2B28BFFE2303700F4B93F8603FDB071D
:10C9100054BF01239DF80F3043704FF6F773BDF8F5
:10C920000C209A420ED920212046F7F741FC012322
:10C9300000932A462146BDF80C30362016F0CAFD79
:10C9400005B030BDFE23F3E7147700202DE9F8434E
:10C950000F46202114461D460646F7F76BFB4FF69F
:10C96000F773B0F803209A4232D8012D30D8B0F8CE
:10C9700001903046F7F704F90C2190F8008030461A
:10C98000F7F758FB144B0472041DFD0E036020469C
:10C9900015F0D8FDD5B1163DE9B2204627F0784212
:10C9A00015F0A4FC0D4B9DF8201093F8B4280C480A
:10C9B00061F341023146A3F8AE9883F8AC8883F85E
:10C9C000B428FBF76DFB0020BDE8F8832946E4E7B7
:10C9D0004FF0FF30F8E700BFADCC02001477002025
:10C9E00065AA0200034B93F8851401F00101F3F7E7
:10C9F0003BBC00BF1477002010B5044612F0FEFDCA
:10CA000020B12046BDE81040E1F7E6BB044BD3F867
:10CA1000D40218B1231A5842584110BD0120FCE736
:10CA200014770020F8B505460F46164616F02EFD81
:10CA300018B90F4BB3F83E33B3B9ADB1002457F872
:10CA40002400013420F07841C00E1CBF1638C0B25B
:10CA5000EBF7C6FEA542F2D8054B0120A3F83E63D2
:10CA6000BDE8F840FAF75CBF4FF0FF30F8BD00BFFB
:10CA70001477002038B504460120FAF751FF2CB98D
:10CA80004FF48F6144F68360F7F7B8FD094DD5F890
:10CA90002C3953B12046F7F773F80178D5F82C09F3
:10CAA000002918BF8B21FBF7FBFA2046BDE8384070
:10CAB000F7F712B8147700201FB528B940F25A4191
:10CAC00044F68360F7F79AFD094B002293F8BC13F4
:10CAD0000B4493F8BB338DF80F30064B01930123C1
:10CAE00000930DF10F03F5F72FF805B05DF804FB87
:10CAF0001477002075CA0200F7B505460E4616F0F9
:10CB000060FF0446F0B90DF10701E80E15F04BFC8B
:10CB10000446D0B901279DF8073007FA03F22A40EE
:10CB2000194632F0784203F10103DBB212D008B1AA
:10CB30008DF8071040F24A220748FBF7B5FB074B78
:10CB400083F8D262204603B0F0BDAB2144F6836087
:10CB5000F7F754FD0120E0E7E53B040014770020DF
:10CB600000232DE9F04186B005460493F7F708F855
:10CB7000044620212846F7F75DFA63790646FE2B26
:10CB80002846277829D1F7F715F806282DD9042249
:10CB9000611C04A80EF012FA0498FFF72DFF6279C9
:10CBA000FE2A00D188B3049830F078432DD03E4B54
:10CBB00093F8BC130B4493F8BA33B3EBD06F24D182
:10CBC000FE2A41D1A179FFF797FF04464FF6F7738C
:10CBD000B6F803209A420BD81FE0FF2B0ED0052B8E
:10CBE000D1D9F6F7E7FF05280CD80498FFF704FF22
:10CBF000002D50D02846F6F76FFF4CE0F6F7DAFF2D
:10CC00000828C3E70498FFF7F7FE4FF6F773B6F866
:10CC100003209A42ECD84FF0FF342A212846B6F878
:10CC20000180F7F707FA2A22002106460EF0D1F913
:10CC3000003C18BF0124E401284674703770A6F840
:10CC4000268016F0E6FE26E0FF2A18D105A815F08A
:10CC500079FC049905A821F07842C90E15F046FB2D
:10CC6000E11D02220DF10E000EF0A8F90498BDF8A6
:10CC70000E20C00E05A90130FFF7D4FEA5E7052A56
:10CC80000CD80021A379009101462846FFF75EFEEB
:10CC9000044600289AD106B0BDE8F0814FF408712F
:10CCA00044F68360F7F7AAFC14770020F0B59721CB
:10CCB0008DB00446F7F7BEF92A220546002101A8E7
:10CCC0000EF087F92046F7F7F5FA30B92B781B2BD1
:10CCD00003D9C2212046F7F703FB2046F7F7EAFA0B
:10CCE0000346F8B901270DF10E00AE1C2A78DDF8D5
:10CCF0000610934237D38DF80E206B7821F07841DF
:10CD000013F0070213461CBF1633DB060B43CDF8A6
:10CD100006301C4BB3F86A23B3F86C33ADF80A2025
:10CD2000ADF80C30174B204693F8AC288DF8042052
:10CD3000B3F8AE2893F8B438ADF82A20C3F3400313
:10CD40008DF82C30F7F7B6FA2A218DF80500204629
:10CD5000F7F770F92A2201A90EF030F9204616F0F3
:10CD600058FE0DB0F0BD16F8132000F8012F05EBAA
:10CD7000430252780133D20807FA02F20A43CDF88F
:10CD80000620B3E714770020044B93F8BC23134428
:10CD900083F8BB03024815F01ABA00BF14770020CD
:10CDA000B9CA0200F7B50546F6F7EAFE04462021A7
:10CDB0002846F7F73FF9214602220778064611F880
:10CDC000014B0DF106000EF0F9F8124BBDF80620EC
:10CDD000B3F854381340ADF80630BBB104212846EF
:10CDE000F6F72EFF00230222437004700DF10601B6
:10CDF00010440EF0E3F8294648F21500B6F8012079
:10CE0000C7F34013FEF7A2F903B0F0BD2846F6F7CA
:10CE100063FEF9E7147700202DE9F04F87B08046D4
:10CE2000F6F7C8FE0128404604D807B0BDE8F04F29
:10CE3000F6F752BEF6F7A4FE202107464046F7F764
:10CE4000F9F8037897F801905B090293B0F8013084
:10CE5000754E03933B78754C0093F4F7ABFB81451B
:10CE600060D200231A461D463168D4F858048B421C
:10CE700016D0032D13E003EB031C00EB0C0E10F88F
:10CE80000CC01CF0010F4BD09EF801C00CF0070C39
:10CE9000BCF1030F03F1010C39D163468C45EAD193
:10CEA0007B78162101930523404601FB0531F6F7F7
:10CEB000C7FE4FF00009009B80F801900370074601
:10CEC000F4F778FB4B464A463668D4F85844B242E9
:10CED0002AD14FF0000AD346C01A019BDFF84C91CB
:10CEE000FB70514BB8703D717C1D1A68934500D2A0
:10CEF0005DBB414648F23100009B039A3B70029BA8
:10CF000003F0010307B0BDE8F04FFEF71FB99145EC
:10CF100002F1010201D9D2B2BFE70135EDB2D2B2BE
:10CF20000133A4E70025BBE702EB021104EB010C7F
:10CF3000615CC90707D59CF8011001F007010329BE
:10CF400004BF0133DBB20132C1E7D9F858240BEB3F
:10CF50000B169119925DD20756D54A7802F0070256
:10CF6000032A51D0019A92454AD3082230492046DB
:10CF70000EF024F8D9F858240DF1160132449279B4
:10CF800004F10800F5F738FEBDF81620264B228282
:10CF9000A27C02F0FC02A274D9F85814895DC1F396
:10CFA00041010A4302F08F02A274D9F858143144A7
:10CFB000497801F0070142EA0112A274D9F8581425
:10CFC00022F00C02895D11F0040F20D142F004021E
:10CFD000A274D9F858243244527B02F0010213495A
:10CFE000E274D1F85824013D925DEDB2C2F3C30260
:10CFF0002275D1F8582416343244D27804F8012C22
:10D000000AF1010A5FFA8AFA0BF1010B6DE7D2B25D
:10D01000A274D9F858143144497B01F0010142EA65
:10D020008102A2740022DAE798050020147700201C
:10D03000DC7900202DE9F04F85B00646F6F7BAFD01
:10D04000012805D8304605B0BDE8F04FF6F744BDDD
:10D050003046F6F795FD202104463046F6F7EAFF04
:10D060000378019000934FF6F773B0F8032094F81B
:10D0700000909A42E6D8009B13F00C0FC3F381088E
:10D08000E0D16578404C94F8FD75AF4234D97F1BF0
:10D09000FFB2032F28BF032707EB470ACAEBCA0AD0
:10D0A00030460AF10501F6F7CBFD80F800904FF00D
:10D0B000000980F8019094F8FD35077183707B19A1
:10D0C000314FC570441D0293029B9D4216DBC24541
:10D0D00004D93046AAEB0801F6F74CFE314648F277
:10D0E0003300019A009BB2F80120C3F3401305B04E
:10D0F000BDE8F04FFEF72AB84746CDE7D7F8082637
:10D10000EB0002EBC50292F807B0204608221F4947
:10D1100003930DF053FFD7F804260BEB4B0B12F8DB
:10D120000B20039B2272D7F804265A44B2F8012040
:10D13000A4F80920D7F808261A449279012AE27245
:10D1400008D0032A0ED0C84401354C445FFA88F851
:10D15000EDB2B9E7D7F808264FF00E091A449388C4
:10D16000A381F0E7D7F8082604F10C001A441179DE
:10D170000393F5F77BFDD7F80826039B4FF01509BD
:10D180001A4453792375DEE714770020C47A00200F
:10D190002DE9F04F89B00446F6F7F2FC20218046D5
:10D1A0002046F6F747FF092290F800A008F1010198
:10D1B000064605A80DF002FF2046F6F7FBFC0928FD
:10D1C00005D94FF6F773B6F803209A4205D92046E1
:10D1D000F6F782FC09B0BDE8F08FF08914F09EFBF1
:10D1E00081460028F3D10822774805A90DF0BFFE3B
:10D1F000002849D00822754905A80DF0B8FEB0FAFC
:10D2000080F56D090822714905A8F78996F815B0CF
:10D210000DF0ADFE0190384614F00AFB07460028D9
:10D2200040F09080FFF7C2F980B3002D5BD1684BCE
:10D2300093F88434D80700F1B98000220120644BB0
:10D24000904093F8841402F58E72014383F884149D
:10D2500098F8001003EB8203D971B6F80120092178
:10D2600020469A809C71F6F7E5FE054605A908223E
:10D270000DF0A4FE9DF81C302146C3F3C0132B72A1
:10D280005448FAF70DFFA5E70125BBE79DF91C30CF
:10D29000002BCADB002DCAD0019B23B31BF0010F6A
:10D2A00021D10822494905A80DF061FE00288ED041
:10D2B0000822494905A80DF05AFE002887D00DF133
:10D2C0000F0105A814F04FFF002880D139469DF8C2
:10D2D0000F0004AAF4F77EF86FF02707002DA6D000
:10D2E00028373FF474AF3A4B93F8392892077FF50B
:10D2F0006EAF93F8842712F0100760D19DF81C10D0
:10D3000093F88504C90961F3000042F0100283F824
:10D31000850483F8894783F88427002D3FF45AAFAA
:10D3200002212046F6F78CFC98F800304770037015
:10D33000214648F23400B6F80120CAF34013FDF745
:10D3400005FF47E70822214905A80DF010FE88B126
:10D350000822214905A80DF00AFE58B10DF10F0170
:10D3600005A814F000FF014620B99DF80F0004AA9B
:10D37000F4F730F8791CB1D1154B35B193F8393841
:10D380009F077FF524AF8427CAE793F88434DD072D
:10D39000F9D59907F7D54FF084095A070DD51B0722
:10D3A0000FD40322B9F1000FEDD147E7084B93F8F2
:10D3B00084349807F1D4012240E70222F2E78B2758
:10D3C000AEE78A27ACE700BFC47A002053A304006D
:10D3D00014770020B11702004BA30400F8B50746EC
:10D3E0000C460026234D95F8843405F2764223FA44
:10D3F00006F1C90739D512F82610B94235D10221F4
:10D400003846F6F71DFC06F58E7305EB8303DA79D3
:10D4100044700124B440E44302709A88B5F8AC33F8
:10D42000E4B293421AD195F884343846234085F803
:10D430008434FDF721FF1C3009D13846FFF7D2FABA
:10D4400095F8843401201C4085F8844405E00A489E
:10D4500014F0BDFE0028F3D00020F8BD00233946AB
:10D4600048F23400FDF772FEEAE70136042EBED121
:10D47000F2E700BF14770020E5C90200F0B52021D3
:10D4800085B00546F6F7D6FD0023064628468DF8FA
:10D490000F30F6F78FFB80B20128364C4BD80123B2
:10D4A00084F89E39B6F801300621A4F89A39337809
:10D4B0002846C3F3401384F89D399DF80F3013F0CC
:10D4C000010F14BF0423012384F89F39002384F83B
:10D4D000A039F6F7AFFD94F8A03904EB8303D3F835
:10D4E000A439DB0E037194F8A03904EB8303D3F85D
:10D4F000A43923F07843036094F89F394371284698
:10D5000002F060FBA8B102212846B6F80170367817
:10D51000F6F796FB0446FDF701FF8023760920709D
:10D5200063703A46294648F23C0006F00103FDF7D5
:10D530000DFE05B0F0BD2846F6F722FB074617F8AA
:10D54000013B284684F89C39F6F734FB0DF10F03B4
:10D55000411E0093384604F6A41304F6A112C9B282
:10D5600015F0AFFD0028CED194F8A139002BCAD018
:10D5700095E700BF14770020F0B5044691B050B392
:10D580003E21F6F757FD6A460346164600F1380776
:10D59000154618685968083303C5BB422A46F7D1B7
:10D5A0001868022128609B882046AB80F6F748FB6C
:10D5B0000A4D314695F89C3903700023437020468C
:10D5C00016F03AFE214648F23C0095F89D39B5F830
:10D5D0009A29FDF7BBFD11B0F0BD00BF1477002004
:10D5E00070B51F4D0446FBF71BFE95F8793913F013
:10D5F000040600D128B98CB32046BDE87040F6F788
:10D600006BBA7CB9174814F0E2FD38B322462146C4
:10D610001448FAF7B5FF2146BDE8704021221148B1
:10D62000FAF742BE05212046F6F704FD0670D5F84C
:10D630005839C0F8013095F8793943F0040385F87A
:10D640007939D5F864391BB912F036F8C5F8600994
:10D650002146BDE870400448FAF722BD70BD00BF06
:10D6600014770020E1D50200AD190200074B93F8B2
:10D670007919D3F84C29890704D5D3F838198A4287
:10D6800028BF0A46C3F85429704700BF147700200A
:10D690000E4BD3F85C29D3F850190A430AD193F8FA
:10D6A000792992074CBFD3F83829D3F84029C3F819
:10D6B00058297047D3F84829D3F84419914238BF04
:10D6C000C3F84429D3F84429F1E700BF14770020B8
:10D6D00037B5154D95F879395A0716D4C3F3C001FB
:10D6E0001B0712D4114801AA0191FAF7D7FF70B1B4
:10D6F000FFF7CEFF00220D481146FAF741FF002147
:10D70000D5F858290948FAF7CFFD03B030BD019C80
:10D7100011F0D2FFD5F85839E41A6FF00043241AFB
:10D720009C42F2D2E4E700BF14770020E1D502006A
:10D7300038B50C4C94F8B95395B9D4F850397BB13D
:10D740002A4629460848FAF71BFFD4F85C39C4F882
:10D7500050592BB9FFF78AFFBDE83840FFF7B8BF33
:10D7600038BD00BF1477002031D70200002270B509
:10D770000B4C1146D4F85C59D4F850690948C4F8E8
:10D780005C29FAF7FDFE354309D0FFF76FFFD4F8A7
:10D790004C39C4F84439BDE87040FFF799BF70BDFB
:10D7A000147700206DD7020038B5364B0546D3F804
:10D7B0005C09002855D0D3F86449D3F85819D3F838
:10D7C0004829DDB90134012CC3F8644906D88A42DE
:10D7D00040D9C3F85829C3F844290EE001EB4101B0
:10D7E000B2EB510F4FEA5100F3D8D3F85429C3F8E4
:10D7F00058099042EDD8C3F8440938BD012C9FBFA9
:10D8000005248900B1FBF4F1C3F858190021C3F8CD
:10D810006419D3F8581901388A42C3F85C0913D93E
:10D82000C3F85829D3F85C49C3F84429002CE4D143
:10D83000224621461448FAF7A3FE2146BDE83840A7
:10D8400016221148FAF730BDD3F854298A42E7D39B
:10D850000A46E7E7D3F854299142BAD8C3F84419E5
:10D86000CBE793F87929920608D593F87839013BEC
:10D87000022B03D8BDE83840FFF7B2BEBDE8384000
:10D88000FFF706BF147700206DD70200094A012078
:10D89000D2F85C39191E18BF0121B2F8783923F487
:10D8A000875323F01F0343EA0133A2F87839FFF7C7
:10D8B0007BBF00BF1477002070B5104C94F8793905
:10D8C000D4F85C6943F00202C3F340059B0784F877
:10D8D000792911D4FFF7CAFE09482A462946FAF7E2
:10D8E0004FFE2946D4F83C290548FAF7DDFC1EB95D
:10D8F000BDE87040FFF7ECBE70BD00BF147700209C
:10D90000653C040008B5094890F879399A070CD5A8
:10D910006FF3410380F87939FFF7A8FED0F85C393E
:10D920001BB9BDE80840FFF7D3BE08BD147700203F
:10D9300013B5174C94F8B9333BBB94F8791911F02F
:10D94000010122D1D4F85C3901AA03441148C4F87A
:10D950005C39FAF7A3FE10B9019BC4F868390022BC
:10D960000C481146FAF70CFE40F2DE32002109485D
:10D97000FAF79AFC0023C4F86439D4F84839C4F89B
:10D980004439C4F85839FFF7A3FE02B010BD00BFF8
:10D99000147700206DD70200064A92F87939D9062B
:10D9A00006D56FF30413012082F87939FFF7C0BF61
:10D9B000704700BF14770020034BD3F85C09B0FA1E
:10D9C00080F04009FFF7B4BF1477002038B5154C3C
:10D9D000D4F85C3923B311F06FFED4F85C390546F6
:10D9E000013BC4F85C39D4F86839ABB16FF0004240
:10D9F0001B1A934210D200220B481146FAF7C0FDC1
:10DA0000D4F8682900210848521BFAF74DFCBDE8FC
:10DA100038400020FFF7C8BE0023C4F86839F6E795
:10DA200038BD00BF147700206DD702004FF47A7222
:10DA300043F6FF3302FB00334FF47052B3FBF2F3B3
:10DA4000024AC2F83839FFF711BE00BF1477002030
:10DA50004FF47A7243F6FF3302FB00334FF47052F7
:10DA6000B3FBF2F310B50A4CC4F83C3994F8793999
:10DA70009B070CD5002207481146FAF781FDD4F820
:10DA80003C290021BDE810400248FAF70DBC10BD4A
:10DA900014770020653C04004FF47A7243F6FF339C
:10DAA00002FB00304FF47053B0FBF3F0084B93F8D7
:10DAB0007929C3F84009920709D4D3F85C29D3F82F
:10DAC00050190A4303D1C3F85809FFF701BE704744
:10DAD000147700204FF470524FF47A70034BD3F850
:10DAE00040395343B3FBF0F0704700BF1477002078
:10DAF00008B5FBF795FB0B4B93F879296FF3C3023D
:10DB000083F8792952070BD450B193F8B9231AB18D
:10DB100093F86E33012B03D1BDE80840FFF7D8BD61
:10DB200008BD00BF1477002008B50020FFF71EFED7
:10DB30000020FFF7FDFD00220A481146FAF720FDFC
:10DB40000023094A82F8B537C2F86C39B2F878393F
:10DB500023F40F6323F00F0343F40063A2F8783932
:10DB600008BD00BFE1D5020014770020F8B5214CB4
:10DB70004422002104F6381094F8795994F8707909
:10DB8000D4F874690DF025FA4FF42573C4F83C39C4
:10DB90002123C4F838394FF4A573C4F84039C4F8C8
:10DBA00058390723C4F84439C4F84839C423C4F8A1
:10DBB0004C39C4F85439B4F87839002023F4875329
:10DBC00023F01F03A4F87839FFF7AEFF94F87939F2
:10DBD00005F0010565F3000384F8793925B1DBB25E
:10DBE00043F0020384F87939F6B284F87079C4F806
:10DBF0007469F8BD1477002008B5FFF7B7FF11F07E
:10DC0000FDFC28B10322034B83F87029C3F8742963
:10DC100008BD00BF147700202DE9F0410646F6F755
:10DC200049FB012105463046F6F704FA00224C4C28
:10DC3000074694F8793911466FF38203494884F80E
:10DC40007939FAF79DFCEBB2D92B48D194F87839A1
:10DC50000020032B9CBF013384F87839FFF7A4FD23
:10DC6000D92D44D094F8B53794F8B487013384F8AB
:10DC7000B53710F048FF431C13FB08F394F8B527A1
:10DC80009BB29A4236D30020FFF74EFF0223314663
:10DC90003B703548FAF704FAFBF7C2FA94F8B96317
:10DCA000002E41D094F86E33012B56D1002854D069
:10DCB00094F879391E0750D494F84934C3F34016C8
:10DCC00099064AD4D4F86C39B3B3ADBB2A46013BAC
:10DCD000C4F86C3900212348FAF7E6FA1CE000206A
:10DCE00084F87809FFF760FDC62D03D0D5B900236D
:10DCF00084F8B537FBF794FA94F8B9331BB194F86C
:10DD00006E33012B08D138B194F879391A0703D44E
:10DD100094F849349B06D5D5FEB13046BDE8F041B4
:10DD2000F5F7DABEEB2D9CE7B8B194F8793918070E
:10DD300013D494F84934C3E794F8703953B194F884
:10DD4000B5270133B2FBF3F103FB112212B1D4F872
:10DD50007429BFE7D4F85829BCE7BDE8F08100BFBB
:10DD600014770020E1D5020031AB020010B50C4B56
:10DD700093F87949220707D414F0040405D0D3F8A6
:10DD80006C290132C3F86C2910BD21462246054892
:10DD9000FAF7F6FB2146BDE810400248FAF780B9D1
:10DDA00014770020E1D50200014BC3F874097047D5
:10DDB000147700200022024B83F8F625704700BF3D
:10DDC0001477002037B502210546F6F733F9022211
:10DDD000014601A80DF0F2F801212846F5F730FFC1
:10DDE0000446FDF79BFA2070284616F075F91D21B0
:10DDF0002846F6F71FF904461D2200210DF0E9F828
:10DE0000BDF80430294623800223E3734123A37223
:10DE10000023E372237C044843F005032374FAF7DC
:10DE20003FF903B030BD00BF19A00100002310B5B9
:10DE3000044632211A4614F027FE2146BDE8104060
:10DE40000148FAF72DB900BF418A020038B50446EF
:10DE500020B9BDE83840154814F0B9B90A21F6F7E1
:10DE6000E9F80822124905460DF0A8F80423114AE2
:10DE70002B72D2F8D4198B7813F0010303D08B7A6C
:10DE8000003B18BF01236B72D2F8343F3BB12046F0
:10DE9000984720B12046BDE83840F5F71DBE214621
:10DEA000BDE838400448FAF7FBB800BF4DDE020079
:10DEB000687C00201477002089D601002DE9F34109
:10DEC00020210546F6F7B6F84FF6F773B0F80320B1
:10DED00090F800809A4200F282802846F5F750FEC2
:10DEE00004462846F5F766FE411E0022C9B2601CB2
:10DEF00001F0B0FC3B4F002854D1FBF76BF8D7F88A
:10DF0000D4399A7A022A4FD81041C2074CD597F8D3
:10DF1000D06516F0040604D0DB7AFF2B14BF002670
:10DF20008B262846F5F72CFE022104782846F5F7C3
:10DF300087FE047046703EB9D7F8D4292846D37AB4
:10DF40002949927A14F01FFE1D212846F6F772F82F
:10DF50001D22002104460DF03CF80222E273452206
:10DF6000A2726FF07F020023E272227C18F0200F71
:10DF700042F0040223706370227417D0D7F8D429BA
:10DF8000917863F300019170237C43F001032374C3
:10DF90000EB987F88A572946144802B0BDE8F04107
:10DFA000FAF77EB88026BCE78626BAE797F8C21350
:10DFB0000DF10600F4F79EFE4FF6FF73BDF8062044
:10DFC0009A4205D140F2173140F6A410F6F716FB3D
:10DFD000237CA4F8152063F07F032374D8E702B0F4
:10DFE000BDE8F08114770020C47A002019A0010058
:10DFF0002DE9F043A9B081460C46174602F040FCDB
:10E00000064620B1A37A012B06D0022B3DD04FF05B
:10E01000FF3029B0BDE8F0834FF01008002504F16F
:10E020008C0304F1CC02B9F1000F32D104F10C09D8
:10E03000009202204A4604A916F0E3FC0028E6D12B
:10E0400014F84C1B02A8F4F711FE4A4614ABCDE9B4
:10E050000043194B02A9284616F043FD0028D6D1EB
:10E060000CAC33462846009414AA04A916F046FDC9
:10E070000028CCD13B4642462146284616F040FDBA
:10E08000003818BF01204042C3E74FF020080125A7
:10E09000C5E704F14C09009202204A4604A916F093
:10E0A000B0FC0028B3D114ABCDE90093034B04F1CD
:10E0B0000C02A3F5D271CEE7C47A0020687C002060
:10E0C00038B511210446F5F7B5FF08221149054678
:10E0D0000CF074FF042305F109002B720E4D082289
:10E0E0000C490CF06BFFD5F8303F3BB12046984708
:10E0F00020B12046BDE83840F5F7EEBCD5F8D4395C
:10E1000021469B7A23B90548BDE83840F9F7C8BFD6
:10E110000348F9E7687C002014770020AF1504005D
:10E1200029F2020080B1094B4FF47A71B3F8F82557
:10E1300043F6FF3301FB02334FF496320021B3FB69
:10E14000F2F20348FAF7B0B8704700BF1477002026
:10E150004DDE02001D4A38B50021134692F83053B7
:10E1600025FA01F4E40721D592F8EB4284421DD14F
:10E1700093F8502383F8310361F3461283F8502358
:10E18000D3F83423B2F1006FC3F8382384BF0022E0
:10E19000C3F83423F7F79CF80E20F9F7C1FB0120F0
:10E1A000F9F7BEFBBDE83840F7F7A0B80131052903
:10E1B00002F11102D4D193F8893F9B0704D4BDE842
:10E1C0003840034814F003B838BD00BF147700206E
:10E1D00051AF0200024B93F87807C0F3400070473C
:10E1E0001477002038B5FFF7F5FF044628B140F654
:10E1F0008E6140F6A410F6F701FA104D024695F82C
:10E200007837FE2143F002030D4885F87837FAF796
:10E21000B7F94FF47A7143F6FF33B5F8F82508489B
:10E2200001FB02334FF470522146B3FBF2F2FAF7CE
:10E230003BF8044813F0CBFF204638BD147700208C
:10E24000859102002DDE020070B5012405260E4ADC
:10E2500092F85033C3F3411303EB0311551895F8AB
:10E26000EB52854203D101F2DB21501870BD01331E
:10E27000B3FBF6F1013401EB8101062CA3EB0103A2
:10E28000EAD10020F2E700BF147700202DE9F04F1B
:10E2900097B01C469DF88030049200939DF884301E
:10E2A0000F4601939DF88830239E03939DF890803C
:10E2B000029014F070FB704B1D68B0FBF5F202FB8E
:10E2C00015052FB941F2B71140F6A410F6F796F9EB
:10E2D0003EB93146102207A80CF07BFE4FF0010832
:10E2E00007AE4FF00009DFF890B17FE028460BA998
:10E2F000F7F73EFA034600286FD19DF8542002F04C
:10E30000C001802964D03F2A65D8B4F1000A18BF43
:10E310004FF0010AB4EB921F1FD19DF8551001F088
:10E320000101414519D1019802F00701814214D140
:10E330000099C2F3C2028A420FD1102238460DA9B9
:10E3400005930CF014FE059B38B91022304611A934
:10E350000CF00DFEB0FA80F35B09082202990BA8BD
:10E3600005930CF004FE059B184350EA0A0034D1D3
:10E37000102239460DA80CF021FE1022314611A8BA
:10E380000CF01CFE009B04F0030403F00702019B49
:10E39000294603F0070343EAC20343EA8413039ABE
:10E3A00043EA082343EAC223BDF8542023F4C063A0
:10E3B0001B0522F41F621B0D22F00F0213430BA852
:10E3C000ADF85430F9F7FEFA2C4817B0BDE8F08FDD
:10E3D0004FF0010A9EE782469CE7DBF800300135EA
:10E3E000B5FBF3F203FB125509F10109DBF800302C
:10E3F0004B453FF67BAF2C2200210DEB02000CF0C9
:10E40000E8FD082202990BA80CF0D8FD102239462D
:10E410000DA80CF0D3FD1022314611A80CF0CEFD52
:10E42000009B04F0030403F00702019B4FF6FF7109
:10E4300003F0070343EAC203049A43EA841302F099
:10E44000010243EA082343EA4223039A0BA843EA62
:10E45000C223BDF8542023F480631B0522F43F62DD
:10E460001B0D22F00F021343ADF85430F9F7AAFA4E
:10E470000028A9D00020A8E7A8050020987C00204B
:10E480002DE9F04186B09DF830400546042C0E463B
:10E490001746984616D108220B490CF068FDB0FAD1
:10E4A00080F0400900230122CDE90143CDE9033288
:10E4B000009043463A4631462846FFF7E7FE06B04D
:10E4C000BDE8F0810020EDE7687C00202DE9F043F5
:10E4D0008DB005460E4614F05EFADFF8A8800027DE
:10E4E000D8F80040DFF8A090B0FBF4F202FB14046F
:10E4F000D8F800309F4201D3002012E0204601A945
:10E50000F7F736F9B8B90822294601A80CF02FFD13
:10E5100050B9FF2E18D1194D95F8613F9B0719D4BA
:10E5200017480DB0BDE8F0830822494628460CF094
:10E530001EFD0028EDD0D8F800300134B4FBF3F212
:10E54000013703FB1244D3E79DF82C30B6EB931F41
:10E55000F1D1E0E7102205F25E5103A80CF007FDAF
:10E560000028DDD005F25E51102203A80CF026FD34
:10E57000214601A8F9F726FAD2E700BF1477002058
:10E58000987C0020A805002053A304002DE9F04743
:10E59000242188B00746F5F74DFD037A0546042B84
:10E5A00000F014810AD8012B0CD0032B00F0DE8080
:10E5B000384608B0BDE8F047F5F78EBA5033DBB205
:10E5C000022BF5D8A24CD4F8D429537853B99178BA
:10E5D00063F300019170D4F8D42993720322D4F824
:10E5E000D4395A7008229B499B480CF0C0FC30BBC0
:10E5F0000822294698480CF0E1FC14F047FFA0BB24
:10E6000014F046FFEAF7A4F8024600BB01460DF1FC
:10E610001E039148F4F706FF1B3004D19DF81E102D
:10E620008D48F4F7C9FAFCF7B9FA80B994F878374D
:10E63000DE070CD49DF81E00F4F7AAFB07E094F85F
:10E64000E2359B07D4D414F021FF0028D0D105F186
:10E650000901084615F097FB804688B194F8783791
:10E66000D80706D54FF0000941E0FCF75BFB002816
:10E67000C6D13946794808B0BDE8F047F9F710BD72
:10E6800094F831336E7E1022F61A94F85033C3F3A7
:10E69000411353FA86F60523B6FBF3F303EB83032A
:10E6A000F61A06EB061A0AF2DB2020440CF086FC70
:10E6B00001226B7EA2448AF8EB3294F83033B240E8
:10E6C000134384F8303394F850335FFA86F9C3F378
:10E6D00041134B450BD16B7E94F831239A4206D0FF
:10E6E0000E2084F83133C4F83483F9F719F994F81B
:10E6F000780710F001067FF45BAF94F8C2130DF1B8
:10E700001E00F4F7F7FAD4F8D4399B7A13B13046E7
:10E7100015F0A8FA94F8783743F0010384F87837B5
:10E72000FFF758FD28B194F878376FF3410384F868
:10E730007837BDF81E0005F029FA6B7E94F8312376
:10E740000E209A421EBF84F831330023C4F83433BC
:10E7500094F8503369F3461384F85033F9F7E0F82E
:10E760003846FCF75BFB08B0BDE8F087E9F7F0FF3F
:10E7700000287FF41DAF364B93F8E12591077FF514
:10E7800017AFD3F8083A23B1384608B0BDE8F047D0
:10E79000184795F8213005F10901DA074FF000021A
:10E7A0004FF0010348BF95F82200CDE9032348BF8D
:10E7B00000F00100CDE901300092022305F11900BB
:10E7C000FFF764FD0720F9F7ABF8F1E6E9F7C0FFC2
:10E7D00000287FF4EDAEEFF767F9044600287FF4D8
:10E7E000E7AE082229461C480CF0C1FB00287FF444
:10E7F000DFAEFF212846FFF769FE20B390F828100E
:10E80000C1F3C20195F821300022DB074FF001036C
:10E8100048BF95F82240284648BF04F00104CDE9DE
:10E820000323CDE90134009105F10901FFF72EFD25
:10E830000720F9F775F8064B394693F8103A012B83
:10E8400003D1074817E72146DCE7064813E700BF76
:10E850001477002053A30400687C002001AD02005F
:10E8600059DA01004DDE020030B5042185B00546BD
:10E87000F5F7E0FB042201460DEB02000CF09EFBD5
:10E8800001212846F5F7DCF90446FCF747FD0E2187
:10E8900020702846F5F7E2FEF5F7D8FE10B92846B5
:10E8A00000F096FF07212846F5F7D8FE2846F5F731
:10E8B000C1FE1D212846F5F7BDFB04461D2200219F
:10E8C0000CF087FBBDF80430002223800223E373A1
:10E8D0004023A372237CE27243F0040121749DF86B
:10E8E000061051B9164BD3F8D429D27A9AB92946D1
:10E8F0001448F9F7D5FB05B030BD2270627063F0A3
:10E900007B03BDF8042023749DF80630A4F815207D
:10E91000002BECD1E6E793F8890F10F00400E6D164
:10E9200002A9F4F769FC0028E1D1022102A8FFF74F
:10E93000CDFD0028DBD0237C43F001032374D6E710
:10E940001477002019A0010070B58AB00546E9F7D8
:10E95000FFFE044668B100211A4815F021FA30B9CB
:10E9600003460090012228461749FFF789FD0AB0A7
:10E9700070BD0822284613490CF0F9FA034608B97D
:10E980000090EFE7284606A902F04CF8B0B1204607
:10E99000FCF7F0FA064698B910220C4906A80CF0CC
:10E9A0000DFB002301222846CDE90332CDE90133D6
:10E9B0001A46009606A9FFF769FCD8E70126F0E79A
:10E9C0002046D4E74BA30400827C0020727C002008
:10E9D00008B5FFF77BFD18B1034B93F8810508BD1F
:10E9E0004FF6FF70FBE700BF147700202DE9F043DE
:10E9F00091B00646F5F7C4F847780546534C17BB67
:10EA00003046F5F7D7F8811E06AAC9B2A81C00F057
:10EA1000E9FE002840F08B80D4F8D4399B78DB07DE
:10EA20002CD4FF2106A8FFF7D3FF4FF6FF739842BF
:10EA30007DD0F6F7AFFE054608BB40F2D34140F665
:10EA4000A410F5F7DBFD922F71D104213046F5F7C4
:10EA5000F1FA00220280D4F8D4299278C2F300019E
:10EA6000D207817003D594F8C213F4F743F94FF439
:10EA7000A57231463648F9F717FC36E03D46D4F822
:10EA8000D41991F80180B8F1010F50D1404608AA7D
:10EA9000FFF7AEFA002848D1002D3ED095F8297036
:10EAA00017F0010724D10DF130091022484605F175
:10EAB00018010CF083FA0323CDE903970297019321
:10EAC00095F828303A46C3F3C2030093434608A999
:10EAD00006A8FFF7DBFB0222D4F8D43931465A707E
:10EAE0001C4884F88B67F9F7DBFA11B0BDE8F083B6
:10EAF000D4F8D43995F828109F7AC1F3C20127B110
:10EB0000DB7AFF2B14BF0327022700220123CDE964
:10EB10000172CDE903230091D9E7D4F8D439DB7A27
:10EB2000FF2B14BF03210221EFE704308CE7E02222
:10EB30000021D4F8D4090CF04CFAFF22D4F8D439CF
:10EB400030465A70F4F7C8FFCFE700BF14770020B3
:10EB500069E802004DDE020070B5202190B0044645
:10EB6000F5F768FA03789A063CD5B0F80130002B27
:10EB700038D12046F5F704F805462046F5F71AF88F
:10EB8000811E01AAC9B2A81C15F0A8FA064648BB06
:10EB900002211748FFF71CFF4FF6FF739842054606
:10EBA00020D0F6F7F7FD014628B940F2925140F621
:10EBB000A410F5F723FD2C2205A80CF0FFF99DF811
:10EBC0003D30DB070ED501A910220BA80CF0F6F999
:10EBD0009DF83D30294666F3000305A88DF83D30C9
:10EBE000F8F7F0FE2046F4F777FF10B070BD00BFD5
:10EBF000687C002070B50646F6F782FD044600BB2F
:10EC0000104D95F88135B34205D041F2253140F6DB
:10EC1000A410F5F7F3FCD5F8B005214600EB03107E
:10EC200010220CF0D6F9214605F2845008220CF08F
:10EC3000D0F9FF2385F881350720BDE87040F8F74B
:10EC40006FBE70BD147700202DE9F0410A218CB011
:10EC50000646F5F7EFF90446E9F77AFD002840F09B
:10EC600090806378042B40F08C8023782BB1304661
:10EC70000CB0BDE8F041FCF759B902340822204637
:10EC800048490CF074F900287BD101212046FFF798
:10EC90009FFE4FF6FF7840450746434D4ED0F6F7AE
:10ECA00079FD2C22014601A80CF088F902219DF87B
:10ECB0002C30204661F387138DF82C30FFF788FE47
:10ECC0004045044615D0F6F765FD90F8293013F05D
:10ECD00001030BD19DF82D2000F1180163F3000210
:10ECE0008DF82D2007A810220CF068F92046FFF7B8
:10ECF00081FF0022D5F8B035390103EB07131A71F3
:10ED00005A719A71DA71D5F8D4399B7A013B022B8A
:10ED10009EBF9DF82D3043F008038DF82D309DF8EF
:10ED20002D30180706D5D5F8B0350B44DA7A42F005
:10ED30000802DA72394601A8F8F744FED5F8D4394A
:10ED40009A78D20701D59A7A1ABB95F8510310F038
:10ED500004040FD19B7A6BB131461448F9F7A0F93E
:10ED60002046EEF7C9FE0322D5F8D4395A700CB00C
:10ED7000BDE8F0810020EEF7BFFE0322D5F8D439BC
:10ED80005A70002EF3D030460CB0BDE8F041F4F7D5
:10ED9000A3BEFAF74DFA0028EFD10120FEF7C8FD17
:10EDA000EBE700BF687C0020147700202DF3020001
:10EDB000F8B5054600240A4E0A4F3368A0B28342D4
:10EDC00000D8F8BDF6F79CFC40B908222946384621
:10EDD0000CF0CDF810B9A0B2FFF70CFF0134ECE74E
:10EDE000A8050020987C002037B5174B144693F8EF
:10EDF00078370546DA07084602D4012003B030BD53
:10EE00006946F4F7F9F90028F7D102216846FFF7BF
:10EE1000DFFD4FF6FF739842EFD09C4201D0A04235
:10EE2000EBD0102D01D00020E8E701216846FFF764
:10EE3000CFFD4FF6FF739842DFD09C42F3D0231AE8
:10EE400058425841DAE700BF1477002038B50C4D1E
:10EE50000C4C2A780021C2EBC202D4F8D40952012A
:10EE60000CF0B7F829780023E020FF25994200D85C
:10EE700038BDD4F8D42900FB032201335570F5E7DF
:10EE800080050020147700200146002230B5094B90
:10EE90001C78094BD3F8D439A24201D3002030BDED
:10EEA0001D7818468D4202D15D78FF2DF7D10132D1
:10EEB000E033F1E780050020147700202DE9F341CD
:10EEC00020210446F5F7B6F80546B0F80160E9F7E9
:10EED0003FFC58B94FF6F773B5F803209A4205D9AD
:10EEE000204602B0BDE8F041F4F7F6BD2046F4F745
:10EEF00047FE0778E9F72CFC60B9B5F8013013B983
:10EF00006B7DDB0706D48D21204602B0BDE8F041C1
:10EF100015F045BF1E4B20461A889B78ADF804209B
:10EF20008DF80630F4F72CFE80462046F4F742FEBA
:10EF3000411E01AAC9B208F1010015F0DEF89DF8E2
:10EF400004302BB19DF8053013B19DF80630E3B9BC
:10EF50000120F8F7E5FC4FF00008022120462D784B
:10EF6000F4F76EFE6D09077080F8018001A9204654
:10EF700015F0F7F83246214648F2430005F0010348
:10EF8000FCF7E4F802B0BDE8F0814FF08008E4E758
:10EF9000506A04002DE9F04F202193B00446F5F7A4
:10EFA00049F8B0F80130054601934FF6F773B0F811
:10EFB000032020469A4204D913B0BDE8F04FF4F77D
:10EFC0008BBDF4F7DDFD0678E9F7C2FB60B9B5F853
:10EFD000013013B96B7DDB0706D48D21204613B0B9
:10EFE000BDE8F04F15F0DBBE2046F4F7C9FD8146C1
:10EFF0002046F4F7DFFD99F80180B8F1400F03D8FF
:10F0000083B2023B984501D92046D5E795F800A088
:10F01000002509F10201424602A80BF0CFFF0221B0
:10F020002046F4F70DFE2F464FEA5A1A0670457037
:10F030000DF1080945450FD2204699F8001000F05F
:10F0400051FC1630CB460F4B11D102212046F4F76C
:10F05000F7FD902306704370214648F24400019A60
:10F060000AF00103FCF772F813B0BDE8F08F9BF8CB
:10F07000002009F101092A2A08BFA3F8A873013565
:10F08000D8E700BF1477002010B5082206490446CF
:10F090000BF06DFF38B12046FFF78AFE2046BDE831
:10F0A0001040E9F79FBF10BD4BA304002DE9F047C6
:10F0B000202192B00646F4F7BDFF4FF6F773B0F883
:10F0C000032004469A4205D9304612B0BDE8F04705
:10F0D000F4F702BDB0F80130002BF5D1E9F738FBA9
:10F0E00010B9637DDB07EFD53046F4F749FD0446E0
:10F0F0003046F4F75FFD012806D88021304615F030
:10F100004EFE12B0BDE8F0873046F4F753FD411EC5
:10F1100001AAC9B2601C15F07CF805460028ECD1A4
:10F120009DF80430002BE8D00DF10507B8464FF0EC
:10F13000FF34DFF85090DFF850A09DF804309D4276
:10F1400007D3002CD9D19DF80430A34214D8002154
:10F15000D4E70822414648460BF009FF0028CCD0EE
:10F160004046082251460BF002FF002818BF002439
:10F17000013508F10808E0E73846FFF785FF01345C
:10F180000837E0E7C47A00204BA3040037B50D46EA
:10F19000044669462846F4F72FF84FF6F7739D4268
:10F1A00002D9002003B030BD0028FAD1E9F7D0FA27
:10F1B00020B1134B93F9E135002BF2DA01216846B7
:10F1C00014F0EEFD0028ECD0F5F75AFA0028E8D14B
:10F1D000442C03D8412C04D90120E3E7462CFBD072
:10F1E000DFE7074B93F8E235DB07DAD5213CA4B221
:10F1F000142CD6D80348E04010F00100D1D0D1E75C
:10F200001477002003041800054A014692F8E135FE
:10F21000044843F0040382F8E135F8F741BF00BF2A
:10F2200014770020E5D80100F0B504218BB0064624
:10F23000F4F700FF06AA05461746384B03F1100CF9
:10F24000144618685968083303C463452246F7D149
:10F25000F9F7EEFF08B9FEF72FFB314CD4F8D4399B
:10F260009B78C3F3000213F00103AA7018D028465C
:10F2700094F8C213F3F73EFDD4F8D429937A013BF6
:10F28000012B09D8D37A022B34D00BD86BBB25487D
:10F2900002A914F060FE60B13046F4F71DFC3AE0BC
:10F2A0002B80E9E7FF2BF7D11022394602A80BF09B
:10F2B00085FE01220220D4F8D43902A914F0FBFC07
:10F2C0000028E9D1D4F8D4395B78FF2B01D0032B87
:10F2D000E2D114480DF1070112F045FF70B140F280
:10F2E0003D4140F6A410F5F789F902A90D4801F057
:10F2F00099FBD0E702A801F039FBCCE7D4F8D43968
:10F300009DF8072031461A700122D4F8D4390648F6
:10F310005A70F8F7C5FE0BB0F0BD00BFC3A30400E0
:10F3200014770020687C002069E8020038B50446A4
:10F3300020B9BDE83840104812F049BF0F4890F896
:10F340006F5F15F0010511D1294600F2545014F0F9
:10F3500002FE1C300AD102212046F4F76BFE058024
:10F360002146BDE838400648F8F79ABE2046BDE879
:10F370003840F4F7B1BB00BF2DF302001477002032
:10F38000C5DD020070B5044686B028B941F65C11AF
:10F3900040F6A410F5F732F92B4D95F8F665002EDE
:10F3A0004BD10821F4F746FE02460068516802ABD3
:10F3B00003C3022102A8FFF789F800283DD013F00B
:10F3C00090FA042201900DEB020104A80BF0F6FD67
:10F3D00013F087FA042201900DEB020105A80BF04F
:10F3E000EDFD31462046F4F72BFC204604A900F041
:10F3F000D7FA04A9082205F2E5500BF0DFFD082238
:10F4000005F2ED500DEB02010BF0D8FD2046F5F7AB
:10F410006BF9012395F8F525314602EB42129A402B
:10F420000A4885F8F635F8F73FFF3246214602AB29
:10F43000472014F0A0F806B070BD204606B0BDE825
:10F440007040F4F749BB00BF14770020B5DD02001F
:10F450002DE9F043202191B00446F4F7EBFD4FF67F
:10F46000F773B0F801802046984504D911B0BDE883
:10F47000F043F4F731BBF4F783FB05462046F4F77D
:10F4800099FB15F8016B471EFFB239462846F9F77C
:10F49000FDFB98B11C3040F0AE8002212046F4F70D
:10F4A000CFFBD6230670437000234246214648F224
:10F4B0004700FBF74BFE11B0BDE8F0833946284604
:10F4C00006AB04AA14F0D9FE022107460028E5D1B4
:10F4D00004A8FEF7FBFF0546002800F0938090F893
:10F4E0002930022113F008097FD104A8FFF770FA30
:10F4F00095F82930014643F0080385F8293028465D
:10F50000F8F760FA02212046F4F79AFB067080F8BB
:10F510000190022104A8FFF75BFA07460D220021A3
:10F5200008A80BF056FD08223A4908A80BF046FD42
:10F530000221394E03A8D6F8B0354FEA071903EB7C
:10F540000713DA898DF82C100A920132DA81D6F885
:10F55000B015042201EB07110BF030FD05F1080195
:10F5600010220CA80BF02AFD9DF830309DF80C20DD
:10F5700006A953408DF830309DF80D209DF83430A9
:10F58000204653408DF834309DF80E209DF83830D9
:10F5900053408DF838309DF80F209DF83C30534093
:10F5A000D6F8B0258DF83C3052F809200A9B00F0BF
:10F5B00015FA05462046F4F7E3FA07462220F9F744
:10F5C00057FB0095A0F10A03BA1C08A90CA814F077
:10F5D0004CFB96F8753FDB0604D50822FF21284630
:10F5E0000BF0F7FC86F88C475EE72046F4F728FB23
:10F5F000067047708DE702212046F4F721FBD723E0
:10F60000067050E702212046F4F71AFB86230670A5
:10F6100049E700BFC47A0020147700202DE9F04F9D
:10F6200097B00646F4F7ACFA05463046F4F7C2FA4E
:10F630000023CDE904336B78002B40F09D80841EBD
:10F64000E4B2023521462846F9F720FB002840F0B5
:10F6500093800DF128090DF1140B0DF1100A2146CC
:10F660002846CDF80890CDF804B0CDF800A008AB3E
:10F6700006AA14F023FE804600287DD1022106A8A8
:10F68000FEF724FF0746002876D041460D220EA83B
:10F690000BF09FFC22462946222013F0DDFA4FF0A2
:10F6A00002080546082206A90EA80BF087FC0CAC40
:10F6B0000422594610A80BF081FC04225146204632
:10F6C0008DF844800BF07AFC07F10801102212A893
:10F6D0000BF074FC9DF848309DF8302022205340F8
:10F6E0008DF848309DF831209DF84C3053408DF80E
:10F6F0004C309DF832209DF8503053408DF85030FA
:10F700009DF833209DF8543053408DF85430F9F76C
:10F71000AFFA2A46A0F10A0300940EA912A814F029
:10F72000A4FA2046082249460BF021FC044618BBE7
:10F73000414606A8FFF74CF94FF6FF73984205D1F2
:10F7400041F69E2140F6A410F4F758FF0D4A0499A3
:10F75000D2F8B03503EB00135960D2F8B03503EBA3
:10F760000013D97A084841F00801D97282F8F645A9
:10F7700021462246F8F704FF3046F4F7ADF917B0FA
:10F78000BDE8F08F14770020B5DD020010B50F4BF7
:10F79000072093F851236FF3820283F8512393F8E3
:10F7A000CB2593F8C635002A0CBF01240524032B72
:10F7B00008BF44F00204F9F7C5FB2046F9F7C8FB7F
:10F7C000BDE810400120F9F735BC00BF14770020D8
:10F7D0000349D1F8D42901F56C710C3213F00EBA3B
:10F7E00014770020F8B505460E461446F9F74EFA90
:10F7F00010B14FF0FF30F8BD0A4F2246D7F8D43988
:10F80000314628464C3313F035FB0028F1D108224D
:10F81000214607F254500BF0AAFB003818BF012014
:10F820004042E8E71477002013B50446F9F7D2FB0D
:10F830008DF80600F9F7D4FB05498DF807000DF1A6
:10F84000070320460DF1060213F069F902B010BD5E
:10F85000C47A00202DE9FF4106460F461546F9F708
:10F8600015FA044658B975B10DF10E0300933946E7
:10F8700030460DF10B0303AA13F043FAF0B1204612
:10F8800004B0BDE8F081DFF858803946D8F8D439A3
:10F89000304603F10B0200920A3308F2545213F07F
:10F8A000F3FA48B9224621460DF10E0308F25450EE
:10F8B000F3F7B8FD0028D7D00446E0E7BDF80C30D8
:10F8C000AB42DCD12846EAF729FA021E08BF6022C3
:10F8D000BDF80E10BDF80C00EAF74CFACFE700BFF8
:10F8E0001477002013B504462820F9F7B3F934281B
:10F8F0004CD02938092849D8DFE800F0050B0F144F
:10F900004848194848222046FFF78EFF002002B0E1
:10F9100010BD2046F9F7FEF9F8E720461D4913F01F
:10F92000F2FAF3E720461C4913F0DBFAEEE71B4B33
:10F930002046B3F85228B3F8AC1313F00DF9E5E7FD
:10F940000023ADF80630FCF799FD28B9BDF8063064
:10F9500043F00103ADF80630FCF70CFE28B1BDF80A
:10F96000063043F00203ADF806300C4B204693F806
:10F9700050330DF10601DB0742BFBDF8063043F0FE
:10F980000403ADF8063013F09AFABFE76FF04400B5
:10F99000BDE700BFEC790020E87900201477002053
:10F9A00038B50D46212113F0A7F8044620B94FF4CD
:10F9B00080616D20F4F722FE082207490BF0FEFA61
:10F9C00008222946A0180BF0F9FA10220021A018ED
:10F9D000BDE838400BF0FDBAC47A002037B50D46BB
:10F9E0002221CDE9003213F087F8044620B940F215
:10F9F0002D416D20F4F702FE08220F490BF0DEFACC
:10FA000008222946A0180BF0D9FA042204F11000AC
:10FA10000DEB02010BF0D2FA6946042204F1140046
:10FA200018340BF0CBFA0822002120460BF0D1FA53
:10FA3000204603B030BD00BFC47A002000F00300B0
:10FA4000013880B202289ABF014B185C0120704730
:10FA5000D4A30400034B93F8942960F3410283F884
:10FA6000942970471477002038B520B95E2142F6FA
:10FA70003670F4F7C3FD09B95F21F8E7144B93F82A
:10FA800094399B071DD590F90D2091F90D50D44361
:10FA9000EB43E40FDB0F9C420FD1B0F81100FFF7EE
:10FAA000CDFF0446B1F81100FFF7C8FF844204D12E
:10FAB000AA42D4BF0020012038BD8CBF0120002005
:10FAC000FAE7007B0B7B984294BF00200120F3E70C
:10FAD00014770020F8B50C46054616460FF08EFD4B
:10FAE000014628B121462846BDE8F840FFF7BCBFD3
:10FAF000B5F81120B4F8113002F0010003F001074D
:10FB0000B84222D1C2F38000C3F38007B8421CD1AF
:10FB1000154890F88477FF0707D5B0F89E07EF885F
:10FB200087421FD0E78887421AD0C2F34000C3F350
:10FB30004003984209D1AB7BA27B934206D0981A2E
:10FB4000C0B27E288CBF00200120F8BDF20709D585
:10FB5000A87AA37A43405B0704D5C0F38000F4E79A
:10FB60000846F2E70120F0E71477002073B5CEB223
:10FB700021B9342142F6BD10F4F740FD0F4C90B18D
:10FB80003E2184F89809F4F755FA05463E220021F3
:10FB90000BF01FFA94F8C2130DF10600F3F7AAF860
:10FBA000BDF806306B801C233146054884F8C0330D
:10FBB00002B0BDE87040F8F773BA00BF14770020B8
:10FBC0007B16040038B50546F9F72AFB50B1074B00
:10FBD00093F8C04334B922462946054812F02AFB5F
:10FBE000204638BD4FF0FF30FBE700BF1477002000
:10FBF0006DFB020000232DE9F7430E4605460093F6
:10FC00008DF8043020B99B2142F6BD10F4F7F6FCC4
:10FC10004D4F3E2197F89809F4F70CFA0446F6B1D7
:10FC2000B7F8AE23B5F803309A4220D190F83930B6
:10FC3000013380F8393096F90230002B04DA90F85D
:10FC40003A30013380F83A30B7F8AE23B5F80330D4
:10FC50009A4204D1AB78022B0FD0032B35D094F805
:10FC60003830013384F8383003B0BDE8F08390F8C1
:10FC70003B30013380F83B30E6E7B5F805004FF63E
:10FC8000FF739842ADF80000E9D095F85830B2788B
:10FC90008DF8033095F8573060798DF80230C2F353
:10FCA0004003D20748BF43F0020309284FF0050282
:10FCB0008DF8043014D802FB0040694606300BF082
:10FCC0007DF9637901336371C9E795F85330012BEE
:10FCD00002D1B5F81700D2E7681DF3F789FBCEE72C
:10FCE0000026A046354612FB004998F9083008F175
:10FCF0000607002B1ADB2946384614F0A7FBF5B19E
:10FD0000002808BF3D4608F10508C145EDD1002E89
:10FD100018BF35466846294614F098FB00289ED047
:10FD20000522694628460BF049F998E731463846DE
:10FD300014F08CFB2EB1002808BF3E46E3E73D4699
:10FD4000E1E73E46DFE700BF1477002070B50026EC
:10FD5000274C054694F89E3984F8C063002B41D0A7
:10FD600094F8A03994F8A1290133DBB29A4284F8BF
:10FD7000A0391CD90621F4F75DF994F8A039294679
:10FD800004EB8303D3F8A439DB0E037194F8A03994
:10FD900004EB8303D3F8A43923F07843036094F889
:10FDA0009F3943713046BDE87040FFF7DFBE94F8DD
:10FDB00049349B0607D5FDF7D9FF94F8493466F31B
:10FDC000451384F8493494F89809FDF7D5FB0023CE
:10FDD00084F89E39002384F898392846BDE870409D
:10FDE000F3F77ABE184694F89819DEF789F9F1E727
:10FDF0001477002010B520210446F4F71BF9C379CD
:10FE00002BB921460348F8F74BF9012010BD00201B
:10FE1000FCE700BFF53E030010B520210446F4F7CF
:10FE200009F9B0F8090020B121460248F8F738F97D
:10FE3000012010BDE125020038B515210546F4F773
:10FE4000F9F8447A44B9064BD3F8B00720B12946F3
:10FE5000F8F726F9204638BD6FF01B00FBE700BF1E
:10FE60001477002030B5FF28044685B033D0FF2139
:10FE70001C4801AAF8F712FC28B312F0A0F90546B5
:10FE800008B3214602A8F2F7F1FE082216490DEB4D
:10FE900002000BF06CF800B3082214490DEB0200CD
:10FEA0000BF065F8C8B1284602A9FBF751FDFF2801
:10FEB00013D00F4BFF2193F871240A4802EB421232
:10FEC0005200F8F7F1F90B20FBF706FB0022214660
:10FED0000848F8F729F905B030BD2846F3F7FCFDCE
:10FEE000F1E700BF65FE020053A304004BA304002A
:10FEF00014770020899F020038B520210546F4F7C9
:10FF000099F8C2790446FF2AB0F80B3008D1B0F84E
:10FF1000091003220020DBF763FD88B9002038BDFB
:10FF20004CF25D218B4203D1C42A1CBFC423C37190
:10FF3000E079DBF76BFCB4F80B100CF07BFAECE724
:10FF400029460248F8F7ACF80120E8E72BC6030081
:10FF500070B520210446F4F76DF805462046F3F706
:10FF60000FFE11F0C9FA01462046F3F729FF687D1C
:10FF700000F00101C0F3400013F0DFFE60B1B5F8FE
:10FF80000B303BB9B5F80930452B05D048F240029B
:10FF9000934201D0FEF726F9FEF71CF9A0B9FEF74F
:10FFA00019F940BB244DD5F8AC373BB12046F0F7EA
:10FFB00027F92046D5F8AC379847B8B92146BDE8AF
:10FFC00070401E48F8F76CB86B7D03F00303032BF9
:10FFD000E5D02046F3F780FDFEF7FCF8064648B36F
:10FFE0006B7D002403F00303032B0AD02046BDE8F9
:10FFF0007040F0F705B96B7D03F00303032BD1D1FB
:020000023000CC
:10000000002600220E481146F8F7BAFA0A4B4FF4C0
:100010007A71B3F8F82543F6FF3301FB02334FF44E
:1000200070520021B3FBF2F20548F8F73DF9002EBB
:10003000DCD1B7E70446D9E7147700201B4504005C
:10004000859102002DE9FF410446F4F733F9FF23BF
:100050001521804620468DF80330F3F7EBFF837BB4
:100060000646032B01A914D111F03EFC0DF103014A
:100070000746304612F077F80546F9F7D1F858B33D
:100080008FB11C3716D040F2A32140F62900F4F7B7
:10009000B5FA008811F00EFC0DF103010746308817
:1000A00012F04CF8E8E715B315F11C0F1FD04FF410
:1000B0002971EAE715B115F11C0FF8D19DF803304D
:1000C000FF2B09D02046F4F7F5F8774B984203D17F
:1000D0009DF80300FFF7C6FE204611F0A8FA00289D
:1000E00070D118F1470F27D06F4B984552E0019B14
:1000F0005A7802F00302012A04D11A7802F00602AB
:10010000042AE9D0694F9DF8032097F8C213914261
:10011000E2D0654A90459A782DD197F87004C2F3E1
:100120008301814215DA013161F385029A7020461C
:1001300011F07DFA002845D115F11C0F45D1B37B94
:10014000032B4FD130460DF1030112F00CF8054698
:100150003FE09979564802AAF8F7A0FA1C30E6D198
:1001600097F87124019B02EB421299795200504892
:10017000F8F79AF8DBE76FF385029A70019B00228B
:1001800099794B48F8F7FCF9204611F050FAC8B9B4
:1001900018F1470FD0D02046F4F78CF805462046DA
:1001A000F4F770F802062CD53F4B9D4203D1BE21D7
:1001B0002046F4F795F82046ECF788FA10B9204667
:1001C000F3F78AFC04B0BDE8F0819DF80330FF2B03
:1001D000B5D0002DDFD12A469DF80310354812F026
:1001E00029F8D8E7022BD6D108224FF0FF310DEBCA
:1001F00002000AF0EEFE30880DF1030111F09EFFBF
:10020000A5E7204614F037F9B8B115F5956F10D071
:1002100015F1410F0DD015F1470F0AD0183508D050
:100220002046F3F7ADFC11F067F901462046F3F7DD
:10023000C7FD204614F040F9C4E71B4B9D420ED188
:100240002046F3F79DFC11F057F901462046F3F7DD
:10025000B7FD154B9D420AD18523437007E0204628
:10026000F4F710F883060DD5134B9D42E8D12046D4
:10027000FBF702F80028A5D02046FFF7DDFD002897
:10028000A0D09CE715212046F3F7D4FE437AF02B4B
:1002900002D0037AF02BEFD1204610F0DEFF20468B
:1002A00011F0DBFE8EE700BF59FBFFFF1477002043
:1002B00065FE0200059602005AFBFFFF2DE9FF478D
:1002C0000D46202104469046F3F7B4FEB0F80170C5
:1002D0002046F3F755FC0378C3F3401A9906D1463C
:1002E00028D5807811F024F9811C20460131F3F7DC
:1002F00067FD10F8016CE8F72BFA68B908225D4930
:100300005D480AF034FE38B113F0C0F8F0B95A482D
:10031000F3F76EF887421ED194B32A465146304611
:10032000EDF720FA00284FD1204604B0BDE8F04791
:10033000F3F7D2BB384602A9F2F75EFF20B9FF21DE
:1003400002A8FEF745FB05460221CEE7E8F700FAD2
:100350000028DCD1E0E7A6F11103012BDCD94FF630
:10036000FF739D420FD1B9F1000F1CD00822414903
:1003700041480AF0FCFD0028CED02046F3F7ACFB44
:1003800004B0BDE8F087284602A9F5F70DFAB9F1E7
:10039000000F08D0082238480DEB02010AF0E7FDF3
:1003A0000028B9D0E2E76A4621463046ECF7FCFE69
:1003B00010B1002FB0D0E0E7082269462E480AF0BD
:1003C000D6FD0028F5D1A7E7B9F1000F06D02A46DF
:1003D00039463046FEF708FD0028A5D0053E0D2E13
:1003E000A2D801A353F826F0210403002903030037
:1003F0002903030029030300310403002903030038
:100400002903030029030300290303002903030030
:10041000290303003D0403004904030065040300AD
:1004200042462946204604B0BDE8F047ECF72EBF0F
:10043000204604B0BDE8F047EDF7BEB8204604B052
:10044000BDE8F04711F07AB80C4B93F851335A07D6
:100450003FF56AAF11223946204604B0BDE8F047A7
:10046000ECF7CABE054B93F851335B073FF55CAF21
:100470001222F0E753A30400687C002014770020C8
:10048000002238B50B4C0C4D94F87837114643F0E8
:100490000403284684F87837F8F772F840F26A5275
:1004A00000212846F7F700FF0FF006F9C4F87C0793
:1004B00038BD00BF147700209B4504000022114680
:1004C000F0B4184E184F33688B4203D8F2B1F0BC29
:1004D000FFF7D6BFD7F8C04601EB41031C44A37811
:1004E0009D060FD003F03F038342D4BF00231B1AA5
:1004F000A578C8BF03F03F0363F30505AB0618BF3B
:100500000122A57002F001020131DCE7064B074829
:1005100093F8781762F3820183F87817F0BC1146DC
:10052000F8F72EB888050020147700209B450400BA
:100530002DE9F74F88460DF1070117461E4611F0C9
:10054000FDFD002872D1DFF8E890DFF8E8A099F807
:100550007837DAF80050590715D50FF0ADF86FF07D
:100560000043D9F87C47001B98422DD20FF0A4F825
:10057000D9F87C37C01A4223B0FBF3F010F0FF002B
:1005800001D0FFF79BFF9DF80740DAF8002004F543
:100590002D3303F2A513B3FBF2F102FB11310B462D
:1005A000D9F8C0C603EB430B0CEB0B0090F802E04C
:1005B0001EF03F0F0CD1AA4219D1581CB0FBF2FE1D
:1005C0001D4602FB1E0317E00FF076F8201AD2E753
:1005D0001CF80BB0A3450AD190F801B0C34506D171
:1005E000CEF3801BBB4502D1B6EBDE1F0FD001332B
:1005F000B3FBF2F002FB10339942D3D1AA4209D0E7
:1006000005EB45050CEB050083789A0604D003B092
:10061000BDE8F08F0120B4E767F3861366F3C713D4
:100620000CF8054080F801808370F0E70020EEE7C9
:1006300014770020880500202DE9F84F0546002496
:100640004FF0FF0BDFF83C90DFF83CA0D9F800300A
:100650009C4201D3BDE8F88FDAF8C07604EB44067B
:100660002946B85D07EB0608F3F7E6F838B107F856
:1006700006B098F802306FF3050388F802300134B1
:10068000E4E700BF880500201477002070B5002340
:10069000FF260E4D0E4C2A689A420BD800220D48B8
:1006A0001146F7F76DFF94F878376FF3820384F8FB
:1006B000783770BDD4F8C00603EB430142184654A6
:1006C000917801336FF305019170E4E7880500200C
:1006D000147700209B45040008B520B9EA2140F6B4
:1006E0005C00F3F78BFF1522837862F305038370B8
:1006F000044B93F878375B0703D4BDE80840FFF755
:10070000BFBE08BD1477002010B50446F3F738FAD1
:1007100083782046C3F38103032B14BF07210921EB
:10072000F3F74EFB2146BDE810400148F7F7B8BC8F
:10073000554303002DE9F0430E4685B01B21984632
:1007400091460546F3F776FC04462846F3F718FA77
:100750001B220021074620460AF03BFC284684F86D
:10076000199084F81A80F3F725FA02285ED9BB782D
:100770002846C3F38103032B14BF07270927F3F788
:1007800019FAB84252D3294601A813F021FF9DF867
:100790000C30C3F38103032B3AD09DF80C30C3F324
:1007A0008103022B46D0032B49D0002B3ED120469B
:1007B00003230822314600F8033B0AF0FFFBDDF774
:1007C00043FD28B94CF25E03BDF80A209A422DD0B1
:1007D0000822738AB118A4F80130338A04F10D009D
:1007E000A4F80B300AF0EAFB02220DF10A0104F131
:1007F00015000AF0E3FB02A9022204F117000AF037
:10080000DDFB29461048F7F74BFC05B0BDE8F08347
:100810000E4B93F8A4364BB14FF6FF73BDF80600AC
:1008200098420CD0E8F724FB0028B6D12846F3F70D
:1008300053F9EAE723703388A4F80330BFE70123B4
:100840002370BDF80630F7E77D43030014770020DE
:10085000014ADFF713BB00BF8D0900200022014BC6
:100860001A7070473DA000200122034B01461A7008
:10087000024820220AF0A2BB3DA000208D090020E2
:10088000034B04481B78002B08BF0020704700BFB3
:100890003DA000208D09002070B505460E46144687
:1008A00088B022B9442140F2D710F3F7A7FE194BC4
:1008B00093F8613F13F002030CD005288CBF10227F
:1008C000154B164998BF1A5C204608B0BDE8704029
:1008D0000AF074BB042803D0052809D11022F3E7DD
:1008E0001022194620460AF074FB2A463146EBE7EF
:1008F00096BF094B1221195C6A4698BF02313046F7
:1009000011F00DFB1022694620460AF057FB08B093
:1009100070BD00BF14770020D7A30400727C0020B4
:10092000031F012B73B50D4602D8002002B070BD25
:1009300005288CBF10260C4B4FF6FF7198BF1E5C2C
:100940002846324612F00BF80446E4430222A91965
:100950000DF106000AF032FBBDF80630A4B2A34246
:10096000E3D04FF0FF30E1E7D7A3040008B5074913
:10097000024691F8CB3533B1042001F2C751FFF79D
:100980008BFF002008BD6FF01B00FBE714770020F1
:10099000042838B504460D460DD1012311482246DE
:1009A00080F8CB3500F2C7500AF008FB0220F8F7B8
:1009B000D5FA002038BDFFF7B3FF78B9052C96BFF4
:1009C000094B12221A5D2946084898BF02320AF0E4
:1009D000F5FA044B012083F8C645E8E76FF03100D3
:1009E000E8E700BF14770020D7A30400C87C0020EC
:1009F0000A4B93F8C62503F2B35302700022114646
:100A000013F8010F0131002808BF01321229F7D174
:100A1000122A034808BF0020704700BF1477002047
:100A2000C87C00200023F7B50E4608220146154871
:100A30008DF807300AF09BFA50B90DF10700FFF767
:100A4000D7FF054660B96FF01B04204603B0F0BD28
:100A500008220D490B480AF08AFA0028EDD0F2E787
:100A60009DF8077001463846FFF75AFF044628B93B
:100A7000324629463846FFF70FFFE6E76FF02B04B2
:100A8000E3E700BF687C002053A30400014B987D7E
:100A9000F4F786B88887002038B50E4D044695F8DF
:100AA0006030FF2B01D1002038BD02F077FD002817
:100AB000F9D0AB7D23B94FF6FF7322889A42F2D06A
:100AC000237D1B07F0D5607D10F0300018BF01209A
:100AD000EAE700BF8887002010B50F4B044693F863
:100AE000F8204AB12046F121F3F7FAFB2146BDE890
:100AF00010400A48F7F7D4BA93F8083113F001020E
:100B0000F0D103F01C030C2BECD001460448F7F79E
:100B100097FA0028E6D110BD888700206D1A0200E0
:100B2000A50B030030B587B00446F3F729F821463A
:100B30000546684613F02EFE2B5C2A18022B05D0C2
:100B4000082B10D02046F2F7C7FF0AE0134B93F8AA
:100B5000083103F01C030C2BF4D16946204601F048
:100B6000D3F807B030BD0D4991F809319D06E9D59C
:100B700091F81631032BE5D191F80A319807C3F3A8
:100B80004002DFD443F0020381F80A3104482146D1
:100B9000F7F756FA0028E4D0D4E700BF8887002092
:100BA0005D24030030B52B4C87B00546132200218D
:100BB00001A80AF00EFA94F8F8303BB994F808311D
:100BC000DA0703D403F01C030C2B09D1E8212846D3
:100BD000F3F786FB29462048F7F762FA07B030BDE5
:100BE00028460F2184F8F850F3F724FA4FF6FD72E7
:100BF0002389054693421DD80222ADF806308DF8B0
:100C000004202B78032B8DF805301ED10822691C97
:100C10000DF10E000AF0D2F994F8083101A843F062
:100C2000010384F80831D5F80B30C4F8D43201F050
:100C300089F9D3E70323082204F163010DF10600CB
:100C40008DF804300AF0BAF9DBE7B5F80130ADF8F9
:100C50000E30E1E7888700206D1A020008B50C4BC2
:100C600093F80911C80705D440F6B9214FF49370E1
:100C7000F3F7C4FC93F8082142F0800283F80821BE
:100C80008A0704D4987DBDE80840F3F789BF08BD02
:100C90008887002013B50E4B0446D3F8DC323BB1F5
:100CA0000DF10702984718B99DF907007F280AD16E
:100CB00044B1173C082C08D940F675414FF49370A5
:100CC000F3F79CFC142002B010BD0E20FBE700BF20
:100CD0008887002038B50B24074D21460020FFF7F8
:100CE000D9FF0134E4B21B2C05F8010FF5D1012224
:100CF000024B83F8E02238BD688A002088870020F4
:100D000038B50146044601220B48F7F799F988B136
:100D100003212046F3F78EF9022145782046F3F7A8
:100D200089F9F123457003702146BDE83840034836
:100D3000F7F7B6B938BD00BF29190300A1190200A1
:100D40002DE9F04F9BB0014604460CA813F022FD9C
:100D500001462046F3F734F89DF8453006469D07D6
:100D600020D52046F2F726FF05AA01460546304663
:100D700013F0C8FE0646A8B10599A94212D0204634
:100D8000F3F71EF89DF84450074615F007050DD0FF
:100D9000032D07D12046F2F70DFF05AA014638467C
:100DA00013F0D0FE2046F2F797FEE4E02046F2F77B
:100DB000E7FE07462046F2F7FDFE8046204611F08A
:100DC00079FC8346204611F07BFC202201902946C5
:100DD00012A80AF0FEF897F901207B78002AE1DBDF
:100DE0003A785006DED15B0043EAD2135BB27E2B29
:100DF000D8D10225A8EB0503012B66D8A845D1D18F
:100E0000002ECFD09DF84830002BCBD0A8F10203A4
:100E10005A1BCDE902239DF84520DFF864A1920911
:100E20008DF81820BDF840200EA9ADF819200DF15D
:100E30001B0008229DF850900AF0C0F89AF8602034
:100E40000DF152018DF824209AF85E200DF1250055
:100E50008DF8232002220AF0B1F8BDF85420204674
:100E6000ADF82D2000228DF8272011F029FC8DF8F7
:100E700028002046139EF2F783FE9DF850C0361AD4
:100E80001398029A791960440AF098F8039BA8EB2A
:100E90000901C91AF6B22944891B2046F2F76AFFF4
:100EA000022120469DF85070F2F78AFF9AF8093126
:100EB000023E9906F6B224D59AF81B300BB340F2E5
:100EC000AA514FF49370F3F799FB7B195B78DA0919
:100ED00094D0795D1A0202F4E0621143023505EB09
:100EE0000109C845C3F3C30388D3022B03D00F2BDA
:100EF00086D04D467EE712AA781913F04CFE0646BE
:100F0000F7E75B212046F3F7C7F85B22002105468F
:100F10000AF05FF8012385F853309DF846302046EB
:100F20006B70002385F85530F2F744FE5B381722CA
:100F300085F8560006A9A81C0AF040F895F8562036
:100F400095F85530214613449B1B85F85430019B7E
:100F50000A4885F8583085F8596085F85A7085F840
:100F600057B0F7F79DF89AF809319A0603D543F080
:100F700080038AF809311BB0BDE8F08F51E401000D
:100F800088870020F0B505468FB03422002101A8E3
:100F90000AF01FF81D4B294601931D4B01A803932E
:100FA0001C4B04931C4B05931C4B06931C4B0D933D
:100FB0001C4B07931C4B0993F0F7ECF8044610BB4D
:100FC0001A4E2F781A4D0C21304611F0F2FC2846AB
:100FD0000822214600F8637B09F0FBFFF2F706FDCB
:100FE00085F8010101F0DAFCDEF7BEFA40F2FF13EA
:100FF0007360DEF7B3FA05F2F12085F8E04202F003
:101000006BFB02F085FA20460FB0F0BDE122030031
:10101000352A030015290300010D03004D33030099
:101020009D340300F91B0300D90A03007C870020CC
:10103000888700202DE9F04F6A4C054694F8093165
:101040008A46580787B005D440F6E1114FF49370F3
:10105000F3F7D4FAD90705D594F80C3113B940F653
:10106000E311F3E7BAF1FF0F02D140F6E411EDE727
:1010700094F80931284623F0030343F0030384F86E
:101080000931F2F77DFDDFF86481064698F9733F78
:10109000002B0BDA037823F0080343F008030370F6
:1010A00098F8733F6FF3C71388F8733F2946684673
:1010B00013F070FB9DF81530C3F38103032B5ED052
:1010C000022B5ED14FF6F773BDF800709F428CBFC4
:1010D0000027012796F80090DFF814B119F02009D5
:1010E00054D0DBF80420B3789A424CD194F8023102
:1010F000AB4248D194F80391A9EB0A02D2F100095E
:1011000049EB0209DEF730FAB3780026CBF8043059
:10111000DEF724FA94F8083100226FF3C713FF2199
:10112000314884F8083184F8025184F803A1F7F7B4
:1011300027FA98F8743F94F85E2003F001031343F4
:1011400084F8046114BF03240124B9F1000F3BD1DA
:10115000BFB302F0BBFB0023012128461A4613F05F
:10116000E6FB21462846F3F7AFFC2846F3F78AF85A
:10117000430601D502F0FEFB07B0BDE8F08F012762
:10118000A8E70027A6E74FF00009BBE7DEF7ECF978
:1011900040F2FF13CBF80430DEF7E0F994F80831A1
:1011A00094F85E2069F3C71384F8083198F8743F07
:1011B00084F8049103F0010313430CBF01240324BA
:1011C000C6E702F0BFFBC6E702F0A8FB284633469D
:1011D0003246012113F0ABFB31462046F3F75CFCAD
:1011E000C3E700BF888700205D0C03001477002050
:1011F0007C8700202DE9F0478EB0DEF711FD08B99D
:10120000F3F742FCDEF7B0F9DEF70AFD0546954C30
:10121000DEF7A4F915B3012010F0D5FF054600282C
:1012200056D0DEF7A1F9DEF799F92846DEF700FD82
:10123000064668B10020F3F7AFF82846F2F7BAFC8B
:10124000002847D14FF46A714FF49370F3F7D6F941
:101250002846F2F741FC3046F3F79EF8DEF784F9B2
:10126000F3F712FC0646804DDEF778F9002E00F009
:10127000A88194F809316FF3410384F809312B6890
:10128000012B40F08481E12384F8043102F06AFBF1
:101290000022FF217548F7F773F940F2FF136A68DF
:1012A0009A4207D094F80811C90903D122696F48FE
:1012B000F6F7FAFF94F80431002B00F0738140F246
:1012C000FF136A689A4240F06D8102F013FB69E1F6
:1012D0000120C1E72846F2F753FC2946804608A8BA
:1012E00013F058FA2946064608A802F0BDF908A8E6
:1012F000FFF7D2FB08B92846A5E094F8083103F0BF
:101300001C030C2B09D19DF8343003F00703032B89
:10131000F1D118F80630022BEDD128469DF8377030
:10132000F2F748FC02378742E5D8002328461A46E0
:10133000194613F0FCFA9DF834309F0607D50023B8
:10134000012019469DF83620009313F006FB94F80F
:101350000831D80703D403F01C030C2B29D1002239
:10136000FF214348F7F70CF9002242481146F6F7EF
:1013700067FE2846F2F71EFC9DF83730023398428C
:101380000CD12846F2F7A8FB94F80831EB206FF354
:10139000410384F8083100F06FFD5FE794F80831ED
:1013A0006FF34103D90784F8083102D5002000F01B
:1013B00063FD94F809319A060CD594F81631042B84
:1013C0001DD8DFE803F01803031203009DF8343042
:1013D0005B0710D19DF83530C3F30112022A11D1F9
:1013E00029462548F6F75CFE38E79DF8343003F0CF
:1013F0000703032BEED02846F2F76EFB2EE740F2F0
:10140000514121E79DF8347007F00707012F1FD0E5
:10141000032F00F0A680002F7FF46DAF2846F2F76F
:10142000AFFB13F0F9F80646284611F043F982465F
:10143000284611F045F981462846F2F7BBFB331DDB
:10144000984228461CD2F2F747FB02F083FA05E7E0
:1014500018F80630C3F38303032B3FF44CAF29463F
:101460000648BFE7888700207C8700205D0C0300CA
:10147000791E03008D0A0300410D0300452303007C
:10148000F2F798FBC6F1590880442846F2F7BCFAF7
:1014900080453FF630AF9DF8353008229B098DF826
:1014A0000830BDF830300AA90DF10B00ADF8093055
:1014B00009F084FD94F8603028468DF8143094F8D3
:1014C0005E308DF81330F2F75BFB9DF83710022287
:1014D00001440DF1150009F071FD28468DF81770D3
:1014E00011F0EEF831468DF818002846F2F768FC46
:1014F00002212846F2F73EFC2846F2F75BFB5B210F
:1015000080462846F2F7C8FD06469DF8363080F83A
:1015100053704370172202A9023009F04FFD39467B
:10152000392206F1190009F054FD5FFA88F386F8B4
:10153000543086F85A30237886F85970337029462B
:10154000AE4886F857A086F85890F6F7A9FD94F8AB
:1015500009319F067FF582AE43F0800384F809319C
:101560007CE69B09032B02D02946A5483AE70822CE
:10157000A4490AA809F0FBFC00283FF4BCAE0822ED
:10158000A1490AA809F0F3FC0028EDD1B3E62B68C5
:10159000042B04D100219D48F6F782FD8AE6002342
:1015A00084F80431F3F76AFA002240F2FF132A604C
:1015B0006968994202BF94F8093162F3000384F824
:1015C0000931AB68002B4BD040F2FF136A689A4296
:1015D00046D0AB68012B40F2D88094F80831DE0782
:1015E00000F1D58003F01C03A3F10C0043424341FA
:1015F000002694F80821304663F3410284F808215C
:101600006A68A968D2B201F0FE013346009613F071
:10161000A4F9AE60DDF7A8FF40F2FF136B60DDF7C1
:101620009DFF94F80831324666F3C713FF217748CF
:1016300084F80831F6F7A4FF94F8093184F80261C0
:1016400066F3000384F80931A37D84F80C613BB98B
:1016500094F808319907C3F3400001D4F3F7A0FAD6
:1016600040F2FF136A689A423FD194F80931DA07D1
:101670003BD49B0739D4DEF7D3FA002835D1F3F7F2
:1016800003FA064688BBD4F8FC3023B194F8000175
:101690009847C4F8FC605E4E336933B3B368A27DEB
:1016A00003EB830306F1140158184AB994F8082192
:1016B000D70703D402F01C070C2F01D1920714D4D2
:1016C00094F8092142F0040284F80921CB580079EA
:1016D000984711223369013B3361B3680133B3FB8F
:1016E000F2F202EB02129B1AB36094F90831002B5C
:1016F0003EDADEF795FA00283AD1F3F7C5F9B8BB20
:1017000094F80931C3F340079B0731D43A46FF21CF
:101710003E48AF60F6F734FF94F80C31227E013377
:10172000DBB29A4284F80C3133D2A07DF3F738FA59
:10173000DDF71AFF40F2FF136B60DDF70FFFB4F81F
:10174000083184F8027123F4C073A4F80831E92346
:1017500084F80431D4F8FC3084F80C7143B102F001
:10176000C9F8D4F8FC3094F800019847C4F8FC702C
:1017700094F809316FF382039D0684F80931DAB2D7
:101780001DD500200EB0BDE8F087002330E701230F
:101790002EE794F8023113B94FF41E7154E5F3F7B4
:1017A0006DF92F6094F8093194F8031143F00403A4
:1017B00094F8020184F80931FFF73CFCD8E794F86B
:1017C000083113F01C0FDCD1D007DAD4104C21699A
:1017D0000029D6D1D907D4D49307D2D4DEF720FA82
:1017E0000028CED1F3F750F90028CAD194F80E3171
:1017F000002BC6D16FF00100C4E700BF51E4010027
:10180000250B030053A304004BA304005D0C03004D
:1018100014770020024BC3F8DC02FFF75BBA00BF6D
:1018200088870020FF2970B50D463E4C03D094F800
:101830006230FF2B72D194F85E30FF2B09D1FF2864
:1018400084F85E0084F85F0084F860504ED1002078
:1018500070BDFF2843D0B3FA83F1B0FA80F2490992
:101860005209914284F85E0084F85F0084F8605069
:101870003CD1A3F117014B42A0F117064B41724234
:101880007241934232D1FF2DE1D094F8E0320BB98E
:10189000FFF720FA94F8601094F85E00FFF7FAF969
:1018A00094F85E3094F8606084F8D8027BBB0B3EFD
:1018B000F3B20F2B2BD8264496F9E102DEF7D4F8C9
:1018C00012F0D1FE86F8E1022846DEF7BFF808BB29
:1018D000A07D003818BF0120F3F762F9B7E74FF693
:1018E000FF7384F86050A4F85E30B0E720B9042399
:1018F000E36002232361C6E710F0170F01D00A232B
:10190000F6E740F62F414FF49370F2F777FEDEF7DB
:10191000ABF8D9E7FF2384F8603099E76FF0220035
:1019200096E700BF8887002070B505460021F2F7D2
:10193000D7FC03212846F2F77DFBFF21224C064607
:10194000084684F85F1084F86210FFF76BFF28B137
:101950004FF40A614FF49370F2F750FE3378012B85
:1019600001D101F01BF8E088DDF7D4FF0022FF2150
:101970001648F6F705FE94F8093100226FF3451377
:10198000FF21134884F80931F6F7FAFD94F8F800BE
:1019900020B1F2F7A1F8002384F8F830A07D767822
:1019A00008B9F3F7FDF802212846F2F743FB0023BC
:1019B00046700370074801F08FFE2946BDE870406D
:1019C0000548F6F76DBB00BF88870020D12D0300C6
:1019D000791E0300798A0020A119020070B5104D0C
:1019E000044695F85F30FF2B14D0FF2895F862600D
:1019F0000DD1FF2E11D095F86000DEF727F818B151
:101A000010F1150F18BF344685F8624070BD85F897
:101A10006200F2E76FF02200F8E70020F6E700BF6F
:101A2000888700202DE9F0430E2187B08046F2F729
:101A300001FB0022817A0646032012F0B6FE2F4CED
:101A400000F102090546494694F80101F2F7F8F859
:101A5000074628B94FF4807140F22710F2F7CEFD07
:101A60004A46002109F0B5FA0222002105A809F032
:101A7000B0FA9DF8143005A823F0270343F02303A0
:101A80008DF81430B17A12F017FF9DF8153005A8C3
:101A900023F0300303218DF8153012F0FDFE31469E
:101AA000E37D08228DF816300133E37531F8023BEF
:101AB0006846ADF8123009F081FA08224FF6FF733C
:101AC0000DEB020004F16301ADF8103009F076FA75
:101AD0006946384612F092FE01227A55727B7B19D4
:101AE0005A70074B294694F80101C4F8FC3084F879
:101AF0000081FFF79FFA07B0BDE8F08388870020D8
:101B0000A11C030070B50E2186B0F2F793FA0326EC
:101B100004460E4D082229460DF106008DF804609A
:101B200009F04CFAA37A0822A11C0DF10E008DF8E1
:101B3000053009F043FA95F8A53001A866F384034F
:101B400085F8A53000F0FEF906B070BDEB870020E7
:101B5000E829F8B504460D463BD0244991F80831F0
:101B6000C3F34112013262F3461381F80831DAB24D
:101B700003F07C03102B1ED001270B212046F2F727
:101B800059FA06460B22002109F023FA294620467D
:101B9000F2F7A6FB21461648B570F6F781FABFB1F9
:101BA000124B93F8F820A24215D04FF4D77140F2AF
:101BB0002710F2F723FD1346052262F3840381F810
:101BC0000831002201460B48F6F73AFA0028D3D133
:101BD000F8BD0027D1E7002193F8082183F8F81019
:101BE00061F3840283F80821F2E700BF88870020B0
:101BF000D5F20100051B030010B501460446002282
:101C00000548F6F71DFA28B12046BDE81040F1213D
:101C1000FFF79EBF10BD00BF1D1C03002DE9F04162
:101C20000E210646F2F706FA1B4C034694F80851BB
:101C300094F8F82005F01D05154302D1827A022A96
:101C400005D0E8213046BDE8F041FFF781BF1F888D
:101C5000197BC07A1FFA87F884F80451FFF7E2FD78
:101C60004046DDF757FE04F16300E780DDF768FECC
:101C70002A463146094884F8F860F6F7E1F908B1D8
:101C8000F121DFE7012294F8083162F3840384F83C
:101C90000831BDE8F08100BF88870020251A0300C5
:101CA00010B402240D4B014693F8082164F384021A
:101CB00083F8082193F804215AB993F8080162F3D4
:101CC000461083F808015A7E05485DF8044BF6F784
:101CD000EBBA11465DF8044BFFF73ABF8887002046
:101CE000E51C030010B50146044600220548F6F73E
:101CF000A7F928B12046BDE81040F121FFF728BF21
:101D000010BD00BF051B03002DE9F0411C4C0F4620
:101D100006460B2194F8F8009046F2F78BF9054639
:101D200002464146384612F0D7FD0822E91C04F16C
:101D3000500009F043F92B8894F8F8002381A97822
:101D4000F2F7CEFAAB782BB14FF6FF73E3804FF684
:101D5000FE7323812089DDF705FE94F8F810094809
:101D6000F6F79EF994F8083130466FF3840384F84F
:101D70000831002384F8F830BDE8F041F1F7ACBE3B
:101D800088870020D5F201002DE9F0430E4687B088
:101D90001721904605466C46F2F74CF9A1460346DA
:101DA00000F11002274618685968083303C79342A8
:101DB0003C46F7D1186838609A889B79BA80BB7125
:101DC000B8F1000F05D09DF814102846C908F1F7A6
:101DD000F7FF1B212846F2F72DF904469DF8123033
:101DE0003146437586742846F2F77AFA0822494646
:101DF000204609F0E3F89DF8133003F0C003C02B30
:101E00002CD108220DEB0201A01809F0D7F8BDF87B
:101E10001030E27C23829DF813302946C3F301136E
:101E200063F30512E2749DF81330D2B29B0963F399
:101E30008712E2749DF81320E37C0A4862F30303DF
:101E4000E3749DF81430C3F3020323759DF8153035
:101E5000A376F6F725F907B0BDE8F083BDF80E309C
:101E60002381D4E78D010200024B012293F8041173
:101E7000FFF78ABF8887002038B51D4C054694F8C7
:101E8000F83073B300221B481146F6F7D9F8002248
:101E9000FF211948F6F774FB94F8083103F01C028F
:101EA0000C2A0BD1042262F3840384F808312946FA
:101EB00094F8F800BDE83840FFF74ABEDA0711D5BC
:101EC0006FF30003294694F8F80084F80831F2F71C
:101ED00007FA94F8F8100948F6F7E2F8002384F8B6
:101EE000F83038BD40F2513140F22D10F2F786FB48
:101EF000888700208D0A0300791E03006D1A0200F6
:101F000010B50E4B93F804413CB1987DF2F748FEB2
:101F10002046BDE81040FFF7AFBF93F808219207B5
:101F200006D5BDE81040D921DA680548F6F7BCB9F6
:101F3000987DF2F735FEEB20EBE700BF88870020A5
:101F4000791E03002DE9F0414178044686B000294E
:101F500045D00546012215F80A0B12F026FC294649
:101F600006460822684609F029F808220027294D6C
:101F7000A11CEB880DEB0200ADF81230ADF810702B
:101F800009F01CF8EB7D022239468DF8163005A8C1
:101F90000133EB7509F01DF89DF81430617823F0DA
:101FA000670343F0630305A88DF8143012F084FC36
:101FB0009DF8153006F10108217823F0300305A8BB
:101FC0005FFA88F88DF8153012F066FC414695F8F6
:101FD0000101F1F735FE044630B99C2100E07D2176
:101FE00040F22D10F2F70AFB4246394608F0F1FFA5
:101FF0006946204612F002FC0423A355064B3146E5
:1020000095F80101C5F8FC30FFF714F806B0BDE8FB
:10201000F08100BF88870020011F030070B50546CE
:1020200086B018220021684608F0D3FF1721284601
:10203000F2F700F804465E4E817C2846F2F794F9E8
:10204000228AF388E07CD11A4A424A418109C0F3CE
:10205000011012F0AAFB237D60F3C7032375284605
:10206000F1F7A8FD237D00EBD3007F2805D94FF4BD
:102070008B7140F22D10F2F7C1FA0222002105A85F
:1020800008F0A7FF9DF81430F18823F0270343F0F0
:1020900001038DF81430E27C520102F02002134358
:1020A00003F0B9038DF81430228A8A4252D1E17CC0
:1020B00011F0300204D03F2994BF002101218A0190
:1020C0001A438DF81420E17C05A8890912F0F4FB6D
:1020D000E17C05A8C1F3011112F0DEFB9DF815307B
:1020E00023F030038DF81530F37D8DF81630013371
:1020F000F375238AADF81230E37C03F0C003C02BE4
:102100002AD108226846A11808F058FFF388294E02
:10211000ADF81030E37C03F03003202B25D1238869
:102120002846ADF80830F1F72BFD96F8743F5A06B3
:1021300007D58388B6F8822F99B2914201D1ADF8C4
:102140000830217D2846C908F1F7A6FF50BB40F2B0
:1021500091118EE70022B3E7802B01BFA37BE27BC6
:1021600043EA0223ADF80030D0E7082221460DEB08
:10217000020008F023FF2846F1F702FD96F8743FAD
:102180005B06DED5082206F67971103008F0EFFE06
:102190000028D6D1082206F679710DEB020008F06E
:1021A0000DFFCEE7694612F029FB002006B070BD96
:1021B00088870020147700202DE9F0410546F2F7CA
:1021C00061F8044610F00E0043D02846F1F7D8FC21
:1021D00043780278C3F381019809C2F3801212F0A8
:1021E000E4FA04F00603062B06461B4F13D1014602
:1021F0000023284697F80121EAF7C0FC48BB314686
:102200003A78164B97F80101134493F80C2ABDE86D
:10221000F041EFF7EDBE14F0040F104B0AD03A78FE
:1022200001461A442846BDE8F041002392F80C2AE2
:10223000EAF7A4BCA20706D53A780146134428461B
:1022400093F80C2AE3E740F2892140F22D10F2F7CF
:10225000D5F9BDE8F08100BF888700201477002001
:1022600070B517210446F1F7E5FE064628B940F29D
:10227000A22140F22D10F2F7C1F90023154D20469E
:1022800085F80431FFF798FF70B9134B2046C5F865
:10229000FC3085F80041F1F7F5FF10F00E0F317DAD
:1022A0000CD12046C9080FE0E423153085F804312D
:1022B0000ED02046BDE87040FFF7D6BD2A78074B08
:1022C000C908134493F80C0ABDE87040FEF7B2BE8B
:1022D00070BD00BF88870020691E030014770020AE
:1022E00038B517210446F1F7A5FE05462CB940F292
:1022F000FB1140F22D10F2F781F92046FFF78EFE18
:10230000EB7C5A0704D52046BDE83840FFF7A8BF4C
:102310000A4B93F80931C3F340129B0606D52046B9
:10232000BDE838400122F121FFF72EBD21460448C7
:10233000F5F786FE0028F2D138BD00BF888700205F
:102340006122030038B50446F1F734FC28B94FF494
:102350003E7140F22D10F2F751F994B1042120465C
:10236000F1F768FE082105682046F1F763FE054B8A
:1023700045601B7821460370BDE838400248F5F7F8
:102380008FBE38BD8887002099010200F0B587B064
:10239000144607460D460B22002103A81E4608F0EE
:1023A00018FE04238DF80C30144B9DF8300093F880
:1023B0005E2093F8603000F00F008DF80F309DF82C
:1023C00034308DF80E2040EA03109DF83C308DF833
:1023D00014008DF816309DF938302A468DF81530E6
:1023E00001230B2100930196234603A804978DF83F
:1023F0000D40F6F71BFD07B0F0BD00BF8887002039
:102400002DE9FF4105460E4617469846F6F706FDAC
:10241000D0B1114A136801331360F6F789FCB8F1A3
:10242000010F14D89FB9AA1912F9023C12F8014CF5
:102430000222CDE902349DF828302946CDE90083F7
:10244000B21A3B46FFF7A2FF04B0BDE8F0810024BA
:1024500023462246EDE700BFB48A002070B588B05D
:102460000446F1F78DFB2146019002A812F092F983
:10247000134E019B35460130034401A930460193B8
:1024800010F03CFA35F80609DDF744FA01A9B01E50
:1024900010F034FA019B187885F86000DDF7D6FA61
:1024A000019B01A90133B01C019310F027FA288980
:1024B000DDF758FA2046F1F70FFB08B070BD00BFFA
:1024C0008E87002013B5ADF806100621F1F7B8FB92
:1024D00002220446C2700DF10601043008F06EFDC0
:1024E000024B1B78A37002B010BD00BF888700208C
:1024F00010B50C460521F1F7A3FB0123C370024B75
:1025000004711B78837010BD8887002008B53F21B7
:10251000F1F796FB0423C370044B04301B7800F8DA
:10252000023CBDE8084001F0F9B800BF88870020F0
:102530002DE9FF470546F1F723FB044600210B2256
:1025400001A808F046FD002321468DF804302378C9
:102550008DF8053063788DF8063011F80B3B5A2B57
:1025600044D83F2B06D8002B6AD0042B00F08E8075
:10257000F42375E0403B1A2BFAD801A252F823F05D
:10258000A3260300BF26030071250300C72603000E
:1025900071250300CF260300D5260300DF260300A4
:1025A00071250300E9260300F9260300F326030042
:1025B000FF26030071250300712503007125030028
:1025C0000727030071250300192703002D270300A7
:1025D00071250300A926030071250300712503005E
:1025E00099260300AF260300B7260300882B17D8CF
:1025F000802BBDD9813B072BBAD801A252F823F01A
:102600003F27030071250300712503007125030096
:10261000712503004F270300C1280300B9280300D8
:10262000962B00F05081982B00F05281952B9FD172
:10263000E07AFFF7D3F910F1150F0FD1F2230FE075
:10264000A94B93F85F00FF2805D140F24A3140F2D0
:102650002510F1F7D3FFE17AFFF7E4F8D0B1E123D9
:102660000B21D4F8034028468DF80430F1F7E8FA3E
:102670000B2201A908F0A2FC002C00F031812946B0
:102680002046F5F70DFD04B0BDE8F087E27A964BE1
:1026900083F85F200023E3E70222944808F08EFCD1
:1026A000F8E702229248F9E702229248F6E7E27A36
:1026B0008D4B1A76EEE7E27A8B4B5A76EAE7E27AAE
:1026C000894B9A76E6E7E27A874B1A77E2E7A278B7
:1026D0008948E3E7E27A844B83F84C20DAE7E27A30
:1026E000814B83F84D20D5E7E27A7F4B83F84E206B
:1026F000D0E702228148D1E708228148CEE7E27A7A
:10270000794BDA75C6E702227E4808F057FC764B13
:10271000D888DDF7FFF8BDE7734BE07A987593F83A
:102720005E30FF2BB6D0F2F73BFAB3E702227648D1
:1027300008F044FC6C4B1889DDF714F9AAE708226D
:10274000724808F03BFC7148DDF7FAF8A2E728462A
:10275000F1F730FA082801D8E82381E7E37A032B60
:1027600000F2A780DFE803F0023E6E9D284694F851
:102770000D80F1F705FA07462846F1F71BFA04F138
:102780001406801B4FEAC8080744B84502D94FF425
:10279000DB715CE7237B627B1344DBB2102BDBD85D
:1027A000E27B102AD8D89342D6D84F4F97F86D00C5
:1027B00007F16E08824206D9121AFF21D20008EBF7
:1027C000C00008F006FC627B207B3146D20008EB9B
:1027D000C00008F0F3FBE37B87F86D30A37B87F83C
:1027E000EE3057E7404E96F86D3001330F2BB3D8DB
:1027F0000023184604F10C0896F86D20D9B28A42DD
:102800000FD95F1C00287FF445AF06EBC1010822F9
:1028100040466E3108F0ABFBB0FA80F03B46400911
:10282000EAE700287FF436AF06EBC20004F10C01A2
:1028300008226E3008F0C2FB96F86D30013386F83E
:102840006D3027E74FF00009274F04F10C0A97F885
:102850006D305FFA89F6B3427FF61CAF07EBC6080E
:1028600008F16E0808224146504608F080FB09F145
:1028700001090028EBD197F86D20531EB3420AD00E
:10288000921B013AD20007EBC601404602F0F80263
:10289000763108F07CFB97F86D30013B87F86D309E
:1028A000F8E60022104B83F86D20227B83F8EE209F
:1028B000F0E64FF4E571CAE60422154808F07EFB05
:1028C000E27A094BF2E7E27A074B83F8F420E1E67B
:1028D000E37A13B1F6F792FADCE6F6F797FAD9E65F
:1028E0002846F1F7F9F8CEE6888700209487002083
:1028F000988700209C870020A58700208C870020D7
:10290000D88700208E87002090870020EB8700204A
:10291000788800207FB50446F1F732F90378054640
:10292000532B34D8492B24D85BBB002221461A48AC
:10293000F5F786FBD8B10023CDE90133CDF80B3094
:102940006B780B218DF806302B78D5F803608DF865
:102950000530F12320468DF80430F1F771F901A913
:102960000B2208F02BFB21463046F5F799FB04B00B
:1029700070BD40F243324A3BDBB222FA03F3DB077D
:10298000D3D4204604B0BDE87040FFF7D1BD812B01
:10299000CBD0952BF5D1C8E731250300F8B502233C
:1029A000224C042723614FF47073A4F858304FF47D
:1029B000FA73A38242F2030323830123E760A37522
:1029C00010F007F84FF6FF76E07510F002F84FF6BA
:1029D000FE730025E680238184F84E000FF0F9FF96
:1029E000052384F84F00C4F8F030A4F85E6084F842
:1029F000606084F8626084F86D5084F8EE5084F86A
:102A0000045184F8025184F80C51DCF7ADFD40F21A
:102A1000FF13074E7360DCF7A1FDB5603A46294607
:102A200004F58470BDE8F84008F0D3BA8887002028
:102A30007C8700202DE9FF410446F1F7A1F80A2226
:102A4000014601A808F0BAFA9DF804305A2B4DD877
:102A50003F2B0ED8002B00F08580042B00F08E80D9
:102A600004212046F1F7ECF800230546F426C37054
:102A7000ACE0403B1A2BF3D801A252F823F000BF80
:102A8000852B03009B2B0300612A0300A12B03006D
:102A9000612A0300A72B0300EB2B0300F32B030099
:102AA000612A03001D2C0300312C0300252C030098
:102AB0004D2C0300612A0300612A0300612A0300F0
:102AC000532C0300612A0300592C03005F2C0300E0
:102AD000652C03006B2C0300612A0300612A0300AC
:102AE000712C0300852C03008B2C030003F17F0263
:102AF000D2B2172AB4D8813B172BB1D801A252F811
:102B000023F000BFFB2B0300612A0300612A0300AE
:102B1000612A0300612A0300912C0300332D030076
:102B20003B2D0300612A03002B2D0300612A0300C3
:102B3000612A0300612A0300612A03005F2D03005C
:102B4000672D0300612A0300612A0300612A030044
:102B5000612A0300752B0300612A0300612A030028
:102B6000732D0300874B93F860102046FFF7C0FCDD
:102B70000026D5E0834B93F86210F6E7814B93F87B
:102B80005E10F2E77F4B1969B1F5803F78D34FF4BF
:102B9000FA7140F22510F1F731FD7A4B997EE4E7A6
:102BA000784B197FE1E7774E204696F84C100431B8
:102BB000F1F746F8054696F84C2006F11D01C27063
:102BC000043008F0FBF93378AB7000269DF8043030
:102BD0002E706B70DDF80600002800F0CE802146D4
:102BE000F5F75EFA04B0BDE8F081664B93F84C103F
:102BF000BBE7644B93F84D10B7E70C212046F1F783
:102C00001FF8614E054608223146043008F0D6F917
:102C100016F8633CAB700823EB70D6E7594B93F87A
:102C20004E10A2E7574B99882046FFF74BFC9FE7D1
:102C30000C212046F1F704F8544E0546082231468F
:102C4000043008F0BBF916F8503CE3E74D4BD97D52
:102C50008BE74C4BD988E7E74A4B997D85E7494B91
:102C60001989E1E7474B5989DEE7464B998ADBE74B
:102C7000444BD968B1F5803F02D340F24E2188E73A
:102C800089B2D1E73F4B197E6FE73E4B597E6CE727
:102C90002046F0F775FF3B4E00F10A01022268461C
:102CA00008F08CF99DF8007096F86D309F422ED296
:102CB000DB1B9DF80170DBB29F4228BF1F467D1CC5
:102CC000ED0029462046F0F7BBFF80462046F0F78E
:102CD00071FF031F88F803309DF8003088F8043036
:102CE00096F86D2088F8077088F8052096F8EE2091
:102CF00088F80620002F3FF43BAF2549A5F10802D4
:102D000001EBC30108F1080008F058F930E7002F83
:102D1000D5D004212046F0F793FF0023F926C37095
:102D20002046F0F72DFF054650E7164B93F86D103F
:102D30001BE7144B93F8EE1017E7124E0821D6F854
:102D4000F03020460093F0F77BFF04220546C27066
:102D50006946104408F032F93378AB7008E7204632
:102D6000FFF7D4FB04E72046FFF7D0FB00F074FD2B
:102D7000FEE6F6F753F80146F7E62046F0F7ACFE1C
:102D800030E700BF88870020EB870020D88700202D
:102D9000F6870020FF2307B58DF807300B4B93F81B
:102DA0006030FF2B07D1FE238DF807309DF8070018
:102DB00003B05DF804FB0028F5D10DF10700DCF746
:102DC00013FE9DF80730FF2BF0D1ECE78887002039
:102DD0002DE9F74324210746F1F72CF9844C0546E9
:102DE00094F8093190F803805A062FD5D023437008
:102DF00094F8093123F0600384F8093194F816310E
:102E00003BB994F80A315B0703D50DF10700DCF7F5
:102E1000EBFD94F8151194F81401FEF703FD28B1A9
:102E200040F20B1140F23110F1F7E8FB94F8163143
:102E3000012B01D0042B02D1E088DCF76BFD394671
:102E40006C4803B0BDE8F043F5F72AB940460DF1F0
:102E500006010FF0A8FA10B14FF48C71E2E740467A
:102E60000DF107010FF0B4FA10B14FF48D71D9E7ED
:102E700094F816119DF80720032903D194F80A311C
:102E80009E0730D49DF80660D4F81031964253D88E
:102E900023FA06F0C00779D50122B24023EA0203E3
:102EA000C4F8103179B994F80A0143070BD5C0F37F
:102EB000C00095F80490FFF76DFFA94489F8090058
:102EC0002B7901332B7194F80A31314643F0040316
:102ED000404684F80A310DF10502F1F75BFB20B1A1
:102EE00040F241119EE71646CEE740469DF8051098
:102EF000FEF798FC94F80A31A0B960F3C30384F894
:102F00000A3194F816311BB994F81801DCF740FD2A
:102F100094F81631012B2DD1002211463648F5F7D1
:102F20008FF803E043F0080384F80A313946D4F8F7
:102F300018213248F5F7B8F99DF8073001339E4261
:102F400049D194F816315BB994F80A012E79C0F38F
:102F5000C000FFF71FFF2E4470722B7901332B71D5
:102F600094F8151194F81401FEF75CFC88B140F256
:102F7000AF1157E7042B03D1002239462048CEE792
:102F8000032BD3D100221F481146C8E70136F6B201
:102F90007CE794F81631012B20D194F80931DB0934
:102FA00004BFEA236B7094F81631012B01D0042B77
:102FB00002D1E088DCF7AEFC94F80931FF216FF311
:102FC000451300220D4884F80931F5F7D9FA39463E
:102FD0000848F5F765F803B0BDE8F083042BDCD0B2
:102FE000032BE0D194F80A3113F0020FD8E700BFA9
:102FF000888700204DE20100D9310300D12D030064
:10300000093003007D3203002DE9F04786B0064603
:10301000F0F7B6FD80463046F0F7CCFD012810D918
:10302000304698F8004098F80150F0F7C3FD631956
:103030000233834207D940F2122140F23110F1F7F6
:10304000DDFA00252C4601220221032011F0ADFB00
:103050002B1E18BF01232E190136064406EB8306EA
:10306000DFF87091F6B20746314699F80101F0F7A2
:10307000E7FD824610B940F22E21DEE732460021FC
:1030800007F0A7FF0222002105A807F0A2FF9DF884
:103090001430022123F0470343F043038DF814302A
:1030A0009DF8153005A823F0020343F002038DF8C4
:1030B000153011F001FC032105A811F0EDFB9DF87E
:1030C0001530082223F0300343F020038DF815302B
:1030D00099F8173009F163018DF81630013389F83A
:1030E00017304FF6FF730DEB0200ADF81230ADF85C
:1030F000003007F063FF6946504611F07FFB0AEB92
:10310000070654B9BDBB07233370394699F801014E
:10311000FDF790FF06B0BDE8F0872246304608F183
:10312000020107F04BFF33193F229E1C65B30021BB
:10313000023419705A7008EB04010B461C465A7889
:1031400014F8020B4FEA022CC2F3C3020CF4E06C39
:10315000022A40EA0C001BD023185A1A9542EDDCD3
:103160002A46304607F02AFF00227255F8227319CA
:103170005A709E1CC7E73F230AF80740023606F83C
:10318000013C08F10201D8E780215A701970BAE7B2
:103190009A781B2AE0D1DA78192ADDD11A794A2ADD
:1031A000DAD105331A1B824204DB23185A1AAA42C9
:1031B000C4DBD5E71A784FEA921CBCF1010F03D1AA
:1031C00099F8D8229A70CBE702F03F0202321344FA
:1031D000E8E700BF888700200022F0B502211046F2
:1031E00087B011F0E2FA244E471CFFB2044639467C
:1031F00096F80101F0F724FD054628B940F2C321F5
:1032000040F23110F1F7FAF93A46002107F0E1FEF9
:103210000222002105A807F0DCFE9DF8143005A865
:1032200023F0070343F0030302218DF8143011F05B
:1032300043FB9DF8153005A823F0300300218DF8DD
:10324000153011F029FBF37D69468DF816300133F6
:10325000F3754FF6FF732846ADF81230ADF8003025
:1032600011F0CCFA07232B55214696F80101FDF702
:10327000E1FE07B0F0BD00BF88870020F0B5012255
:10328000022187B0032011F090FA2F4C471CFFB2A7
:103290000646394694F80101F0F7D2FC054628B9F4
:1032A00040F2073140F23110F1F7A8F93A46002117
:1032B00007F08FFE0222002105A807F08AFE9DF884
:1032C000143005A823F0070343F0030302218DF80F
:1032D000143011F0F1FA05A8032111F0DDFA9DF880
:1032E0001430082223F0400343F040038DF81430DB
:1032F0009DF815300DEB020023F030038DF81530EA
:10330000E37D04F163018DF816300133E3754FF668
:10331000FF73ADF81230ADF8003007F04FFE69468C
:10332000284611F06BFA0623AB55002394F80101EF
:103330001A46012111F0FBFA012194F80101F1F77D
:10334000C3FB07B0F0BD00BF888700202DE9F8431C
:1033500007460021F0F7C4FF08213846F0F76AFE5F
:10336000054620B9342140F23110F1F747F943788E
:1033700090F802800E2B90F8079002D90378032B67
:103380000DD1D5F8033053B1414C94F809319B0667
:1033900005D42B78012B14D9033B012B11D92421FF
:1033A0003846F0F747FE80F803802B7880F80090CD
:1033B0008370E82343703946BDE8F8433548F4F795
:1033C0006FBE94F80931242143F0200384F80931B9
:1033D000D5F803303846C4F8103194F85E3084F8DC
:1033E000143194F8603084F815312B7884F81C91EE
:1033F00084F816312B78032B04BF05236B7001234F
:103400006A7893400133C4F81831F0F713FE0022B4
:10341000427094F8163180F803808370D4F810114C
:10342000D5F80330064623EA0103C0F805300271DF
:1034300080F80090FF211848F5F7A2F894F81631AB
:10344000042B0ED8DFE803F016030D1D030094F8DB
:1034500009314FF6FF706FF3C71384F80931DCF7B9
:1034600059FA002239460C48F4F7EAFD70B1F1230D
:103470007370A0E794F80A316FF3820384F80A317D
:10348000EFE794F80A316FF34103F7E7BDE8F883FB
:10349000888700204DE20100D12D030037B5044696
:1034A00028B940F26B3140F23110F1F7A7F8154A14
:1034B00092F8093158061ED499061FD543F04003EF
:1034C000FF2182F8093110480DF10702F5F758F88D
:1034D0009DF8071011B10C48F4F7E2FD0025042116
:1034E0002046F0F7A7FD21460560084803B0BDE877
:1034F0003040F4F7D5BD6FF04405F0E76FF02205DA
:10350000EDE700BF88870020D12D030049E10100CD
:1035100040220021014807F05CBD00BF509200200E
:10352000024B1878003818BF0120704750920020D5
:103530002DE9F8438046FFF7F3FF0546B0B10024BC
:1035400027460B4E06F1FF3999F800309F4202D30F
:103550002046BDE8F88331460822404607F007FDC3
:103560000137002808BF2C460836EDE70124EFE7B5
:103570005192002001460022012030B5064B93F8FD
:1035800031403033944200D830BD33F8025F01320D
:103590008D4208BF0020F5E75092002037B5437DEB
:1035A00004469B09022B04D0032B1ED01BB301221F
:1035B00011E005892846FFF7DDFF024658B1FFF705
:1035C000AFFF40B169462846EFF716FE30B96846AE
:1035D000FFF7AEFF0246104603B030BD237D13F067
:1035E000070F0CBF01220022F5E7083003B0BDE849
:1035F0003040FFF79DBF037D03F00703022BD6D0B9
:10360000024B93F83E2082F00102E4E75092002042
:1036100020B50546124B0021186890F838303F2B32
:103620004FEA13129EBF013262F3071380F838305D
:1036300090F83820531C03F0030363F3030203EBF9
:10364000430380F83820062200EB430007F0C1FC5A
:103650002946BDE8204049F6B0220248F4F724BECE
:10366000B88A002011360300F8B5194C0546084603
:103670000E4627680FF024F887F836003046276892
:103680000FF018F887F837006B7DC3F38103022B26
:103690000CD14FF6F0712B88226823F00F039BB2F8
:1036A0008B4210D1936901339361F8BD0BB9226845
:1036B000F8E7032BF9D108222846064907F057FC02
:1036C00022680028EED0136A01331362EDE700BFD1
:1036D000B88A00204BA3040038B50E4C0E4D206074
:1036E0000022FF212846F4F74BFF392200212068F1
:1036F00007F06FFC01212368284693F8382061F316
:10370000071283F838200021BDE8384049F6B0227E
:10371000F4F7CABDB88A002011360300F8B5044694
:10372000002800F095803F22002107F052FC0A2378
:1037300084F82030474B1B689A692260DA6962601E
:103740001A6AA2601A8E62835A8EA2839A8EE283CC
:103750009A6AE2609A8D2282DA8D628293F836202C
:1037600084F8212093F9372084F8222093F8382018
:103770000F2A39D900214FF0060E0D468C46084617
:103780001209CEB2B24209D8B0FBF2F0B0F5803FD8
:103790000FD3C4214FF49470F0F730FF0EFB01F704
:1037A000DE19DF5B013138447788B688BC44354484
:1037B000E7E7BCFBF2F1B1F5803F01D3C521E9E7B2
:1037C000B5FBF2F2B2F5803F01D3C621E2E7A08259
:1037D00093F838201209BCFBF2F1E18293F838200B
:1037E0001209B5FBF2F222835B6AC4F83B30002376
:1037F00084F8233084F8243084F8253084F8263087
:1038000084F8273084F8283084F8293084F82A3066
:1038100084F82B3084F82C3084F82D3084F82E3046
:1038200084F82F3084F8303084F8313084F8323026
:1038300084F8333084F8343084F8353084F8363006
:1038400084F8373084F8383084F8393084F83A30E6
:10385000F8BD00BFB88A002000221B4B1B681A76F7
:103860005A769A76DA761A775A779A77DA7783F8E9
:10387000202083F8212083F8222083F8232083F856
:10388000282083F8292083F82A2083F82B2083F826
:103890002C2083F82D2083F82E2083F82F2083F806
:1038A000302083F8312083F8242083F8252083F802
:1038B000262083F8272083F8322083F8332083F8EA
:1038C000342083F835207047B88A0020084B1A68E6
:1038D00092F8383003F00F0303EB430332F8131070
:1038E000013122F81310936A01339362704700BFCD
:1038F000B88A0020084B1A6892F8383003F00F039A
:1039000003EB430302EB4303598801315980938D44
:1039100001339385704700BFB88A0020084B1A68AE
:1039200092F8383003F00F0303EB430302EB430339
:10393000998801319980D38D0133D385704700BFB9
:10394000B88A0020024B1A68D3690133D3617047EB
:10395000B88A0020024B1A68538E01335386704791
:10396000B88A0020024B1A68938E01339386704701
:10397000B88A0020024B1A68536A013353627047B9
:10398000B88A00204FF6F672431E9BB2934213B5DD
:10399000044602D9002002B010BD0DF107010EF05F
:1039A000CDFB0028F6D0034BB3F8AC03001B18BFC7
:1039B0000120F0E71477002030B4164890F83B243B
:1039C0002AB300252C4604F1FC0100EB81018B7B1E
:1039D00013F0010F0CD0012B01BF1D466FF3000542
:1039E0008D731D4615BFFE3302F1FF328B73D2B2C9
:1039F0000134102CE7D10DB180F83B2490F8B93395
:103A00002BB130BC422200210348F4F74DBC30BC3E
:103A1000704700BF14770020B939030038B51B493F
:103A200091F8B93383B3002202F1FC0301EB830365
:103A30009D7B15F0010521D191F83B449A7B01341F
:103A4000E4B281F83B44092142F001029A73828872
:103A5000012CA3F80B20C2795A739A7B61F34702B9
:103A60009A7309D12A46FF210948F4F789FD4222B9
:103A700029460748F4F718FC012006E00132102A15
:103A8000D2D11920F7F728FD002038BD1477002087
:103A9000B9390300002270B50E4C04F2FD3502F175
:103AA000FC018B0004EB81018E7BF60709D5B1F890
:103AB0000B6081888E4204D115F82260C1798E4254
:103AC00004D00132102AEAD1002070BD03F10B00AE
:103AD0002044FAE714770020002310B50C4C03F1C2
:103AE000FC0204EB8202917B01336FF30001102B87
:103AF0009173F4D10022FF210648F4F741FD002222
:103B000084F83B241146BDE810400248F4F738BD64
:103B100014770020B93903002DE9F041184B1746FE
:103B20001A68184B064688461420D3F86014002300
:103B3000934202D16FF015001EE000FB0314257ABA
:103B400015F001051AD114222946204607F041FA42
:103B5000237A062243F001030B4923722046A4F87E
:103B6000068007F02BFA237A092066F345032372B7
:103B70003C60F7F7B1FC2846BDE8F0810133D7E798
:103B800090050020147700204BA3040030B5094BAA
:103B9000142518680023084C834200D130BDD4F8A6
:103BA000602405FB0322117A01336FF300011172C7
:103BB000F2E700BF900500201477002000234FF0AB
:103BC000140CF0B50F4C136026680F4CD4F86074D9
:103BD0009E4203D1BDE8F040FFF79EBF0CFB03758A
:103BE0002C7A14F0010F07D0B5F806E08E4503D10A
:103BF000C4F34404844201D00133E9E70020156096
:103C0000F0BD00BF90050020147700202DE9F74F8C
:103C10000E4607466946304615464FF00008EEF757
:103C20006DFF6FF01B041423DFF864B0DFF86490BD
:103C3000DBF80020424512D814F11C0F0BD12A46A4
:103C40004FF6FF713846FFF767FF044618B9304654
:103C50002968EEF753FF204603B0BDE8F08F03FB61
:103C600008FAD9F860045044027AD1070DD5C2F39E
:103C70004402BA4209D169460EF065FA142320B114
:103C80000024D9F8602452442A6008F10108CFE7E3
:103C90009005002014770020FF23F0B585B08DF843
:103CA0000730037A0546DB070E4604D440F20F11B5
:103CB0006020F0F7A3FC4FF6FF73C2889A4229D028
:103CC0000622504907F053F90246E0B1294602A8FE
:103CD000EEF74AFF0022E9880DF1070302A8EFF78B
:103CE000A1FB494F9DF80710D7F85C34D7F858244A
:103CF0005C5CFF2C1AD1454BD3F800E000239E45B5
:103D000018D1A8B97BE00121E8880DF10703EFF78E
:103D100047FAE6E7014602A8EEF726FF0022012156
:103D20000DF1070302A8EFF703FBDAE7002862D0E2
:103D300005B0F0BD03EB031C02EB0C0412F80CC041
:103D40001CF0010F55D10846EFF722F80028EFD1FB
:103D50009DF80730FF2B52D095F90D10287B0DF000
:103D600085FD01462046EDF73DFC1122002120464D
:103D700007F02FF92378264843F001032370D7F882
:103D80005834D7F85C14E31A43439DF807208B544A
:103D9000EB7A2278C3F3810363F342022270032299
:103DA000637862F302036370EA7CDBB202F0030221
:103DB00003F01F0343EA42136370A37803F0FC038C
:103DC000A370237813F0040315BF637BB5F81120AB
:103DD0006FF30003E3730CBF237463739DF8073024
:103DE00008BFA273A371EDF7A9FA06B134600020F1
:103DF0009EE7013383E704EB04141419A8D16FF094
:103E0000150095E74BA304001477002098050020C7
:103E1000F1F0F0F0F0B50022044614276FF01B001B
:103E20000B4B0C4E1D68954200D1F0BDD6F86014C6
:103E300007FB02110B7A13F0010F07D0C3F3440CF8
:103E4000A44502BF00206FF300030B720132EAE7C2
:103E500090050020147700202DE9F0470025DFF8B9
:103E600084801F4E86B0D8F80030013BAB4232D878
:103E7000002006B0BDE8F08709FB04F4D6F86034F2
:103E800019190A7AD0071CD504F1140A53441A7A76
:103E9000D20716D50A7B1B7B9A4212D2142201A8A4
:103EA00007F08CF8D6F86004142200EB0A012044D5
:103EB00007F084F8D6F86004142201A9504407F0F2
:103EC0007DF80137D8F80030FCB2013B5B1BA34200
:103ED000D2D80135C7E700274FF01409F2E700BF39
:103EE0001477002090050020014B185C704700BF3C
:103EF000DDA304002DE9F34120210446F0F79AF8F0
:103F000001230646077820468DF80730EFF738FE84
:103F100003783046F375B6F80980F8F7CFFA411CFC
:103F20001FFA88F51BD100238DF8073018F4004FD5
:103F300040F068819DF80730012B40F05E81D54B41
:103F400093F8612F920613D5D3F8543F002B00F05D
:103F50007B812946204602B0BDE8F0411847283051
:103F6000E4D18D21204602B0BDE8F04110F017BF2A
:103F700093F851335B0714D53C2D03D0A5F14003D2
:103F8000072B0ED8FAF726F984214FF6F773B6F807
:103F900003209A42E6D9204602B0BDE8F041EFF78F
:103FA0009BBDFAF717F910B1062D00F22481472DB9
:103FB000EAD801A353F825F0F1400300FF400300C5
:103FC000D9400300D9400300E54003000D41030040
:103FD00019410300893F0300893F0300893F030023
:103FE000893F0300893F0300893F0300893F0300A5
:103FF000893F0300893F0300893F0300893F030095
:10400000893F0300893F0300893F03003D410300CE
:10401000893F0300893F0300893F0300893F030074
:10402000893F0300893F0300893F0300893F030064
:10403000893F0300893F0300D3410300854103000A
:1040400093410300893F0300893F0300893F030038
:10405000893F0300893F0300893F0300893F030034
:10406000893F030097410300893F0300893F030014
:10407000893F0300893F0300893F03004941030052
:1040800055410300614103006D410300893F030076
:10409000893F0300893F03002541030031410300AC
:1040A000893F0300893F030079410300893F0300F2
:1040B000893F0300893F0300893F0300893F0300D4
:1040C000DF410300A3410300AF410300EB410300C4
:1040D000BB410300C7410300204602B0BDE8F041E8
:1040E000F7F70CBE204602B0BDE8F041F7F7B4BECA
:1040F0003946204602B0BDE8F041F7F727BF394600
:10410000204602B0BDE8F041F7F7A6BF204602B056
:10411000BDE8F041F8F732B8204602B0BDE8F04102
:10412000F8F7A0B8204602B0BDE8F041F8F718BD96
:10413000204602B0BDE8F0410FF0A2BC204602B01C
:10414000BDE8F041F8F72EBE204602B0BDE8F041D0
:10415000F8F762BE204602B0BDE8F0410FF044BD62
:10416000204602B0BDE8F041F8F764BF204602B037
:10417000BDE8F041F9F70CB8204602B0BDE8F041C7
:10418000F9F77CB90121204602B0BDE8F041F6F70D
:10419000FBBA0021F7E7204602B0BDE8F0410FF07E
:1041A000FEB8204602B0BDE8F041FAF787BE2046CF
:1041B00002B0BDE8F041FAF7EDBE204602B0BDE81E
:1041C000F041FAF773BF204602B0BDE8F041FBF7BB
:1041D0003FB9204602B0BDE8F041F6F775BB204676
:1041E00002B0BDE8F0410FF01EBF204602B0BDE8AE
:1041F000F041F9F763BE8D21C7E62946204600F05D
:104200001DF9C8E62946204600F018F900283FF4B9
:10421000C2AE48F240018D423ED848F22A039D4288
:1042200015D848F206039D4227D848F204039D4260
:1042300000D846D020460DF1070110F035FD9DF85D
:104240000730002B3FF4A7AE02B0BDE8F081012299
:1042500005F5FF4355339BB202FA03F344F6C1322E
:104260001342E7D18D4246D048F23C039D427FF491
:1042700092AE20460FF024FBE1E748F215039D4281
:104280003DD005F5FF456035ADB2022D3FF683AE5A
:10429000D0E700BF1477002048F246039D4207D8BC
:1042A00048F241039D42C5D12046FAF755FCC6E7C6
:1042B00048F247039D427FF46EAE2046FBF7AEF90D
:1042C000BDE720460FF05DFA98B9214BD3F82839A5
:1042D00043B92046F6F7D0FFB0FA80F040098DF8D8
:1042E0000700ACE72946204698470028F1D1012075
:1042F000F5E70020F3E72046FAF778FB9FE7202157
:104300002046EFF797FE06462046EFF739FC0546B4
:104310002046EFF74FFC03287FF63DAE6B8813F085
:10432000400F18BFB6F80120094B18BFA3F83E2371
:10433000297893F82C2891427FF42DAED3F82808E1
:1043400000283FF428AE2146F3F7AAFE77E700BF26
:104350001477002010B5084B04469B6843B92046EB
:10436000D7F7A6FA38B12046BDE81040EFF7B4BB46
:1043700098470028F3D110BD6887002038B51B216D
:104380000446EFF757FE03782046012B14BF0721A0
:104390000921EFF715FD0A4BD3F8485825B92046F7
:1043A000BDE83840EFF798BB93F8BC232046134490
:1043B00093F8BB2393F8BA13A8470028EFD038BD71
:1043C0001477002070B506460D46EFF7D9FB04467A
:1043D0003046EFF7EFFB032828D9637843BB30461C
:1043E000EFF7E8FB041DAC4234BF00240124304643
:1043F000EFF7E0FB112817D93046EFF7C1FB054670
:104400003046EFF7D7FBA0F11101C9B205F1110059
:10441000F4F73CFC40B1084B93F8513313F004031C
:1044200008D01C3018BF0024204670BD0024DEE7F1
:104430000124DCE71C46F7E714770020F8B548F2C2
:104440001F03994205466BD80A0421D400201EE0C0
:1044500001226033A04C9BB202FA03F31C4040F0EF
:10446000BD8048F23103994200F0BD8048F2330329
:104470009942EBD1EFF79EFB0428E7D92846EFF7E6
:104480007FFB03790746002B40F0E4800120F8BD54
:10449000A1F500411F29D9D801A353F821F000BF8D
:1044A00085450300854503008D45030099450300BC
:1044B0009D4503009D4503009D4503004D440300B9
:1044C0004D4403004D4403004D4403004D4403009C
:1044D0004D4403004D4403004D4403004D4403008C
:1044E0009D4503009D4503004D4403004D440300DA
:1044F000A5450300A54503004D4403004D440300BA
:104500004D4403004D4403004D4403004D4403005B
:104510004D4403004D4403004D440300B3450300E4
:1045200048F23603994201F5FF4391D948339BB2D3
:104530000F2B8BD8A1F5004138390F2986D801A35C
:1045400053F821F05B4603005B4603008D440300F3
:1045500075460300DD4503004D4403004D44030050
:104560004D440300DD450300DD450300DD45030048
:104570007F46030099460300DD450300DD45030047
:10458000DD450300BDE8F84010F04FBD112128467D
:10459000BDE8F840FFF716BF0221F8E7BDE8F84094
:1045A00010F063BDEFF706FB032894BF0020012045
:1045B0006DE7EFF7E5FA04462846EFF7FBFA022825
:1045C0007FF644AF0320A37800EBC3042846EFF73F
:1045D000F1FA84428CBF0020012058E72846EFF70B
:1045E000E9FA0128E1E7EFF7CBFA0446407858B939
:1045F0002846EFF7DFFA04287FF628AF2279052353
:10460000162414FB0234E1E7A0F184035842584118
:104610003DE72846EFF7CEFA06F10C039842FFF487
:1046200015AF2846EFF7ACFA8319DB7A012B0CD1D2
:104630000E362846EFF7BEFA86423FF607AF012056
:1046400001343B799C42E4D321E7032B7FF4FEAE97
:104650001536EEE720460526F3E72846EFF790FAF1
:1046600004462846EFF7A6FA0A287FF6EFAEA47AAA
:104670000B34ABE72846EFF79DFA0B2895E7284661
:10468000EFF798FA83B2022B3FF400AF032B7FF6CB
:10469000DDAE00F00100FAE62846EFF78BFA86B2AD
:1046A00004462846EFF76CFA022E3FF4EFAE7FF691
:1046B000CDAE023EFF2E05D940F23F1140F25350DD
:1046C000EFF79CFFA11EC9B20230F4F7DFFAB0FA8F
:1046D00080F04009DBE600BF070854002DE9F043F5
:1046E000A9B06F46DC008946154644EA52744FEA89
:1046F000C208394600220646324810F801CB013282
:10470000202A01F801CBF8D149462A46384600F064
:104710005BF808AA114625F03F034B4405F03F0023
:10472000A9444B452AD1802338280B544FF000026E
:1047300000F1010327D21546A3F1380010433BD105
:104740004022230E8DF85830230C8DF85930230A5F
:104750008DF85A3098FA88F38DF85B401793002350
:10476000384600F031F8731E1F3617F8012B03F896
:10477000012F9E42F9D129B0BDE8F08313F8015B07
:1047800002F8015BCDE70025CD54013342F1000270
:10479000A3F178001043F7D1230E8DF89830230C45
:1047A0008DF89930230A8DF89A3098FA88F3802290
:1047B0008DF89B402793D2E7CD54013342F100029C
:1047C000BAE700BFE1A304002DE9F04FA3B0CDE9A3
:1047D00018231290009110F05EFC129B019004339C
:1047E00018461A9310F057FC129B11900833184684
:1047F0001B9310F050FC129B13900C3318461C9323
:1048000010F049FC129B1690103318461D9310F0BF
:1048100042FC129B0290143318461E9310F03BFC8E
:10482000129B1490183318461F9310F034FC129BFF
:1048300015901C331846209310F02DFC1790189BF0
:10484000402B199B73F1000323D20199129810F0A9
:1048500025FC11991A9810F021FC13991B9810F05F
:104860001DFC16991C9810F019FC02991D9810F067
:1048700015FC14991E9810F011FC15991F9810F052
:104880000DFC2098179910F009FC002023B0BDE81A
:10489000F08F009810F0FFFB009B2190181D10F086
:1048A000FAFB049003F1080010F0F5FB834603F1D6
:1048B0000C0010F0F0FB059003F1100010F0EBFB82
:1048C000069003F1140010F0E6FB079003F11800C6
:1048D00010F0E1FB089003F11C0010F0DCFB0990E4
:1048E00003F1200010F0D7FB0A9003F1240010F030
:1048F000D2FB0B9003F1280010F0CDFB0C9003F1DC
:104900002C0010F0C8FB0D9003F1300010F0C3FB39
:104910000E9003F1340010F0BEFB0F9003F138004D
:1049200010F0B9FB814603F13C0010F0B4FB029B90
:10493000029A4FEAF32383EAB213179983EA726368
:10494000E44A149C0A4413440299159A139D22EADE
:10495000010221404A401344219A139C1344019AB6
:1049600003904FEA723181EAB20181EAB251119AA1
:104970006240019C2240119C2C4062400A441699DE
:10498000159CCE181344D44A4FEAF6212244049CC5
:1049900081EAB611224481EA7661029C1144149A9C
:1049A000344022EA06026240119D1144019A119F8F
:1049B0006A40019D4FEA73343D4084EAB3041A40D3
:1049C00084EAB3546A402244139C149F0C44C34DA0
:1049D00011444FEAF42282EAB4123D445D4482EA73
:1049E00074622A44029D06EA040725EA04057D4014
:1049F0002A44019D01984FEA71375D4000EA030C9B
:104A000087EAB1070D40119887EAB15785EA0C058E
:104A10003D4400EB020E2A440298B14D4FEAFE2CB1
:104A2000054405988CEABE1C05448CEA7E6C04EAB9
:104A30000E07AC4426EA0E057D40AC444FEA7237BF
:104A400083EA010503EA010887EAB20715400198E5
:104A500087EAB25785EA08053D4400EB0C07AC44F1
:104A60000698A04D4FEAF72888EAB718054488EA67
:104A700077683544454424EA07060EEA070886EAC3
:104A8000080635444FEA7C3881EA020601EA020A48
:104A900088EABC0806EA0C0688EABC5886EA0A06D8
:104AA00046442B44079835448F4E4FEAF32888EA52
:104AB000B318064488EA7368264446442EEA030481
:104AC00007EA030884EA080426444FEA753882EAB4
:104AD0000C0402EA0C0A88EAB5082C4088EAB558AA
:104AE00084EA0A0444443144089826447F4C4FEA3F
:104AF000F12888EAB118044488EA7168744444448F
:104B000027EA010E03EA01088EEA080E74444FEA10
:104B100076388CEA050E0CEA050A88EAB6080EEA31
:104B2000060E88EAB6588EEA0A0EC6442244099850
:104B30007444DFF8CCE14FEAF22888EAB2188644E0
:104B400088EA7268BE44C64423EA020701EA020802
:104B500087EA0807BE444FEA743885EA060705EA83
:104B6000060A88EAB408274088EAB45887EA0A07A0
:104B70004744F4440A98BE445D4F4FEAFC2A8AEA4F
:104B8000BC1A074402EA0C088AEA7C6A1F4421EA3C
:104B90000C0383EA080357441F444FEA7E3886EA31
:104BA000040306EA040A88EABE0803EA0E0388EA58
:104BB000BE5883EA0A03434407EB03083D440B98BD
:104BC0004C4B4FEAF527034487EAB51787EA756728
:104BD0001944394422EA05030CEA05077B401944CD
:104BE0004FEA783784EA0E0304EA0E0A87EAB80728
:104BF00003EA080387EAB85783EA0A033B440E44F2
:104C00000C9819443C4B4FEAF627034487EAB61741
:104C100087EA76671A443A442CEA060305EA06074F
:104C20007B401A444FEA71378EEA08030EEA080AFD
:104C300087EAB1070B4087EAB15783EA0A033B448E
:104C400014440D981A442D4B4FEAF42787EAB41701
:104C5000034487EA746763443B4406EA040C25EA8C
:104C6000040787EA0C073B444FEA723C88EA0107D5
:104C700008EA010A8CEAB20C17408CEAB25C87EAB7
:104C80000A079E440E986744DFF878C04FEAFE2A70
:104C90008AEABE1A84443B448AEA7E6A04EA0E0722
:104CA000AC4426EA0E057D40D444AC444FEA733749
:104CB00081EA020501EA020A87EAB3071D4087EA92
:104CC000B35785EA0A053D440F9808EB0C07AC443E
:104CD0001AE000BF982F8A4291443771CFFBC0B5CC
:104CE000A5DBB5E95BC25639F111F159A4823F92B7
:104CF00098AA07D8015B8312BE853124C37D0C5569
:104D0000D55E1CAB745DBE72DB4D4FEAF72888EAB6
:104D1000B718054488EA77683544454424EA07060D
:104D20000EEA070886EA080635444FEA7C3882EA2C
:104D3000030602EA030A88EABC0806EA0C0688EAC7
:104D4000BC5886EA0A06464429443544CB4E4FEA0D
:104D5000F12888EAB1184E4488EA7168264446442E
:104D60002EEA010407EA010884EA080426444FEA0F
:104D7000753883EA0C0403EA0C0A88EAB5082C406B
:104D800088EAB55884EA0A04444432440398264425
:104D9000BB4C4FEAF22888EAB218044488EA7268E9
:104DA0007444444427EA020E01EA02088EEA080E1F
:104DB00074444FEA76388CEA050E0CEA050A88EA54
:104DC000B6080EEA060E88EAB65823448EEA0A0EA2
:104DD0002198C64410930B9B74444FEAF94E00EBA4
:104DE00003088EEA794E049B8EEA992EC6444FEA58
:104DF000B34888EAF31888EAD308039B0C984FEA73
:104E0000F34A8AEA734A8AEA932A049BF04403EB42
:104E1000000EF2444FEABB4E059B8EEAFB1E8EEA63
:104E2000DB0ED6444FEAB34A8AEAF31A8AEAD30A77
:104E30000D9B0E989B44DA444FEAF84B8BEA784B73
:104E40008BEA982B0BEB0A030493069B4FEAB34AB9
:104E50008AEAF31A8AEAD30A059B03EB000BDA44C9
:104E60004FEAFE4B8BEA7E4B8BEA9E2B0BEB0A0341
:104E70000593079B0F984FEAB34A8AEAF31A8AEA26
:104E8000D30A069B03EB000B049BDA444FEAF34B77
:104E90008BEA734B8BEA932B0BEB0A030693089B6D
:104EA00003984FEAB34A8AEAF31A8AEAD30A079BBD
:104EB00003EB090B059BDA444FEAF34B8BEA734B88
:104EC0008BEA932B0BEB0A030793099B4FEAB34A38
:104ED0008AEAF31A8AEAD30A089B03EB000B069BC3
:104EE000DA444FEAF34B8BEA734B8BEA932B0BEBD1
:104EF0000A0308930A9B4FEAB34A8AEAF31A8AEA3A
:104F0000D30A099B9A44079BC2444FEAF34B8BEAAE
:104F1000734B8BEA932B0BEB0A0309930B9B4FEA22
:104F2000B34A8AEAF31A8AEAD30A0A9B9A44089B8C
:104F3000F2444FEAF34B8BEA734B8BEA932B0BEB68
:104F40000A030A930C9B4FEAB34A8AEAF31A8AEAE5
:104F5000D30A0B9B9A44049B9A44099B4FEAF34B58
:104F60008BEA734B8BEA932B0BEB0A030B930D9B92
:104F70004FEAB34A8AEAF31A8AEAD30A0C9B9A44A4
:104F8000059B9A440A9B4FEAF34B8BEA734B8BEADF
:104F9000932B0BEB0A030C930E9B4FEAB34A8AEA5E
:104FA000F31A8AEAD30A0D9B9A44069B9A440B9BF8
:104FB0004FEAF34B8BEA734B8BEA932B0BEB0A0311
:104FC0000D930F9B4FEAB34A8AEAF31A8AEAD30A8F
:104FD0000E9B9A44079B9A440C9B4FEAF34B8BEA37
:104FE000734B8BEA932B0BEB0A034FEAB94A0E93F0
:104FF0008AEAF91A0F9B8AEAD90A9A44089B9A44CA
:105000000D9B4FEAF34B8BEA734B8BEA932BD34404
:105010004FEAB04A8AEAF01A099B8AEAD00AD144D8
:1050200099440E9B4FEAF34A8AEA734A8AEA932A22
:105030000AEB09034FEAB84989EAF81989EAD8095D
:105040000F9348440A9B4FEAFB4989EA7B4989EA66
:105050009B29184409EB00030393109B09484FEA6E
:10506000F32989EAB319404489EA7369384448440A
:1050700021EA030708E000BFFEB1DE80A706DC9B43
:1050800074F19BC1C1699BE402EA030987EA09073D
:1050900038444FEA743985EA060705EA060A89EAC0
:1050A000B409274087EA0A0789EAB459B9440CEBE6
:1050B0000007DFF870C548444FEAF729F44489EA4D
:1050C000B71989EA77696144494422EA070C03EA7F
:1050D00007098CEA090C61444FEA703986EA040C2E
:1050E00006EA040A89EAB0090CEA000C89EAB05918
:1050F0008CEA0A0CCC440D44049B6144DFF828C5BB
:105100004FEAF5299C4489EAB519109B89EA75692B
:1051100062444A4423EA050C07EA05098CEA090CB3
:1051200062444FEA713984EA000C04EA000A89EA11
:10513000B1090CEA010C89EAB1598CEA0A0CCC4499
:105140001644059B6244DFF8E4C44FEAF6299C4408
:10515000109B89EAB61989EA766963444B4427EAC9
:10516000060C05EA06098CEA090C63444FEA723919
:1051700080EA010C00EA010A89EAB2090CEA020C91
:105180001C4489EAB2598CEA0A0CCC444FEAF4294F
:1051900089EAB4196344109489EA7469DFF890C409
:1051A000069C01EA020AA444109C67444F4425EA85
:1051B000040C06EA04098CEA090C67444FEA7339C7
:1051C00081EA020C89EAB3090CEA030C89EAB359B3
:1051D0008CEA0A0CCC443844079C6744DFF854C47A
:1051E0004FEAF029A44489EAB019109C89EA706951
:1051F00065444D4426EA000C04EA00098CEA090CD7
:1052000065444FEA773982EA030C02EA030A89EA25
:10521000B7090CEA070C89EAB7598CEA0A0C294449
:10522000089CCC44DFF8109465444FEAF12C8CEADA
:10523000B11CA144109C8CEA716CB144E14424EA95
:10524000010600EA010C86EA0C06B1444FEA753CFF
:1052500083EA070603EA070A8CEAB50C2E408CEABB
:10526000B55C86EA0A0666444A44099CB144E54EA8
:105270004FEAF22C2644109C8CEAB21C8CEA726C29
:105280003444644420EA020601EA020C86EA0C0671
:1052900034444FEA793C87EA050607EA050A8CEAB6
:1052A000B90C06EA09068CEAB95C86EA0A062344C8
:1052B000664434444FEAF32686EAB31686EA736CF2
:1052C000DFF878A30A9EB244824402EA030621EA88
:1052D00003007040E24482444FEA743685EA0900D4
:1052E00005EA090C86EAB406204086EAB45680EA4C
:1052F0000C00304407EB0A064FEAF62787EAB61798
:10530000824487EA766CC0480B9F3844084403EA1D
:10531000060722EA06017940604408444FEA7A37DA
:1053200089EA040109EA040C87EABA0701EA0A01DA
:1053300087EABA5781EA0C010544394408444FEA28
:10534000F52181EAB51181EA756CB04F0C990F44D3
:10535000174406EA050123EA05024A406744174458
:105360004FEA703184EA0A0204EA0A0C81EAB001C9
:10537000024081EAB05182EA0C02B9440A4417445F
:105380004FEAF92282EAB91282EA796CA0490D9AB1
:105390001144194405EA090226EA0903534061440D
:1053A00019444FEA77328AEA00030AEA000C82EADB
:1053B000B7023B4082EAB75283EA0C030C44134421
:1053C00019444FEAF42383EAB41383EA746C914AD4
:1053D0000E9B1A44324425EA040309EA040673408A
:1053E00062441A444FEA713680EA070300EA070C68
:1053F00086EAB1060B4086EAB15683EA0C033344D1
:1054000092441A44844B4FEAFA2686EABA165B4461
:1054100086EA7A662B44334429EA0A0504EA0A0636
:1054200075402B444FEA723687EA010507EA010C02
:1054300086EAB206154086EAB25685EA0C0518449B
:1054400035442B444FEAF02585EAB015109085EAE3
:105450007065724E0F98064410984E440AEA000C8C
:105460002E4424EA000585EA0C052E444FEA733CDD
:1054700081EA020501EA02098CEAB30C1D408CEABC
:10548000B35C85EA0905654406EB050C37440398CF
:10549000634D4FEAF72686EAB7160544109886EA68
:1054A0007766254435442AEA070400EA0706744073
:1054B00025444FEA7C3682EA030402EA030986EABD
:1054C000BC0604EA0C0486EABC5684EA09043444A7
:1054D000294425444FEABE4484EAFE140B9884EA2A
:1054E000DE04444404440F984FEAF04989EA7049C5
:1054F00089EA90290498A1444FEAB04484EAF01460
:1055000084EAD0040C987444044403984FEAF94E9A
:105510004FEAF04888EA704888EA90280598A04445
:105520004FEAB04484EAF01484EAD00404988EEA86
:10553000794E04440D988EEA992E04440698A644A8
:105540004FEAB04484EAF01484EAD00405984FEAA4
:10555000F84604440E9886EA784686EA982604447B
:105560003019049007984FEAFE464FEAB04484EAA7
:10557000F01484EAD004069886EA7E4604445C442B
:1055800086EA9E263019059008984FEAB04484EACE
:10559000F01484EAD004079804440F980444049853
:1055A0004FEAF04686EA704686EA90263019069061
:1055B00009984FEAB04484EAF01484EAD0040898C9
:1055C00004440398044405984FEAF04686EA70467E
:1055D00086EA9026301907900A984FEAB04484EA88
:1055E000F01484EAD0040998044406984C444FEA25
:1055F000F04686EA704686EA9026301908900B98A5
:105600001EE000BFDA88F9766DC631A8C82703B05E
:10561000C77F59BFF30BE0C64791A7D55163CA06B0
:10562000672929148647BEEFC69DC10FCCA10C2463
:105630006F2CE92DAA84744ADCA9B05C52513E98C3
:105640004FEAB04484EAF01484EAD0040A9804448F
:10565000079844444FEAF04686EA704686EA902668
:10566000301909900C984FEAB04484EAF01484EAA7
:10567000D0040B980444089874444FEAF04686EA34
:10568000704686EA902630190A900D984FEAB04489
:1056900084EAF01484EAD0040C9804440498044486
:1056A00009984FEAF04686EA704686EA9026301955
:1056B0000B900E984FEAB04484EAF01484EAD004C8
:1056C0000D980444059804440A984FEAF04686EA87
:1056D000704686EA902630194FEABB440C9084EA63
:1056E000FB140E9884EADB040444069804440B98E7
:1056F0004FEAF04686EA704686EA902630190D9009
:105700000F984FEAB04484EAF01484EAD004079872
:105710005C4404440C9803EA0C0B4FEAF04686EA1A
:10572000704686EA902630190E9003984FEAB044EE
:1057300084EAF01484EAD0040F98044408980444DE
:105740000D984FEAF04686EA704686EA90263019B0
:105750004FEAB9440F9084EAF914039884EAD90413
:105760000444099804440E984FEAF04686EA7046CD
:1057700086EA90263019EC4C4FEAF126039086EA2F
:10578000B11610984C4486EA71665444344407EAD2
:10579000010A20EA010686EA0A0634444FEA753A0D
:1057A00083EA0C068AEAB50A2E408AEAB55A86EAE6
:1057B0000B06564422443444DC4E4FEAF22A464457
:1057C0008AEAB21A8AEA726A3044504427EA020628
:1057D00001EA020A86EA0A0630444FEA743A8CEA81
:1057E00005060CEA050B8AEAB40A26408AEAB45A8E
:1057F00086EA0B06564403443044CD4E4FEAF32A62
:1058000076448AEAB31A8AEA736A3744574421EA2B
:10581000030602EA030A86EA0A0637444FEA703AA8
:1058200085EA040605EA040B8AEAB00A064086EA1D
:105830000B068AEAB05AB2440CEB070657444FEA0B
:10584000F62A8AEAB61A10968AEA766ADFF8FCC265
:10585000049E04EA000BB444109E6144514422EAC1
:10586000060C03EA060A8CEA0A0C61444FEA773A0E
:1058700084EA000C8AEAB70A0CEA070C8AEAB75AEB
:105880008CEA0B0CD4440D44059E6144DFF8C0C281
:105890004FEAF52AB4448AEAB51A109E8AEA756A74
:1058A0006244524423EA050C06EA050A8CEA0A0C13
:1058B00062444FEA713A80EA070C00EA070B8AEA71
:1058C000B10A0CEA010C8AEAB15A8CEA0B0CD444F6
:1058D0001444069E6244DFF87CC24FEAF42AB444C2
:1058E0008AEAB41A109E8AEA746A6344534426EA28
:1058F000040C05EA040A8CEA0A0C63444FEA723A83
:1059000087EA010C07EA010B8AEAB20A0CEA020CE8
:105910008AEAB25A8CEA0B0C079ED444DFF838A20C
:105920001844B2446344109E4FEAF02C8CEAB01C39
:105930008CEA706CB244E24425EA000604EA000CEA
:1059400086EA0C06B2444FEA733C81EA020601EA99
:10595000020B8CEAB30C1E4086EA0B068CEAB35CA1
:10596000B44407EB0A064FEAF62B8BEAB61B8BEA28
:10597000766B10966F4F089EE244374407EB050C98
:10598000109D109E24EA050500EA06077D40DC44D0
:10599000AC444FEA7A3782EA030502EA030B87EA4E
:1059A000BA0705EA0A0587EABA5785EA0B05614492
:1059B000099E3D44604FAC444FEAF12585EAB1159C
:1059C000F71985EA716527442F44109D20EA0104E8
:1059D0000D406C4027444FEA7C3583EA0A0403EA11
:1059E0000A0B85EABC0504EA0C0485EABC5584EA86
:1059F0000B040A9E2C44514D3A44354427444FEA47
:105A0000F22484EAB2140544109884EA72642544AE
:105A100020EA020001EA0204604005444FEA7734BC
:105A20008AEA0C000AEA0C0B84EAB704384084EADC
:105A3000B75480EA0B000B9E2044414C2B44344465
:105A40000544109E4FEAF32080EAB31080EA7360A9
:105A50003444044402EA030621EA0300704004448B
:105A60004FEA75368CEA07000CEA070B86EAB506A2
:105A70002840A24486EAB55680EA0B0030444FEA3B
:105A8000FA2686EABA16044486EA7A6B2D480C9EFA
:105A90003044084403EA0A0622EA0A0171405844E5
:105AA00008444FEA743687EA050107EA050B86EADF
:105AB000B406214086EAB45681EA0B0131440D9EBA
:105AC000844406F1514606F51206084406F5684678
:105AD0004FEAFC2181EABC11193681EA7C61164447
:105AE0000E4423EA0C020AEA0C014A4016444FEA2B
:105AF000703185EA040205EA040B81EAB001024034
:105B000081EAB05182EA0B020A443744B2180E49C6
:105B10000E9E10924FEAF72282EAB712314482EACF
:105B200077621944114419E0850AB72738211B2EE2
:105B3000FC6D2C4D852C7292A1E8BFA24B661AA871
:105B4000708B4BC2A3516CC7240699D6130D3853E2
:105B500054730A65BB0A6A762EC9C2812AEA070312
:105B60000CEA070253401944109B109E4FEA73320F
:105B700082EAB30282EAB35284EA000304EA000B29
:105B8000334083EA0B030D440F9E1344DF4A19444C
:105B90004FEAF52383EAB513324483EA756352442E
:105BA0001A4407EA050A2CEA050383EA0A031A44A1
:105BB000109B109E4FEA713A434000EA060B8AEAB6
:105BC000B10A0B408AEAB15A83EA0B0353441444E6
:105BD000039E1A44CE4B4FEAF42A8AEAB41A33449D
:105BE0008AEA746A6344109E27EA040C534405EA67
:105BF000040A8CEA0A0C63444FEA723A86EA010C02
:105C000006EA010B8AEAB20A0CEA020C8AEAB25AE4
:105C10008CEA0B0CD444184463444FEAB84C8CEA29
:105C2000F81C0A9E8CEAD80CCC44B4440F9E4FEA70
:105C3000F64989EA764989EA962909EB0C0B4FEA7D
:105C4000BE4C8CEAFE1C0B9E8CEADE0CC444B444B1
:105C5000039E4FEAF64888EA764888EA9628049E2A
:105C6000E0444FEAB64C8CEAF61C8CEAD60C0C9E4B
:105C7000F444B444059E4FEAFB4E4FEAB64989EA24
:105C8000F61989EAD609049E8EEA7B4EB1448EEA63
:105C90009B2E0D9EE6444FEAF84CB1448CEA784CBA
:105CA000069E8CEA982CCC444FEAB64989EAF6194C
:105CB00089EAD609059E4FEAFE4AB1440E9E8AEA59
:105CC0007E4A8AEA9E2AB1440AEB09060496079E98
:105CD0004FEAFC4A4FEAB64989EAF61989EAD60939
:105CE000069E8AEA7C4AB1440F9E8AEA9C2AB14405
:105CF0000AEB09060596089E4FEAB64989EAF619A5
:105D000089EAD609079EB144039EB144049E4FEA36
:105D1000F64A8AEA764A8AEA962A0AEB090606963B
:105D2000099E4FEAB64989EAF61989EAD609089E1A
:105D3000B144059ED9444FEAF64A8AEA764A8AEA8D
:105D4000962A0AEB090607960A9E4FEAB64989EA9F
:105D5000F61989EAD609099EB144069EC1444FEA64
:105D6000F64A8AEA764A8AEA962A0AEB09060896E9
:105D70000B9E4FEAB64989EAF61989EAD6090A9EC6
:105D8000B144079EF1444FEAF64A8AEA764A8AEA23
:105D9000962A0AEB090609960C9E4FEAB64989EA4B
:105DA000F61989EAD6090B9EB144089EE1444FEAF0
:105DB000F64A8AEA764A8AEA962A0AEB09060A9697
:105DC0000D9E4FEAB64989EAF61989EAD6090C9E72
:105DD000B144049EB144099E4FEAF64A8AEA764AE3
:105DE0008AEA962A0AEB09060B960E9E4FEAB649F6
:105DF00089EAF61989EAD6090D9EB144059EB14497
:105E00000A9E4FEAF64A8AEA764A8AEA962A0AEB14
:105E100009060C960F9E4FEAB64989EAF61989EAF7
:105E2000D6090E9EB144069EB1440B9E4FEAF64A37
:105E30008AEA764A8AEA962A0AEB0906DFF8D490BB
:105E40004FEAF02A8AEAB01AD9448AEA706AB94459
:105E5000D14425EA000704EA000A87EA0A07B944A0
:105E60004FEA733A81EA02070D968AEAB30A01EA19
:105E700002061F408AEAB35A7740109E57444E44A8
:105E80004F44DFF894904FEAF62A8AEAB61AC144E2
:105E90008AEA766A00EA0608A94424EA060585EA41
:105EA0000805D144A9444FEA773882EA030502EA9B
:105EB000030A88EAB7083D4088EAB75885EA0A0528
:105EC00049444544DFF854804D444FEAF12989EABA
:105ED000B119F04489EA716906EA010EA04420EA8A
:105EE000010484EA0E04C844A0444FEA753E83EAE4
:105EF000070403EA07098EEAB50E2C408EEAB55E68
:105F000084EA0904424474440AE000BF85350EF473
:105F100070A06A1016C1A419086C371E4C77482768
:105F2000DFF830E444444FEAF22888EAB218E64445
:105F300088EA726801EA020C864426EA020080EAD6
:105F40000C00C64486444FEA743C87EA050007EA21
:105F500005088CEAB40C20408CEAB45C80EA0800A6
:105F600003EB0E096044049BDFF8ECC370444FEA76
:105F7000F92E8EEAB91E9C448EEA796EB444F4443C
:105F800021EA090602EA090E86EA0E06B4444FEA3F
:105F9000703E85EA040605EA04088EEAB00E064063
:105FA0008EEAB05E86EA0806764467446644059B3E
:105FB000DFF8A8C34FEAF72E8EEAB71E9C448EEA9C
:105FC000776E8C44F44422EA070109EA070E81EA5D
:105FD0000E018C444FEA763E84EA000104EA000890
:105FE0008EEAB60E31408EEAB65E81EA080171444F
:105FF00065446144069BDFF868C34FEAF52E9C4474
:106000008EEAB51E8EEA756E6244724429EA050C6A
:1060100007EA050E8CEA0E0C62444FEA713E80EAF4
:10602000060C00EA06088EEAB10E0CEA010C8EEAB4
:10603000B15E8CEA080CF4441444079B6244DFF818
:1060400024C34FEAF42E8EEAB41E9C448EEA746E8A
:1060500009EB0C03734427EA040C05EA040E8CEAEE
:106060000E0C63444FEA723E86EA010C06EA010810
:106070008EEAB20E0CEA020C8EEAB25E8CEA080CD2
:10608000F44400EB030963440898DFF8DCC24FEAEC
:10609000F92E8EEAB91E84448EEA796EBC44F4442B
:1060A00025EA090704EA090E87EA0E07BC444FEA0D
:1060B000733E81EA020701EA02088EEAB30E1F402E
:1060C0008EEAB35E87EA0807774467446644099816
:1060D000DFF898C24FEAF62E8EEAB61E84448EEAA6
:1060E000766EAC44F44424EA060509EA060E85EA15
:1060F0000E05AC444FEA773E82EA030502EA030844
:106100008EEAB70E3D408EEAB75E85EA0805754413
:10611000614465440A98DFF858C24FEAF12E8EEACE
:10612000B11E84448EEA716EA444F44429EA010449
:1061300006EA010E84EA0E04A4444FEA753E83EA9F
:10614000070403EA07088EEAB50E2C408EEAB55E16
:1061500084EA08047444624464440B98DFF814C26F
:106160004FEAF22E8EEAB21E84448EEA726E09EB7A
:106170000C00704426EA020C01EA020E8CEA0E0CB6
:1061800060444FEA743E87EA050C07EA05088EEA88
:10619000B40E0CEA040C8EEAB45E8CEA080CF444EB
:1061A00003EB000960440C9BDFF8CCC14FEAF92EE9
:1061B0009C448EEAB91E8EEA796E6644764421EAE2
:1061C000090C02EA090E8CEA0E0C66444FEA703E96
:1061D00085EA040C05EA04088EEAB00E0CEA000C0D
:1061E0008EEAB05E8CEA080CF44437440D9B66449A
:1061F000DFF888C14FEAF72E9C448EEAB71E8EEA7C
:10620000776E8C44F44422EA070109EA070E81EA1A
:106210000E018C444FEA763E84EA000104EA00084D
:106220008EEAB60E3140039B8EEAB65E81EA080123
:106230007144654461444FEAB34C8CEAF31C8CEA28
:10624000D30CDFF83CE10F9B00EA06089E44079B55
:10625000F4449C440C9B4FEAF34E8EEA734E8EEA54
:10626000932EF44494444FEAF52282EAB51282EA6E
:106270007562944407EA050E29EA050282EA0E02D5
:1062800094444FEA713E80EA06028EEAB10E0A405B
:106290008EEAB15E82EA0802724464446244039B5F
:1062A000DFF8E0E04FEABB4C8CEAFB1C9E448CEA32
:1062B000DB0C089BF4449C440D9B06EA01084FEA62
:1062C000F34E8EEA734E8EEA932EF4444FEAF42E88
:1062D0008EEAB41E09EB0C038EEA746E734427EA4F
:1062E000040C05EA040E8CEA0E0C634486EA010EE7
:1062F0004FEA723C8CEAB20C0EEA020E00EB030984
:106300008CEAB25C01988EEA080EF444844463443B
:106310000193119B13441193139B0B441393169BEE
:1063200033441693029B4B440293149B23441493CF
:10633000159B2B441593179B3B441793009B4033AD
:106340000093189B403B1893199B63F1000319932A
:10635000FEF775BAB5BCB034B30C1C394AAAD84E96
:106360004FCA9C5BF36F2E68EE828F746F63A578C3
:106370001478C8840802C78CFAFFBE90EB6C50A456
:10638000F7A3F9BEF27871C6014B1860704700BFE1
:10639000BC8A00200246002310B5054951F8040BC1
:1063A000046C944203D00133042BF7D1002010BDBC
:1063B000C08A0020EFF3108272B6054B99698142C2
:1063C00000D008B90021996182F31088704700BF9E
:1063D000C06D0020034610B5EFF3108272B610486E
:1063E00084691CB182F31088002010BD836182F3A0
:1063F0001088022202774FF0FF32596B4262D3E9D4
:106400000A23521843F10003C0E9042300F0B6FA4E
:1064100018B12046FFF7CEFFE6E70120E5E700BF11
:10642000C06D00202DE9F8432A4D2B4E28460EF072
:10643000DDFF002845D037780EF019FF0022944682
:10644000DFF89C8058F8049B99F838E0D9E90A34C1
:1064500099F83A90B9F1010F09D1B3F5167344F1E7
:10646000FF34984271EB040438BF4FF0000E7245C0
:106470000CF1010C38BF7246BCF1040FE2D1174B8E
:10648000DFF860801C78944238BF1446E4B2A7421B
:106490000CD03470BCB9DAF79DF8204688F800407B
:1064A00000F062FBCBF77CFF88F8014098F80130E0
:1064B00013B1204600F058FB28460EF0A6FF002836
:1064C000B4D1BDE8F883002FF0D1DAF76FF8CBF73D
:1064D000D7FFEBE7D08A002041A0002040A0002099
:1064E000C08A002042A0002010B58469FFF79AFFFF
:1064F000D4E90A23C4E9042301230A4AA4612262DD
:1065000094F83020237742B1204684F84930FFF7D1
:1065100061FF10B9042384F849302046BDE81040DB
:1065200000F02CBA8F510400F8B50024CBF702FF1D
:1065300022480EF058FF22480EF055FF4FF0FF376B
:106540000222204B204D1C70204B21481C70214BF7
:10655000214E1C70214B80F838401C7007645C7021
:1065600080F848409A7030600EF088FE284685F822
:1065700038402F6485F8484075600EF07FFE05F1C5
:106580005000B06085F88840C5F8907085F8984054
:106590000EF074FE124880F83840076480F84840D6
:1065A000F0600EF06BFE0F480EF068FE2046FFF71D
:1065B00001FFBDE8F84000F0CBBA00BFD48A00204C
:1065C000D08A002045A00020386E002040A0002086
:1065D000D86E002041A00020C08A002042A00020E8
:1065E000E86D0020C06D002010B50024064B1C7023
:1065F0000EF080FE054B1A7822B11C70BDE81040E9
:10660000CBF7F2BE10BD00BF3EA000203FA000208F
:1066100038B51C4D1C4C28460EF0E8FE18B3237804
:10662000032B8CBF04202078637898BFC0B29842B7
:1066300088BF6078A37888BFC0B28342134B38BF4D
:10664000A0781A7838BFC0B282420DD01870B0FA64
:1066500080F30F4A5B09137000F024F928460EF00E
:10666000D4FE0028D7D138BD1B78002BF6D1084BBB
:106670001B78002BF2D1074B1B78002BEED0FFF7D5
:10668000B3FFEBE7D48A002042A0002045A0002001
:106690003EA000203FA0002008B5054B1870BFF3B6
:1066A0005F8FFFF7BFFEBDE80840FFF7B1BF00BF37
:1066B00040A000202DE9F041437C0746012B38D053
:1066C000022B39D0002B63D101213D480EF021FD72
:1066D000044600285CD0002380F8493097F81280E7
:1066E000B8F1000F56D0B8F1010F4DD10EF0BFFD3B
:1066F000D7E90032B3F5167E42F1FF3C704571EBED
:106700000C051CD23E4604F128050FCE0FC596E8B5
:106710000F0085E80F002B4BC4E904ECA46184F85A
:106720001C802362204600F029F968BB0120BDE8E7
:10673000F08102212448C9E701212448C6E7244DFD
:106740002D780DB3984291411ED23E4604F12805A2
:106750000FCE0FC596E80F0085E80F00D7E900239C
:10676000C4E904231B4BA461236284F81C80FFF757
:1067700059FE94F83030002BD4D0204684F849805C
:10678000FFF728FE0028CDD1012120460EF0DCFCC9
:106790000020CCE73E4600F128050FCE0FC596E855
:1067A0000F0085E80F00D7E90023C4E90423012383
:1067B0002377084BA4612362FFF734FEB2E700BFE2
:1067C000D86E0020E9640300386E0020E86D0020D8
:1067D00041A000208F5104000146094810B584698A
:1067E0004CB194F84930022B05D10EF04EFD20B18A
:1067F000052384F84930002010BD0120FCE700BFCC
:10680000C06D0020034B185C884234BF002001207B
:10681000704700BF42A0002008B500F0CDF9042267
:10682000044B5A70FFF7FEFDFFF7F2FEBDE808408B
:10683000FFF7F8BD42A000200122034B1A7000228E
:10684000024B5A70FFF7E4BE3FA0002042A0002098
:10685000042208B5034B1A70FFF7E4FDBDE80840B9
:10686000FFF7D6BE42A00020042208B5034B9A7061
:10687000FFF7D8FDBDE80840FFF7CABE42A00020E0
:10688000022208B5034B9A70FFF7CCFDBDE8084023
:10689000FFF7BEBE42A00020FF22014B1A707047D6
:1068A00046A0002037B5114D04462B681B68984759
:1068B0000F4B58B11A78FF2A08D12046DAF78CFC22
:1068C0002B685B6803B0BDE830401847D3E84F2F12
:1068D000D2B28DF807209DF80720C3E8424F002A66
:1068E000F4D10028ECD103B030BD00BFBC8A002039
:1068F00046A00020FF23064AD2E84F0FC2E8413FDE
:106900000029F9D1C0B2FF2801D0DAF765BC704781
:1069100046A00020024B1878FF3818BF01207047AE
:1069200046A0002038B50C4CA4F1080520460EF016
:106930005DFD60B128460EF054FD48B1D0E900017C
:10694000D9F752FF20460EF060FD0028EED138BD89
:10695000D9F768FFF6E700BFE08A002010B5064CC3
:1069600020460EF0CFFC04F108000EF03CFDBDE81F
:106970001040D9F723BF00BFD88A002010B50446C5
:1069800040B3037FDA0701D5036A1BB3BFF35F8F00
:1069900000232372BFF35F8F0122D4E9040108F0C2
:1069A0003FFF0B460246C4E90023237F9B0707D520
:1069B000626AD9F77DFF01280ED002280ED078B97F
:1069C00008480C222146084B0EF0A0FCFFF7AAFF56
:1069D000002010BD0120FCE70220FAE70320F8E7C1
:1069E0000420F6E7D88A00203552040010B504468A
:1069F00070B101460C2208480EF0B0FC50B1237F64
:106A00009B0701D5D9F79AFFFFF78CFF002010BD37
:106A10000120FCE70520FAE7D88A002037B50F4AA5
:106A2000CDE900016B460C210D480EF0B7FC044681
:106A3000FFF778FF7CB1257FAA0707D5BFF35F8FEB
:106A400001232372BFF35F8FD9F778FFEB0702D5DD
:106A50002046236A984703B030BD00BF5952040056
:106A6000D88A00204FF40062014BC3F80425704718
:106A7000002008504FF40062014BC3F8082570470E
:106A800000200850184A38B503461079144668B9F2
:106A9000116859B141F2640501F13042A2F50A22B0
:106AA000AA4294BF4FF480728022885093E803007A
:106AB0001B7984E8030004466BB941F2640200F1DB
:106AC0003043A3F50A23934294BF4FF4807380238D
:106AD0000B24064A1A50204608F09FFE2046BDE8C7
:106AE0003840D9F7FFBD00BFE48A00200B000080CA
:106AF000002373B5134D144C144E8DF807302846FF
:106B00000EF074FCA0B10DF10700CBF72DFB9DF842
:106B1000073013F004030DD0237823B90123307814
:106B20002370FFF7A1FE28460EF06FFC0028E6D187
:106B300002B070BD2278002AF5D030782370FFF7BC
:106B40009FFEF0E7EC8A002047A0002048A000202C
:106B500008B503480EF047FC0022024B1A7008BD2E
:106B6000EC8A002047A00020032807B5114A09D865
:106B700001280BD81BD00023137003B05DF804EB81
:106B8000CBF7ECBA0428F6D1022301E0012302205E
:106B9000137001238DF8053000238DF8040001A83F
:106BA0008DF80630CBF7D4FA03B05DF804FB03464A
:106BB000EEE700BF48A0002008B50448CBF7DAFA9A
:106BC000BDE808400020FFF793BF00BFF16A030053
:106BD00001680E4A0346914215D1C169A2F1102203
:106BE000A2F1EF1291420ED18268012A0BD8C2683D
:106BF00012B101698A4206D0586928B19B691B1AF3
:106C00005842584170470120704700BF55AA00FF05
:106C100070B50D4B9E68A6B13046FFF7D9FF04460C
:106C200078B9F3686BB935690DB9204670BD28464F
:106C3000FFF7CEFF28B9EB68B34202D12E462D698B
:106C4000F2E70124F1E700BFF08A00202DE9F041CE
:106C5000444B454C05461B6820468846984718B16A
:106C600000242046BDE8F081A4F1140754F8144C28
:106C7000FB68DCB1BC68CCB1002D66D0B8F1000F68
:106C800065D008FB05F6B6FBF5F5A84561D1311DC9
:106C90005FD8B20711D026F0030204321C4603E08D
:106CA0006168914257D2A469002CF9D12F4B2E482C
:106CB0001B6898470028D4D0D2E73246EEE7891AFD
:106CC000232904F120051CD80123A360D4E905235E
:106CD000AAB19361A3690BB162695A610023C4E947
:106CE00005333B69DB0703D5FFF792FF002835D159
:106CF0003246002128462C4604F06BF9D6E7FB60AB
:106D0000E8E702F1200C04EB0C032039C3E9011081
:106D1000DC6021691648196144F80C00A0F11020CC
:106D2000A0F1EF10D86101B1CB6061695961A06930
:106D3000986141B18B61996901B14B610121236176
:106D4000C4E90121CAE7FB60F5E72C46AEE74446FB
:106D5000ACE70446AAE7A0680028B0D00120D0F72D
:106D600015FF00BF58080020048B002054080020A5
:106D700055AA00FF70B5464B464C05461B68204699
:106D80009847002840F08280002D43D054F8143CEE
:106D9000A4F11406002B3DD0B268002A3AD09D42DF
:106DA00003D3726813449D4202D30120D0F7EEFE54
:106DB000A5F120042046FFF70BFF0028F5D155F878
:106DC000183C012BF1D155F8143C45F8180C3BB395
:106DD0009A682ABB55F81C2C02F120015A680A4413
:106DE0005A6055E905321A6155F8145C2B6903B1F4
:106DF000DD6020220021204604F0EBF8286910B164
:106E00008368002B2ED033699B0703D5FFF700FF63
:106E10000028CAD1BDE870401F4B1E481B681847A8
:106E200055F8100C00282AD0836843BB4268636879
:106E300013442033636003692361D4E905239AB9BD
:106E4000CBB9436963618269A261B3B19C61A369F3
:106E500003B15C61236903B1DC602022002104F0EE
:106E6000B8F8D0E72C46E1E79361A369002BE8D09E
:106E700062695A61E5E7F360F7E7F460E7E7F36812
:106E800045F8083C03B15C61F460BCE770BD00BF2D
:106E900058080020048B00205408002038B50C4608
:106EA000282200210546154804F093F8144B154894
:106EB0001B6898471449154800F038F8232C1CD952
:106EC00015F003031FBF043CE418C3F10403ED18DD
:106ED00022460021284604F07CF8084B0C49C3E9FF
:106EE0000054203C9D606C609A6811609A68A1F122
:106EF0001021A1F1EF11D161DA6038BDF08A0020D4
:106F00005C080020048B0020756D03004D6C0300AD
:106F100055AA00FF014B1B68184700BF2C08002032
:106F2000014B1B68184700BF28080020024B18605F
:106F3000024B0020196070472C0800202808002010
:106F400010B50A46044619B1024B00211B68984748
:106F500010BD00BF30080020F8B50D4E0D4C0E4D91
:106F600033680E48984767782B680C489847336811
:106F70000B489847022F08D12478E31F5C425C41FC
:106F80002B68074898472046F8BD0024F8E700BF63
:106F900058080020188B0020540800205C130020A3
:106FA000481300200E4B0340B3F1607F06D1B1F5CA
:106FB000885F14BF6FF0860000207047B3F1707FC8
:106FC0000BD101F4E043B3F5005F06D111F4E06F9B
:106FD0000CBF6FF08600002070476FF0860070478E
:106FE0000000C07F8A42F8B506460C4600F0DB8000
:106FF0006F4922F4FF7323F001038B420ED06D4BD7
:1070000022F0FF01994209D06B4822F47F7323F0EC
:107010000303834202D0694B994228D1684B24F084
:10702000FF0199420FD114F0FF000BD0654B40F0E7
:107030000070984240F0B98082EA0400FF288CBFBB
:1070400000200120F8BD5B4B9942ECD0A3F588539A
:107050009942E8D024F4FF7323F00103B3F1062F23
:10706000E1D056488142DED053498B42DBD004F058
:10707000FE43B3F1A06F14D102F0FE43B3F1A06F51
:1070800040F0938082EA040333F47E1340F08D8055
:1070900014F40040D6D0C4F30540C2F30542904238
:1070A000CDE7B3F1407F6AD102F0FE43B3F1407FF8
:1070B0007BD182EA040535F47E1576D1314620462F
:1070C000FFF770FF002870D13F4B12F47C1703EAE2
:1070D00002031BD0B3F1607FC2F305473FD13B49A8
:1070E000D3B243F000738B423DD003F17E43043BA7
:1070F000112B01D83649CD5C14F47C1FC4F3054331
:1071000033D1BD4214BF002001209BE7B3F1607F63
:107110000DD12E49D3B243F000738B421DD003F141
:107120007E43043B112BDAD82A49CF5CD7E7B3F171
:10713000707FE1D106F4E043B3F5005F03D101278E
:10714000C6F302239F4006F4E043B3F5005FD3D1BA
:107150000125C6F302218D40CEE71027BFE7B3F12A
:10716000707FC9D1EFE71025C6E712F47C1F01D16B
:10717000AB4218D022047FF565AFBB425FE7B3F1A5
:10718000106F12D124F01F6020F4702068B902F053
:10719000FE43B3F1106F7FF455AF0F48104040F03D
:1071A0001060A042AEE701204CE700204AE700BF94
:1071B0000002000600130006000400060009000695
:1071C00000030006FF0000020000C07F0300000271
:1071D00001A4040001A404000000FFF62DE9F84317
:1071E000884617461C4600F037FC054688BBD8F891
:1071F0000060B6F8009009F4E043B3F5804FB3683F
:1072000008BF27F0010737EA03031AD10CB3254B57
:1072100024F0FF029A421FD114F0FF0304D0224A47
:1072200043F00073934232D022464846F168FFF79C
:10723000D9FE074668B9224648463169FFF7D2FEB3
:1072400070BB6FF0840500233046C8F8003000F0B2
:10725000C1FC2846BDE8F883144B9A42DCD0A3F564
:1072600088539A42D8D024F4FF7323F00103B3F17A
:10727000062FD1D00E498A42CED00E4A9342CBD0AF
:1072800004F0FE43B3F1407F04D12304CCD56FF06A
:107290008605D8E7B3F1A06FF7D0034B9C42C2E755
:1072A0003D46D6E700030006FF000002001300067B
:1072B000000900060004000670B5114B05461B6866
:1072C00010480E469847044618B16FF08F042046C8
:1072D00070BD6B6933602B7F012B04BF02232B77BA
:1072E000094B18BF30601B68064818BF6FF0960442
:1072F00098470028EBD0002CE7D06FF09604E6E723
:1073000058080020341300205408002000232DE9E1
:10731000F34113604668D0F8148005460F463046A6
:1073200011460EF003FA044688B930460EF000FA12
:10733000044660B9F6B276B9B8F1000F05D1AB6872
:1073400023F47F4323F0030363B16FF086042046E8
:1073500002B0BDE8F081012168690EF0C1F9002892
:10736000EDD1F2E74FF6F8736A889A4224D8144BAD
:1073700014481B68984710B16FF08F04E7E739464F
:1073800001A800F027FB104B04461B680D489847E6
:1073900010B1002CDBD1EFE7002CD8D10FCD3F6826
:1073A0003E460FC695E8070086E807003B79002BAC
:1073B000CDD1019B7B61CAE76FF08504C7E700BFB1
:1073C00058080020341300205408002010B504464B
:1073D00060B1074B07481B68984720460EF017F925
:1073E000BDE81040044B03481B68184710BD00BFA0
:1073F00058080020341300205408002037B50446F4
:10740000C0B101A900F028FB044698B91E4B1F48E3
:107410001B6898471E4D28BB0198037F032B11D191
:107420000EF06FF92B6804461848984728B10CB93C
:107430006FF08F04204603B030BD002C08BF6FF002
:107440008704F7E7022B19D1032303770379FF2B76
:1074500017D043690F4A03F14043934202D800F02A
:1074600075FC044601980EF04CF92B68002818BFF3
:107470000446064898470028DCD0D8E76FF0960409
:10748000F0E76FF08404EDE7580800203413002083
:1074900054080020FFEFFF3F2DE9F04116461F463C
:1074A000002288B0038805468846CDE90422079665
:1074B0003A60002E62D0B6F1005F80F09E8023F02B
:1074C000FF03B3F5E24F02D0B3F5824F22D1284635
:1074D0000DF0C1FF0446002840F08380EB686BB1DB
:1074E0006A885AB12B8803F44F41B1F5824F05D118
:1074F000DBB2222B37D02DD8122B39D042460023B5
:1075000008EB060112F8010B914243EA0003F9D19E
:10751000002B33D0284605AA04A9FFF7F7FE04463E
:10752000A0B9049B5B6A63B3049B41465A88284612
:10753000069206AA029203F1280201929A6A009228
:107540005B6A324600F09EFB044678B30498FFF76E
:107550003DFF46E0273BDBB21B2BCFD8284921FA61
:1075600003F3DB07CAD50732B6EBD20FC6D205E06C
:1075700040F209239A42F6D1402EBFD86FF086041C
:107580002FE06B681B0A07D1079904980DF0FFFFE5
:1075900004460028C8D0D9E732464146284607AB02
:1075A00000F036FB04460028EED0CFE70499069B96
:1075B0004A88D2B94B804FF6F873069A04989A42DB
:1075C00018D82B8813B102889A4210D16B8813B156
:1075D00042889A420BD13946FFF76EFE04460028D6
:1075E000B4D1204608B0BDE8F0819A42E3D06FF0F4
:1075F0008604ABE76FF08504A8E76FF08504F0E739
:107600000102000C38B504460D46FFF7A5FC30B169
:107610002A462146BDE8384002480EF0BAB86FF05D
:10762000880038BD1C8B00202DE9F04F9B460023BD
:10763000924601F0FE428FB0B2F1806F0E46DDE956
:107640001879DDF86880099306D0184600F0C2FA70
:107650006FF08605002472E00B464FF4807209A992
:10766000FFF7BCFD0546099815B100F0B3FAF1E744
:10767000038803F4E042B2F5005F1DD113F4E06F1C
:10768000C3F3022118D0334C26F48072A2420AD0F0
:1076900004F50074A64206D02F4CA64203D0A4F5F0
:1076A0003F44A24208D101248C40102C0FD900F095
:1076B00091FA6FF08305CDE742F20402934202D1C2
:1076C000264B9E420AD0264B9E4211D10D24A14545
:1076D00006D200F07FFA6FF08905BBE70C24F6E7CD
:1076E00021460AA8FFF78EFF054610B10998BCE7AE
:1076F00000240998D0E909123FB33D19A9EB04030E
:107700000DF12809CDE90453CDE902AB3346CDF89C
:1077100018800194CDF800900EF014F806460998F0
:1077200000F058FA054696B9002893D124B12246B4
:107730004946384603F042FCD8F800301C4428463D
:10774000C8F800400FB0BDE8F08F3D46D6E735469B
:1077500080E700BF0010C00400FF40040001800467
:107760000013C00470B51D4E1D4C33681D4898476A
:107770002378590744BF23F00403237023789A0722
:1077800005D500F00FF9237823F002032370164D7E
:1077900014482B689847336814489847637813B1A6
:1077A00013480DF0F9FF0023042111486370FFF71F
:1077B000C7FB2B680D48984733680A4898472378D9
:1077C000DB0705D50DF0BDFF237823F001032370FF
:1077D0002B680448BDE87040184700BF58080020D7
:1077E000188B002048130020540800205C13002050
:1077F0001C8B00202DE9F041FFF7AEFB18B10024EF
:107800002046BDE8F081364F36483B68984704462D
:1078100020B16FF08F04FFF7A5FFF1E7324D2B7811
:10782000D80706D40DF08BFF04462B7843F00103F4
:107830002B702E4E2B483368984710B1002CE8D09F
:10784000E9E7002CE7D13B68264898470446002822
:10785000DFD12B78990706D400F09CF804462B78EA
:1078600043F002032B7033681E4898470028E5D187
:10787000002CD0D13B681B4898470028C9D13368F9
:10788000184895F8008098470028C2D13B681848EE
:10789000984704460028BCD16B7843B918F0010F13
:1078A00005D014480DF072FF022304466B70336854
:1078B0000F4898470028C1D1002CACD13B6809483B
:1078C00098470028A5D12B7806485A075CBF43F09B
:1078D00004032B7033689847002890D099E700BFC5
:1078E0005808002048130020188B0020540800205E
:1078F0005C1300201C8B002038B5074C074B20463A
:107900001B689847064B204693F88055054B1B682B
:107910009847284638BD00BF48130020580800206B
:10792000208B00205408002000F1004320331F2B3F
:1079300070B505460E460CD82C22154C02FB0344AC
:10794000237F022B02D16369834218D06FF08B0032
:107950001AE001210DF0C4FEB8B10D4B00221C4607
:10796000197F022902D15969A94205D00132202A82
:1079700003F12C03F4D1E9E72C2303FB0244204656
:107980000DF0A1FE00B9346070BD6FF08700FBE719
:10799000208B00200122024B002083F880257047B5
:1079A000208B00202DE9F041094C202526464FF080
:1079B000010803272046C4F8208027770DF027FE12
:1079C000013D04F12C04F5D186F88055BDE8F08125
:1079D000208B0020F8B506460F46FFF78DFF88B3D1
:1079E00000241B4B22461D46197FE1B13CB90229F8
:1079F00005D1196A19B91979002918BF1C46013235
:107A0000202A03F12C03EFD114B96FF08C0006E0AB
:107A100020460DF058FE20460DF0F9FD20B1002360
:107A20003B6033600DE01C46207F70B90123094A9A
:107A30002377631B9B10534303F10043203B3360C8
:107A40003C60F8BD6FF08800E9E76FF09600E6E76C
:107A5000208B0020A38B2EBA0023F0B50B6091B0D1
:107A600005460E46FFF748FF002800F0A780554B5B
:107A700055481B68984768B931462846FFF754FFB8
:107A800010F18C0F0446514F09D03B684E4898477F
:107A900010B10CB96FF08F04204611B0F0BD314623
:107AA00002A8FFF797FF044618B13B68464898477D
:107AB000F2E70122336801465D61336809A85A6024
:107AC0001C22356803F085FA002200236869CDE99D
:107AD00006233F4B00F140429A42CDE9044403940F
:107AE00005D928460DF093FD6FF08704CDE706AA6F
:107AF00003A901F045F80446002835D1039B6A69C3
:107B00000A93DBB2002B08BF00220346CDE9000038
:107B1000DDE906010E9209AA00F0FCF810F18A0FC7
:107B2000044606D03068FCB90DF071FD6FF0960484
:107B3000ABE704A909A800F087F80446A0B92846D5
:107B400004990DF024FD044670B9DDE9060105AB8A
:107B50000193AB6A09AA00936B6A00F0DBF8044654
:107B600048B128460DF048FD30680DF050FD14F185
:107B70008C0F8AD1B8E72C46059BAB6209AD0FCDBF
:107B80000FC495E8070084E8070033689A68D004BA
:107B900010D49A68910444BF42F400629A6033683A
:107BA0001A7F012A04BF02221A7730680DF08BFD7C
:107BB00004466AE742F480629A60EAE76FF088045C
:107BC0006AE700BF58080020341300205408002042
:107BD000FFEFFF3F10B50B4B04461B680A48984760
:107BE00018B16FF08F04204610BD20460DF089FDBE
:107BF000064B04461B68044898470028F3D0002C25
:107C0000F1D1EEE75808002034130020540800207A
:107C100010B500211C464368216009491A0AB1EBDE
:107C2000132F05D0074B9A4202D06FF0860010BD8B
:107C300000F0A6FA20600028F7D00020F7E700BF88
:107C4000004E80004B4E800010B50C46002143686A
:107C500021600A491A0AB1EB132F02D0084B9A424D
:107C600008D100F08DFA002820600CBF6FF085006D
:107C7000002010BD6FF08600FBE700BF004E8000C3
:107C80004B4E80002DE9F04FDFF880B0D0F804E0D3
:107C900085B0BBEB1E2F0446DDE90E890D46164666
:107CA0001F46DDF840A04FEA1E2C1CD0DFF860E034
:107CB000F44518D0BCF1000F22D1CDE9019ACDF8DE
:107CC000008000F04BFE10F1860F1BD13B46324680
:107CD00029462046CDE90F9ACDF8388005B0BDE899
:107CE000F04F0DF067BC3B46324629462046CDE9B1
:107CF0000F9ACDF8388005B0BDE8F04F00F02EBEE9
:107D00006FF0860005B0BDE8F08F00BF004E800028
:107D10004B4E8000F0B4DFF830C05468DDE9045603
:107D2000BCEB142F4FEA142702D0064CA74204D113
:107D3000CDE90456F0BC00F0D1BE6FF08B00F0BC72
:107D4000704700BF4B4E8000004E80004268044BDD
:107D5000B3EB122F01D10DF054BE6FF085007047C8
:107D60004B4E800010B50C4C20680EF0BDFB0B4A4A
:107D70001368591C11604BB9094A4820D2F80034E5
:107D800043F00703C2F80034CFF7E2FB2068BDE8F8
:107D900010400EF0AFBB00BF38080020A4900020B8
:107DA0000080045038B5164D28680EF09DFB154B29
:107DB0001C68013C1C60ECB94820CFF7D7FB0722B8
:107DC000114BC3F80823D3F8002422F00702C3F8AC
:107DD0000024C3F80041D3F80021C3F80441D3F8CC
:107DE00004214FF48072C3F80841D3F80831074BDF
:107DF000C3F888212868BDE838400EF07BBB00BF7F
:107E000038080020A49000200080045000E100E029
:107E100070B5114D114E2B68B34212D0FFF7A2FF7F
:107E200001F010FD0E4A0F4B0F4952F8040B43F8B6
:107E3000040B8B42F9D101F0ADFD20B9FFF7B2FF81
:107E40002E60002406E00DF0ACFC0446FFF7AAFF0C
:107E5000002CF5D0204670BD340800201173650059
:107E60001471040000C080511CD380511FB5114C07
:107E7000D4F84034012B14D0B72000F0DFFC18B147
:107E80006FF0210004B010BDB82000F0D7FC00282E
:107E9000F6D1B92000F0D2FC0028F1D10123C4F8BA
:107EA000403410220021684603F093F868460EF033
:107EB00048F9E7E700800450302817D00DD8123871
:107EC000C0B2192806D801231F4A83401A4052B96C
:107ED000DB0721D46FF08600704741282BD0422861
:107EE000F8D1FF2929D16FF085007047B1F5A07F47
:107EF000F9D00BD821F02003C02BF4D0B1F5807F4E
:107F00000CBF6FF085006FF086007047B1F5C07F41
:107F1000E9D0B1F5007FF3E7B1F5807FE3D003D876
:107F200021F02001C029EBE7B1F5C07FDBD040F2A2
:107F300009239942E4E7FF2902D0B1F5E07FDFE7AA
:107F4000024B00201360704720022102F4850400D8
:107F50002DE9F04343688268B3B01A44049210AA32
:107F6000CDE90D2303930C9321AB0F93494B0746A7
:107F7000884605A8196801F02BFDDDE90554002CA1
:107F80005FD122463946284609AB0EF0E2F9044695
:107F9000002856D128460EF088F9DDE9091203467B
:107FA00040460DF0B4FF28460EF0B8F828460EF013
:107FB00080F80446284601F035FD002C41D14FF0F1
:107FC0000A09354B1B680193019907A801F000FDD0
:107FD000DDE90765002D41D12A463946304609AB17
:107FE0000EF0B7F90546C8BB30460EF05EF90999A8
:107FF0000546024603A80DF061FFB8F1000F26D137
:10800000DDE90A23394630460EF079F930460EF0A4
:1080100085F830460EF04DF80546062D304624D141
:1080200001F000FDB9F10109CED1DDE90C100DF030
:1080300033FCDDE90C100DF02FFC204633B0BDE819
:10804000F083204633B0BDE8F0430DF0AABB2B46C9
:10805000DDE90A1240460DF05AFFD7E7062DE4D0BD
:1080600028460DF09EFB0446DFE70EF05AF9044661
:1080700030460EF01AF90CAB0246D4E900010DF0BF
:1080800036FF304601F0CEFC002DE9D16FF08604BA
:10809000CBE700BF0086040018860400F8B5074649
:1080A0000D4618461C2116461C460DF0F5FB7B6854
:1080B0002A491A0AB1EB132F1BD1294A2B782261C6
:1080C000284A13F00303E26065610CD0023303F029
:1080D0000303012B3CD87B880733DB086360224B0A
:1080E00023600020F8BD7B880733DB0863601F4BEB
:1080F000F6E71F4B9A4228D11E4B2246E3601E4BE7
:108100001E492361002342F8183F62617A698A425E
:1081100008D001318A4207D002398A420BD10123AB
:10812000A360DEE70223FBE72021104AC4E9033302
:10813000C4E90021D5E776B1022E04D12B78A360E3
:108140006B78A361CDE7C4E90333C4E90056C8E7FF
:108150006FF08400C6E76FF09600C3E74B4E8000D7
:10816000C18B0300BF5A0400000000204000815171
:10817000004E80006D7E03009F57040003C0FF7F08
:1081800043681A491A0AB1EB132F16D14269184BEA
:108190009A420DD003F5FF437D331344012B21D8C0
:1081A0000088B0F5105F14BF002001204000704728
:1081B00047F2121300889842F5E70E4B9A4211D10C
:1081C000038803F44F42B2F5824F0DD144F21212EC
:1081D0004088934200F107004FEAD00005D14000EB
:1081E000013070470020704702207047004E800029
:1081F00001C0FF7F4B4E800003680B4902468B4253
:108200000FD096BF09490A4923F480738B420CBFF3
:108210006FF020006FF00200012382F8F4300DF0BF
:10822000C0BA6FF02000F7E700018004004040046E
:108230000010C0042DE9F8430C46DDE90898194602
:10824000144B0746984515461DD11388B3F5105FAA
:1082500019D1B9F1200F19D804F592764A46304663
:1082600002F0ACFE4A463146284604F58473FFF717
:1082700015FF30B91023C4F8008084F8867184F8A3
:108280008531BDE8F8836FF08500FAE76FF086006E
:10829000F7E700BF004440042DE9F04F9B46002360
:1082A00087B0DDE910A9044688461546C9F80030B4
:1082B000CAB1BBF1000F00F0BA8090F88431981871
:1082C000504500F2B48094F88561EBB1F71A04F5DB
:1082D000A270BA4218440AD202F070FE94F88431B7
:1082E0002B4484F88431002007B0BDE8F08F3A4673
:1082F000059302F063FE94F88421059B1644F61A58
:1083000084F88461B844ED1B94F8853194F8862193
:108310005E4294F884712E40B2B92168454881428A
:1083200012D1591E29420ED0002E43D1002F41D127
:10833000AD1B2A4608EB060104F5A27002F03EFED2
:1083400084F88451CFE7F61AF6B91FB90026B54272
:10835000C9D9EDE72168384B99422BD1CDE901927B
:108360005B463A46CDF800A004F5A27104F584708E
:108370000DF09EFA0028B7D194F8843184F8840176
:10838000002EE3D09B4405E021682B4B994211D18C
:10839000002FE3D194F886313246CDE9019341466E
:1083A0005B46CDF800A004F584700DF081FA00283A
:1083B000CDD099E794F8F430A3B1201D01F038F83E
:1083C00058B994F8842104F1040AB2B15B465046CE
:1083D00004F5A2710DF0D1FB50B107B0BDE8F04F2C
:1083E0000DF0DFB92046FFF707FF0028E9D07BE753
:1083F00094F8853184F884019B443EB15B46324653
:10840000414650460DF0B9FB0028E6D150460DF02C
:1084100037FC0028E1D150460DF092FC0028DCD159
:10842000D9F800301F443744C9F800708FE76FF067
:10843000890059E70041400400444004F0B51D465E
:1084400000232B60174690F8842104460E460368EB
:1084500085B02AB9274A934212D0002005B0F0BD5A
:1084600025498B420CD190F8863100F5A271CDE9F7
:1084700001530097334600F584700DF019FAEDE7CB
:1084800094F8F4306BB1201D00F0D2FFF8B994F8E5
:1084900084319F422B600AD200236FF089002B6049
:1084A000DCE72046FFF7A8FE0028F0D0D6E72168D9
:1084B000124B94F88421994201D1130717D1251D3D
:1084C0003346284604F5A2710DF057FB20B105B0E4
:1084D000BDE8F0400DF065B928460DF08DFB002891
:1084E000F5D128460DF02CFC0028B6D0EFE76FF050
:1084F0008600B3E7004140040044400400404004CB
:108500002DE9F04FEFB08146DDE97D84DDE97B6741
:108510008A46934600214FF4C4720CA81D4602F00F
:1085200058FD00222260184A954214D15A465146FD
:10853000484605ABFFF7B2FD50B901233246CDE9FD
:1085400001437A993B46CDF8008005A80DF0B0F9BB
:108550006FB0BDE8F08F5B465246494600950CA8C7
:108560000DF0DDF90028F3D1DDE978120CA80DF04B
:10857000E2F90028ECD13B463246CDE900847A99F5
:108580000CA80DF0E3F9E3E7004440044FF48073D6
:108590002DE9F04397B0074603A8039300250DF09B
:1085A000F0F94FF010090DF12F04DFF85C8024F092
:1085B0001F040122102140460DF05AFF6319009359
:1085C0004246102320210F48CDF8049000F084FF8C
:1085D000064698B91035302DEBD127B12A463946D9
:1085E00020460DF04FFF20222146064802F0E6FC0F
:1085F0001022054804F1200102F0E0FC304617B0DB
:10860000BDE8F083286F0020486F0020F0B5184DBA
:10861000184FAB6B8DB0BB4228D0174E30680DF0B1
:1086200063FF40230022194628460DF02AF96846C8
:108630000DF0B4F9044678B96846FFF7A7FF044681
:1086400090B930230246194668460DF01AF9012206
:108650000023C5E90C23AF6330680DF04BFF2046C3
:108660000DF09FF80DB0F0BD0E24F5E70020F9E7FE
:10867000286F0020B4A5B4A53C0800202DE9F04FD8
:108680009BB00DF15F0781460C46154627F01F078A
:1086900022B100296FD0B2F5803F6CD8DFF8E080BE
:1086A000364ED8F800000DF01FFFD6E90C32134308
:1086B0001BD0736BB3F5803F27D24FF4807304A8AF
:1086C00004934FF0100B0DF05CF9DFF8B8907DBB10
:1086D0002846FFF75BFF024668B9D6E90C31013343
:1086E00041F10001C6E90C3105E04846FFF78EFF75
:1086F00002460028DDD0D8F8000003920DF0FAFE03
:10870000039A10461BB0BDE8F08F04A80DF046F99F
:1087100058B904A8FFF73AFF02460028EBD13023EE
:1087200004A819460DF0ADF8C7E76FF09202E2E732
:10873000102D4FF001024FF010014846AA4628BF05
:108740004FF0100A0DF094FE4A4610232021CDE987
:10875000007B0A4800F0C0FE02460028CBD13B4611
:1087600004EB0A0213F8011B04F8011B9442F9D12F
:10877000A5EB0A05ABE76FF08602C2E7286F002081
:108780003C080020486F00200022074BC3F810214E
:10879000C3F80C21C3F80021C3F80421C3F8082151
:1087A000C3F81421704700BF0050045008B5FFF70C
:1087B000EBFF01230360104B0A6832B9D3F80C2198
:1087C0001AB9D3F80821002AF6D00B687BB90B4BF5
:1087D00099420ED0A3F58473D3F80831002B0CBF57
:1087E0004FF0FF306FF00200FFF7CEFF08BD002012
:1087F000FAE74FF0FF30F7E70050045008510450FB
:1088000038B505460C4691B10021012007F040FE25
:1088100008480949C0F80055C0F80445FFF7C6FFED
:1088200000210446084607F033FE204638BD6FF0AD
:108830000104FAE70050045000510450034B04496E
:10884000C3F800050348FFF7B1BF00BF0050045054
:10885000045104500450045010B504460021012076
:1088600007F016FE064B0749C3F800450648FFF718
:108870009DFF00210446084607F00AFE204610BD71
:1088800000500450085104500850045038B50C46AC
:1088900059B1074D0749C5F800050748FFF786FF9E
:1088A00010B9D5F80835236038BD6FF00100FBE73B
:1088B00000500450105104500C5004502DE9F04168
:1088C0000388C76803F44F44B4F5824F08BF1D46C0
:1088D00003F4E0441F4B18BF0025944600209E4639
:1088E000EDB21E78AE4224D1D3E90262DCF80080FA
:1088F000B4F5804F08BF1646B8F1000F0DD18E4277
:108900000BD1142303FB00E35968CCF800101B7C47
:10891000ABB96FF08500BDE8F0815A68904508D189
:108920008E4202D06FF08600F5E7142303FB00E3CC
:10893000EDE70130132803F11403D2D1F2E7422D01
:1089400006D1054B9F4203D003F20B139F42E9D19E
:108950000020E0E730840400000800062DE9F04F15
:10896000154600229DB0DDF8A0B09846DDE9267AD4
:1089700003880446CBF800208946CAF80020002F5F
:108980005BD04268524E110AB6EB122F20D14669D5
:10899000FFF7F6FBB84200F29480F6B220462B4671
:1089A0004A46314600F044FA044668B92146434637
:1089B0003046CDE9007A0BAA00F0F2FA044618B965
:1089C000BDF82E30CBF8003020461DB0BDE8F08F4A
:1089D000002979D123F0FF03B3F5E24F17D1438883
:1089E000AF420B936DD329460BAAFFF767FF0446EE
:1089F0000028E9D12B464A46394640460CF02FFF65
:108A0000D8B10B9BCBF80030CAF80050DCE7B3F5C7
:108A1000824F59D143880688059306F44F43B3F536
:108A2000824FC3684A4603934FF041012B460BA87F
:108A300018BF00260CF013FF10B96FF08604C3E7CF
:108A4000AF423ED32046294605AAFFF737FF04462A
:108A50000028B9D1F0B21228059F01D0302828D1C2
:108A60009DF82C10FB1DDB085A00042902F10102BD
:108A7000E3D19542E1D1174A0399114041F01062C8
:108A800015498A4215D10DF12D020BA9CDE9073206
:108A90005A1C0A44CDE90932394606AAFFF70CFAF6
:108AA00008B1044690E7069807A9FFF751FA002895
:108AB000F7D12A4640460BA902F080FACBF80070A5
:108AC000A2E76FF089047FE76FF085047CE700BFC1
:108AD0004B4E80000000FFF6000002092DE9F04730
:108AE00050EA010C0546DDE9089814461F460CD0F3
:108AF00010F1FF3C41F1FF36BCF1020F76F10006A8
:108B000020D3BDE8F04700F04BBA1949194B104685
:108B1000C2E90013184B4FF47051D3600CF067FF9B
:108B2000FFF72EFB484503D96FF08900BDE8F087B9
:108B30002046FFF725FB0025C8F8000000203D7007
:108B40007870F3E70D4A0B4B4FF44041C4E9002322
:108B50004FF008232046E3600CF049FFFFF710FBBD
:108B60004845E1D82046FFF70BFBEDB2E4E700BF34
:108B700012710001FF004E8009060006002400016A
:108B800070B40D4E0C46B042154608D00136B042C6
:108B90000ED0023EB0420DD070BC00F0E7B9012209
:108BA0000023C5E90023054B0020236070BC7047FB
:108BB0000222F5E70022F3E702C0FF7FFF004E80AC
:108BC00008B5402102480CF067FE002008BD00BF38
:108BD0000000002008B50E4A41680346B2EB112F91
:108BE00013D1598842690731C908D0B20F31C2F395
:108BF0000332022A4FEA111108BF02310CF003FFC1
:108C000028B9BDE808400CF016BF6FF08B0008BD16
:108C10004B4E8000F8B50C46054604220021204644
:108C200002F0D7F923786FF3030323706B691A0BF3
:108C3000237862F30513237013F0300305D1AB687A
:108C40009A070CD06FF08600F8BD102B07D163880F
:108C500023F4F87343F4A87363800020F4E7EB680F
:108C6000694A934260D015D8684A934262D008D8C6
:108C7000674A934264D0674A93425ED06FF08500A2
:108C8000E2E7654A934222D0644A9342F6D1062233
:108C9000A3780CE0624A93426DD00FD8614A9342A8
:108CA00045D002F580729342E8D10322A37862F3A3
:108CB0000303A3702B88B3F5105F11E05A4A934267
:108CC00041D0B3F1082FD9D10822A378EFE70122D0
:108CD000A37862F30303A37042F204032A889A4242
:108CE000CCD100234FF0010C1946504E56F8047BAE
:108CF000AA68174208D0E2780CFA03F040EA520062
:108D000060F34702E27039430133072BEED1AB68C1
:108D10008B43B3D16B88FF2B68D044D8802B67D0AE
:108D2000C02BABD1022343E00222A378D1E7042277
:108D3000A378BCE70522A378B9E70722A378B6E7B2
:108D40000922A378B3E72B8803F44F42B2F5824F90
:108D500094D1DAB2422A91D1A8680CF0AAFE20B9C7
:108D600023F0FF03B3F5E24F88D00A22A37862F321
:108D70000303A370B5E72B8803F44F42B2F5824F8B
:108D80007FF47CAFDAB2122A7FF478AFA8680CF0D7
:108D900090FE28B923F0FF03B3F5E24F3FF46EAF26
:108DA0000B22A378E3E7B3F5807F7FF467AF04235A
:108DB000A27863F30612A2706B691A0B237862F330
:108DC0000513237003F030031BB9AB689B077FF4D6
:108DD00039AF2B79022B12D0FF2B0BD0012B7FF454
:108DE00031AF628863F3C812628036E70323DFE79E
:108DF0000123DDE70222638862F3C8132CE763884E
:108E000043F4C07328E700BF000510050044400488
:108E10000002C00300404004000180040010C004B0
:108E2000FF0600060001500500080006AC8504009E
:108E30002DE9F04F89B006460F4690461D460CF0CE
:108E4000FAFD0446002874D169463046FFF7E2FE79
:108E5000044600286DD19DF80030C3F30113012BA7
:108E60001AD0032B0FD05BB93388B3F5105F6ED1E6
:108E7000A5F11002102A03D8384BD340DB0727D4C2
:108E80006FF0860455E025F00803102B01D0202D4B
:108E9000F6D1DFF8CC9003E0302DF1D1DFF8C490AB
:108EA00005F10F0600254FEA161A554513D11F2E5E
:108EB00018D81C22002101A802F08BF80025554586
:108EC00018D11F2E35D9FA20FFF7C6FC88B32EE043
:108ED000DFF89490E4E778190CF07FFD002839D092
:108EE0000135E2E7294638460CF08DFD0028E0D038
:108EF00004461EE009EB05124FEA051B0692E5B990
:108F00000422694607A802F059F8BDF8022008EBD0
:108F10000B01C2F3C112059201A8102202F04EF813
:108F200001A97819FFF76CFC58B10CF084FD6FF0C3
:108F30009204204609B0BDE8F08F4FF0FF3307934D
:108F4000E3E71C2101A80CF0A7FC0135B7E76FF09F
:108F50008504EEE76FF08A04EBE700BF0101010032
:108F600000000020108404504000815173B5C5B248
:108F70000E46284601A914460CF080FD60B9BDF8E4
:108F8000063003F4C073802B14BFFF220122034B71
:108F900013433360C4E9005002B070BD004B4E80F3
:108FA0002DE9F34701A9804615461E460A9F0CF09D
:108FB00065FD044650BB0CF03EFD044630BB002D61
:108FC00000F018819DF804100A0740F01681BDF8E2
:108FD0000630C3F3C113013BDBB2022B00F2108158
:108FE0008C4AD25C8C4B13436B6001F03003102B26
:108FF00010D103F1C07303F6F1732B602846FFF71D
:10900000BFF8B84240F297806FF08904204602B062
:10901000BDE8F08782469DF80720804B4FEA520C4E
:10902000BCF1000F1BD11AF4805F08BF50469DF8B9
:10903000069018BF4AF48060830409F00F0348BF0C
:1090400040F40060013BA8600A2B00F2DF80DFE8FB
:1090500003F0571424282C3034383D414C001CF0C8
:10906000010F06D0062800F2CE8053F820204AEAED
:10907000020A4FEA5C0C0130D2E742F20402684B6C
:10908000C9F3021909F1FF392A80EB60B9F1030F26
:109090003CD8DFE809F039494B4D4FF41052614B91
:1090A000EEE74FF41052604BEAE74FF410525F4B7B
:1090B000E6E74FF410525E4BE2E74FF410525D4B7F
:1090C000DEE74FF410524FF00823D9E74FF4105267
:1090D000594BD5E747F242130CF0EBFC44F2421235
:1090E000002818BF1A46554BCAE747F212130CF076
:1090F000E0FC44F21212002818BF1A46504BBFE79A
:1091000042F204024F4BBBE780236B8011F0300F1B
:109110007FF474AFB2F5105F03D11AF0030F3FF480
:109120006DAF6FF0960471E7C023EEE7FF23ECE725
:109130004FF48073E9E72846FFF722F80B9B18608D
:109140009DF804303278C3F3011363F301023270E7
:109150009DF80620C2F30212042A05D8012A07D876
:109160000DD06FF0980451E7052AFAD1032206E0EA
:1091700044F212132A889A420CBF04220222337846
:1091800086F8018062F384033370D9B203F00303DD
:10919000022B01BF0B46023262F3840333702B882B
:1091A00003F44F42B2F5824F7FF430AF44F2121213
:1091B000934202BF042307F1FF3706F8013B402F1B
:1091C0003FF622AF204D28680DF08EF930460CF0A6
:1091D00076FC0CF0E6FA044640B91C493A463046A3
:1091E00001F0ECFE402119480CF056FB28680DF008
:1091F00081F90BE76FF0860408E76FF0880405E754
:109200006FF0910402E76FF08304FFE66FF09204C1
:10921000FCE600BF1AA40400004B4E80AC8504009D
:1092200000051005000250050001500500444004EF
:109230000010C004004040040002C0030008000603
:10924000FF06000600018004400800200000002006
:109250002DE9F0470488914604F44F42B2F5824F5D
:109260004FF0000298B03A4D88461E46DDE9237360
:1092700041883A6003F0FE4218BF00241D40B2F15D
:10928000106FDDF884A0334A45F0106511D123F04A
:109290001F6323F4702363B995420CD1038823F034
:1092A000FF03B3F5E24F0CD06FF0860018B0BDE8B5
:1092B000F087954202D0284B9D42F5D16FF0850092
:1092C000F4E7E5B2284601AAFEF7F6FD08B1002052
:1092D000ECE7019B5C684C45E6D1412DEED1209B2B
:1092E0009C42E1D1229B9C422ED8202C18D12022D6
:1092F000414602A801F062FE02A80DF0D5F8202236
:1093000031460AA801F05AFE0AA80DF0C8F85246E4
:109310000AA902A80CF059FEA0B10CF042FAC5E768
:10932000382C0DD1224641460AA801F047FE0AA872
:109330000DF0C5F8524631460AA80CF06AFEEBE77C
:109340001120EAE73C60C2E76FF08900AEE700BF9A
:109350000000FFF600000209000001092DE9F041BC
:109360000446174698460D4619B10A688B681AB923
:1093700053B96FF0210651E033B94B6823F008026E
:10938000102A01D0202B4CD11C22294604F11000B8
:1093900001F014FE244B20462360C4F80C800CF02E
:1093A000B6FB0646002839D12146012051F8903BF2
:1093B000AA68D3F808C008F10808069B00FA08F06C
:1093C00018439301DBB29206184302F0E042DCF846
:1093D0000030024304F12C0000F0D0F8AB687BB9F8
:1093E000236B2A681A606B68226B43F0005393600A
:1093F0002268236B92685268DA60236B1033236310
:1094000067B1236B094A1F60236B9A602268236B44
:109410009268D268DA60236B103323633046BDE86C
:10942000F0816FF04106F9E7C885040010000020C4
:1094300038B590F82C300446002B44D1C368002B7B
:1094400044D00CF064FB054600283AD1E36821467D
:10945000082B14BF20234023E26B04F12C0022EAE6
:109460000302E26351F8903B9B681B6800F086F8AA
:10947000A3697BB9236B22691A606369226B43F08D
:10948000005393602268236B92685268DA60236B02
:1094900010332363A36B226BA4331360236B0D4A39
:1094A0009A602268236B9268D268DA60236B10336B
:1094B0002363E368082B14BF10222022E36B1343BD
:1094C000E363284638BD6FF02005FAE76FF04705E3
:1094D000F7E700BF1000002010B543F0005392B032
:1094E000109321234FF480740E9201221193149B48
:1094F00001940293159B01AC41F0005106940C912C
:10950000112440F6110143F00053CDE90323202339
:10951000DFF864C00A90CDE908C40D9100200EA9BF
:109520000AAC07940B910F92059300F015F9BFF365
:109530005F8F4FF0A34306AA1A60BFF35F8FBFF39C
:109540005F8F02AA1A61BFF35F8FBFF35F8F0322A1
:109550005A63BFF35F8FBFF35F8F9A63BFF35F8F71
:109560000CF045FC431C0446FAD0002000F01EF924
:10957000204612B010BD00BF0400002010B5044604
:10958000416044F8102FC4600C6042680349916048
:109590004268D36043681033436010BD040000206C
:1095A00070B50026C0E9006605460C46FEF7DAFBFA
:1095B00001232B70BFF35F8F334B1E60BFF35F8FB0
:1095C000BFF35F8F1A68BFF35F8F42F48071BFF300
:1095D0005F8F1960BFF35F8F22F48072BFF35F8FDC
:1095E0001A60BFF35F8FBFF35F8FDB68BFF35F8FDE
:1095F0009B08013B002C41D0226842B19A4205D918
:10960000FEF7D0FB6FF03F002E7070BD1346D4E91B
:109610000115D4E90304002908BF4FF40071BFF31A
:109620005F8F194A9360BFF35F8FBFF35F8F15643D
:10963000BFF35F8FBFF35F8F5064BFF35F8FBFF3E4
:109640005F8F5163BFF35F8FBFF35F8F1368BFF30B
:109650005F8F23F4732323F400631C4344F48023BB
:10966000BFF35F8F1360BFF35F8F43F00104BFF35D
:109670005F8F1460BFF35F8F0020C6E74FF4007167
:1096800020462546CBE700BF0010805170B5037817
:10969000002B51D0BFF35F8F2C4C236BBFF35F8F38
:1096A0005D08C3F34203052B49D015F0060F02D124
:1096B0004FF0FF3070BD4368C3B9BFF35F8F63687D
:1096C000BFF35F8F032BF3D9214B224DBFF35F8F85
:1096D000D4F88060BFF35F8FBFF35F8F43F8046BF4
:1096E000BFF35F8FAB42F1D101234360BFF35F8FC4
:1096F000164B9868BFF35F8F0130B2EB001F21D883
:10970000BFF35F8F5868BFF35F8FB2EB800FCFD886
:1097100082B1BFF35F8FD3F88000BFF35F8F0C1D62
:1097200001F8010BA1424FEA102002F1FF32EFD005
:10973000002AF5D10020BDE76FF02000BAE76FF0F6
:109740005100B7E76FF03F00B4E700BF0010805151
:10975000101080512010805110B50446FEF702FB16
:10976000104B18680CF0C0FE0CB101232370BFF33E
:109770005F8F4FF0A3430022DA61BFF35F8FBFF327
:109780005F8F4FF0FF321A63BFF35F8FBFF35F8FBE
:109790003422DA61BFF35F8F0122034BC3F8042345
:1097A00010BD00BF400800200080045010B50446E2
:1097B00038B9FEF7F7FABDE81040074B18680CF00F
:1097C00099BE03783BB1FEF7EDFA034B18680CF035
:1097D00091FE0023237010BD4008002038B5164CC0
:1097E000D4F80051C5B1BFF35F8F4FF0A343996A1E
:1097F000BFF35F8FBFF35F8F4FF0FF321A63BFF38A
:109800005F8F0023C4F80031D4F800310B4B186887
:10981000BDE838400CF081BED4F8083153B100F0F7
:10982000FDF80CF029FCC4F80851D4F808310121E6
:10983000034BECE738BD00BF00800450480800200F
:109840004408002008B5074B18680CF055FE064B7D
:1098500018680CF051FEBDE808400022482011466F
:10986000CDF7A6BE480800204408002038B5094BB3
:109870001C7864B1084B4FF0FF311D6828460CF08E
:109880003DFE4FF0FF31044628460CF044FE2046D2
:1098900038BD00BF34A000204808002038B5074B71
:1098A0004FF0FF311D6828460CF028FE04464FF0AB
:1098B000FF3128460CF02FFE204638BD440800201A
:1098C0002DE9FF41124B05460F4668461968904640
:1098D00000F07EF8DDE90064A4B9224630460D4967
:1098E00002AB0CF036FD044660B9202241460298D6
:1098F0000CF039FB0398202239460CF034FB30463B
:109900000CF00CFC2846C5E9006404B0BDE8F08109
:1099100030860400F48504002DE9FF41124B054612
:109920000F4668461968904600F052F8DDE9006479
:10993000A4B9224630460D4902AB0CF00AFD04469C
:1099400060B93822414602980CF00DFB039838228A
:1099500039460CF008FB30460CF0E0FB2846C5E920
:10996000006404B0BDE8F08130860400E88504009E
:1099700010B5064C236D3BB9214651F8503B986910
:109980000CF050FD01232365014810BDA890002074
:10999000F890002038B500240B4D0C4BEC662B6082
:1099A00003F5C0436B60FFF7E3FF50B16B6D2046DA
:1099B000B3F5007FCCBF4FF480634FF40073AB600E
:1099C00038BD0E20FCE700BFA89000200020805189
:1099D00070B50E460E4B0F4C054618680CF084FD12
:1099E000C4E90464FEF7BEF904220B4BC3F8042358
:1099F00020460CF023FB38B920460CF024FB18B9A4
:109A0000C5E90040284670BDFFF748FFF0E700BFFA
:109A10004C080020A89000200080045000487047A7
:109A2000A89000200422084B10B5C3F80823044670
:109A3000FEF7B8F900232361A364044BBDE810408E
:109A400018680CF057BD00BF008004504C0800207F
:109A500000487047A890002000487047F890002008
:109A600010B50C4641F22C010CF038FBC0F38120FC
:109A700003280EBF0023024B1B56236110BD00BFFD
:109A80001DA40400214B0340B3F5007F2CD014DC4F
:109A9000402B2BD008DC102B2AD0202B2AD0181ECC
:109AA00018BF012040007047802B25D0B3F5807F80
:109AB00008BF082018BF02207047B3F5005F1DD013
:109AC0000ADCB3F5006F1BD0B3F5805F1AD0B3F595
:109AD000806F08BF1120EDE7B3F5004F14D0B3F548
:109AE000803F08BF0320E5E7072070470A20704742
:109AF0000C207047092070470B20704704207047E6
:109B000006207047052070470F207047F0FF0100C6
:109B1000036813F4700F0AD1806858B1064B98425D
:109B200007D0064B98420CBF052006207047002046
:109B300070470220704700BF20A40400D0A4040096
:109B400070B50F4E0F4C054630680CF0CDFC206808
:109B500030B980220C49FEF791FD70B920232360B3
:109B60002368094A013B2360002452F823202A601D
:109B700030680CF0BFFC204670BD0224F8E700BF3F
:109B800050080020189100201C9100202DE9F74377
:109B9000002600F10C080096EFF31189402484F3AD
:109BA0001288BFF36F8F8568694005EA02070A4093
:109BB00055400C496A468560019507F0BCF8009C49
:109BC00044B12046C4F88C60A5660021646E06F09E
:109BD000E9FFF5E740464946DEF76EF8384603B040
:109BE000BDE8F083A1650400704783681B691847CE
:109BF00001F035B8012303FA01F103691B6819422A
:109C000018BF82F0010212B18368DB6818478368CD
:109C10001B69FBE7F0B50144054618469DF8146042
:109C20008D4200D1F0BD15F8013B584008235EB1CC
:109C300000F001075C1E400897B182EA0003D8B229
:109C40002346002CF4D1EBE710F0800F4FEA4000E0
:109C5000C0B203F1FF3318BF5040002BF4D1DFE74F
:109C60002346002CE3D1DBE7836800EBC101B3F5A9
:109C7000004F2CBF51F8220031F81200704700EB62
:109C8000C1018068B0F5004F2CBF41F8223021F8A7
:109C900012307047012208B5FFF7E6FFD04008BD3B
:109CA000836800EBC101B3F5004F08D34B681AB1CC
:109CB00043F001034B60704723F00103FAE74B8840
:109CC0001AB143F001034B80704723F00103FAE718
:109CD00053000122FFF7D3BF8368B3F5004F34BFB1
:109CE00004230823C91A081AC0087047B0F5004FAA
:109CF00034BF04230823481C0833A0EBD300B0FA78
:109D000080F0C0F11F0070472DE9F0411746032293
:109D10000E460446FFF7A8FF8642054607F10408F1
:109D20000AD10122E368BA4023EA0203E360002378
:109D300044F82830BDE8F081314602222046FFF782
:109D400093FF06462B4601460322204644F828503E
:109D5000FFF795FF334629462046BDE8F041022231
:109D6000FFF78DBF70B50D4686680446FFF792FF7A
:109D7000B6F5004F014601D3012809D03046FFF760
:109D8000B5FF294602462046BDE87040FFF7BCBF3C
:109D900070BD2DE9F04705468068FFF7A7FF05EB8A
:109DA000800ADAF8109088460646B9F1000F1BD0F9
:109DB0000327DAF8104028462146FFF76BFF40459D
:109DC00007D3324621462846FFF79EFF2046BDE8CE
:109DD000F087032221462846FFF746FF013FCAF8D5
:109DE000100001D08145E4D14FF0FF34EB6801361B
:109DF000B4401C40EAD094FAA4F2B2FA82F2131DE5
:109E000055F82340DEE72DE9F04114460E4605469D
:109E1000FFF740FFA4EB0608371B074442463146D4
:109E20002846FFF755FF3A4621462846FFF750FFE0
:109E30004346002221462846FFF721FF21462846B7
:109E4000FFF728FF3B46211800222846BDE8F041D5
:109E5000FFF715BF2DE9F041164604460F46FFF700
:109E600019FF314605462046FFF714FF05442A46F0
:109E700039462046FFF72CFF31462046FFF70AFF00
:109E80002B46311800222046BDE8F041FFF7F7BE0F
:109E90002DE9F0410D4686680446FFF7FBFEB6F556
:109EA000004F014601D3012832D03046FFF71EFF94
:109EB00004EB80010E6996B90122E36882401343E6
:109EC000E36002220D612B4629462046FFF7D7FEAC
:109ED000032229462046BDE8F041FFF7D0BE02220A
:109EE00031462046FFF7C0FE074603462946204676
:109EF000FFF7C5FE0322334629462046FFF7BFFE83
:109F000039462B462046FFF7BAFE02223146E1E7EA
:109F1000BDE8F081F8B50C460546FFF7BBFE2618F4
:109F2000012231462846FFF79FFEC3070CD4314675
:109F30002846FFF717FF21462846FFF7ABFE2146CC
:109F400022182846FFF786FF002221462846FFF701
:109F50008BFE271A012239462846FFF785FE10EAB4
:109F6000020613D139462846FFF7FCFE2146324649
:109F70002846FFF779FE2246211A2846FFF76AFF96
:109F8000214632462846FFF76FFE241A214628460E
:109F9000BDE8F840FFF77CBF38B571B10568002215
:109FA0002846FFF799FE044601462846FFF778FE4B
:109FB0002146BDE83840FFF7ADBF38BD70B5066833
:109FC00009B9002070BDB368B3EBD10FF9D9B3F56F
:109FD000004F34BF04230823CC1D1C44E408214651
:109FE0003046FFF7D6FE05460028EAD00146304647
:109FF000FFF750FEA04209D92C442946304622469C
:10A00000FFF701FF21463046FFF742FF30460122AD
:10A010002946FFF745FEB368B3F5004F34BF04236C
:10A02000082303EBC5031844CCE72DE9F843066881
:10A030001446B26801F1FF39B2F5004F34BF042372
:10A04000082319EA01090F460BD0494239408B42D7
:10A050004F4628BF0B46894654B900252846BDE81F
:10A06000F8839942F8D82146BDE8F843FFF7A6BF28
:10A07000B2EBD40FF1D9B2F5004F34BF042208225D
:10A08000E11D3944C91A11443046C908FFF781FE61
:10A0900080460028E1D0B36809EBC005B3F5004F56
:10A0A00034BF042308231D4435447B1E1D44B5FBE7
:10A0B000F7F57D43A5EB090529463046FFF70CFE71
:10A0C0002C44073424F00704A41B804507464FEABC
:10A0D000E40408D2024641463046FFF794FE41466A
:10A0E0003046FFF7D5FE39463046FFF7D3FD3844FA
:10A0F000844208D2394630462246FFF784FE214684
:10A100003046FFF7C5FE012239463046FFF7C8FD4D
:10A11000A4E7B2F5802FF8B52CBF08230423CE1D89
:10A1200026F00706D21A8C183746002224F00704BE
:10A13000A41BE40806602146B460204647F80C2FB3
:10A14000FFF7D4FD134685001B35ED0898422EDA43
:10A150002A4630460021FFF7BBFD002330461A4651
:10A160001946FFF78CFD671B194630460122FFF7A1
:10A1700097FD3A462946FFF7ABFD2B4600222946BC
:10A180003046FFF77CFD21463046FFF7A1FD3B46F8
:10A19000214630460022FFF772FD2146304601225B
:10A1A000FFF77EFD2946BDE8F840FFF771BE47F88E
:10A1B000042F0133CAE72DE9F04706460D4617463E
:10A1C00098462BB34FF0000A98F8004093F801909E
:10A1D000DB78A40004EB430498F802301C444444A8
:10A1E000CA4509D339463046AC46D8F8042008F1B0
:10A1F0000803BDE8F047604714F8013B0AF1010A83
:10A20000204648F8234000F0ABFE01300444E7E765
:10A210006FF01500BDE8F08770B5002502462846AE
:10A22000144614F8013B0BB9184609E098B18D4269
:10A2300007D1702B04D0A3F140023A2A0BD800209A
:10A2400070BDA3F140063A2E05D853780135941C11
:10A25000002BE9D00020252B224608BF80F001000A
:10A26000DEE70020704730B50C688B6814B14A688F
:10A270009A4202DC01338B6030BD013A9A4214BF2E
:10A2800005460025E5548B68F4E70FB407B504A92B
:10A2900051F8040B019100F069FC03B05DF804EB88
:10A2A00004B070470CB407B504AB53F8042B01930A
:10A2B000CBF70AFE03B05DF804EB02B0704704462A
:10A2C00008B5084611461A46A047DDF717FECDF738
:10A2D0009DF8D0E9002130B54FF03333A2FB0324C1
:10A2E000D51843EB0405A1FB0313521844EB0304F8
:10A2F000521944F10002891843F10003C0E9001328
:10A3000030BD10B50A680346002A0FDD013A0A6025
:10A3100044680A201A68A2FB001200FB0422100FF6
:10A3200022F07042C3E90012303010BD3020FCE74B
:10A330002DE9F84F9A46D37881466F2B0F46154684
:10A34000A3F1410B2BD026D8582B0CBF10260A2680
:10A35000DDF828803246002348463946C8F7F2FD2A
:10A36000092A08F1FF38D4B21ED83034B145E4B21E
:10A3700077F1000788F8004001D3D04511D82B7839
:10A380009B0605D5082E15D1AB7843F00803AB70BA
:10A390004046BDE8F88F03F0F703702BD5E7082699
:10A3A000D6E781460F46D5E7BBF1190F94BF373486
:10A3B0005734DBE7102EEBD1AB7843F01003E6E720
:10A3C0002DE9F0410746884615461E461446B4421C
:10A3D00005D30EB1601B08E02378002BFAD041466C
:10A3E00014F8010BB8470028F1DABDE8F08110B588
:10A3F0000369024613F0080009D11368D4689C422F
:10A400009BBF0120126AE31AD31A0B6010BD002310
:10A410001846FAE713B501A90446FFF7E8FF20B193
:10A42000019BE268013B13440193206A019BC01A1F
:10A43000013802B010BD10B5044650182269236AD5
:10A44000D20702D5013B184010BD984228BFC01A60
:10A45000FAE710B504460A46C168FFF7ECFF236926
:10A46000E06023F00803236110BD38B50D46C269D2
:10A470008B00016843F00203044642F82130016872
:10A480002A46FFF7D8FFE3686168984208BF23694E
:10A49000206008BF43F008032A46204608BF236116
:10A4A000FFF7C9FF606038BD2DE9F74FC768C6697F
:10A4B0009B4616F82730044603F00303022B884618
:10A4C00091464FF0000306EB870A09D01360CBF8E2
:10A4D00000302369990710D4002003B0BDE8F08F45
:10A4E00056F8271013608908CBF80030F1D0FFF739
:10A4F000B0FFE368A3600120EFE7A36950469847E7
:10A5000016F827300546DA07E6D513F002031DD00A
:10A51000B8F1000F03D041462046FFF7A6FF61685F
:10A520002A462046FFF787FFD4E90231994260604E
:10A5300004D12A462046FFF77EFFA060A36823606F
:10A54000E360236943F008032361D4E70146204612
:10A550000193FFF77EFFE268A260B8F1000F04D01C
:10A560002168E269019B42F8213005EB0802CBF833
:10A57000002021682046FFF75EFF2369206043F03A
:10A580000803236116F827306FF3000306F827301D
:10A59000C9F800A0AFE770B504461546FFF74BFFBA
:10A5A0002368834205D12369216023F008032361D6
:10A5B00070BDE269AB0043F0020342F821306168EC
:10A5C0002A462046FFF737FF6060F1E738B5036998
:10A5D00004465B0706D5456AFFF71CFF85422CBF82
:10A5E0006562606238BD38B50D4604461C22002104
:10A5F00000F0EFFC0022EB68A361AB6863612B689D
:10A60000E3616B68626223622A6923B1591E1942B1
:10A6100008BF42F001022261012204F1280000215A
:10A62000BDE8384006F0A4B92DE9F04F002587B009
:10A630000093036A04468B420E469246A946039550
:10A64000059539D3EFF3118B402383F31288BFF3C1
:10A650006F8F059AD8462AB129462046FFF79BFFFF
:10A660000023059304A92046FFF7C1FE049907467D
:10A67000B1422AD32268E369204613F8221003EB83
:10A68000820921F0030103F8221021683246FFF706
:10A69000D2FEE3682060984212D0002788F3118828
:10A6A000BFF36F8F039929B162690AB120469047C1
:10A6B00000230393002FC5D1484607B0BDE8F08FB3
:10A6C000236943F008032361E7E718B12046FFF749
:10A6D000CCFEE3E7009B5AEA030319D0019106F090
:10A6E000CEF90199A0B98BF31188BFF36F8F524651
:10A6F000009B04F12800DCF7D7FEEFF3118840231C
:10A7000083F31288BFF36F8FB0FA80F77F09C5E734
:10A71000204605AB03AA2568FFF7C6FE0746BDE73E
:10A7200070B50446836908460D4698470246EFF324
:10A730001186402383F31288BFF36F8F2B78204656
:10A7400043F001032B706168FFF775FE60602046DF
:10A75000FFF73CFF86F31188BFF36F8F70BD2DE9C3
:10A76000F04104464027EFF3118687F31288BFF3C8
:10A770006F8F236913F0080FA36802D162689342B8
:10A7800000D9226AD21AE16932B986F31188BFF37F
:10A790006F8F4FF0000833E011F8232001EB83089E
:10A7A00012F00300F1D0022803D151F82350AD0874
:10A7B00005D1D00712D44046A36998470546A16841
:10A7C0002A462046FFF737FE2946A0602046FFF7BD
:10A7D00040FE86F31188BFF36F8FC4E742F0020298
:10A7E00001F82320A3694046A568984729460246F8
:10A7F0002046FFF720FEA06086F31188BFF36F8F1D
:10A800004046BDE8F081F8B50446836908460D4628
:10A8100098470646EFF31187402383F31288BFF36E
:10A820006F8F2B786FF300032B7023699B0705D57F
:10A83000E268E36903EB82039D421AD12B786FF340
:10A8400041032B70D4E90231994204D132462046AB
:10A85000FFF7F1FDA06031462046FFF7FAFD87F3D0
:10A860001188BFF36F8F04F12800BDE8F840DCF7D2
:10A87000F5BD2B6860F39F032B60F0E7EFF31181C8
:10A88000402383F31288BFF36F8F036913F0080F1F
:10A89000836802D14268934200D9026AD31A81F3D5
:10A8A0001188BFF36F8F181E18BF01207047002258
:10A8B00003680BB9184670478B4210D10B6842B938
:10A8C00042680360914200D14360002301200B6085
:10A8D000704713604368994208BF4260F5E71A4623
:10A8E0001B68E6E7038B13F0070305D10368002B11
:10A8F0000CBF002003207047022B05D1408BB0FA1B
:10A9000080F0400980007047012B05D10368002BBF
:10A910000CBF0020052070470020704710B50C4682
:10A9200000B111B96FF0150010BD081D00F0D3F88B
:10A930000028F9D1A368032BF6D9F3E72DE9F041FC
:10A940000D4607461946281D90461E4600F0D7F8CA
:10A95000044638B13346424629463846A446BDE847
:10A96000F0416047BDE8F08110B4EFF3118240245C
:10A9700084F31288BFF36F8F41615DF8044B0121AE
:10A98000CBF7CABA38B50C46054658B151B10B6879
:10A9900043B14B6833B11C22002100F01AFB0020A8
:10A9A0002C6138BD6FF01500FBE770B505460E460B
:10A9B000FFF7B4FF041E14DBEFF31182402383F38F
:10A9C0001288BFF36F8F4FF6FF716B8B2C8B8B420E
:10A9D00004F0070407D182F31188BFF36F8F6FF083
:10A9E0000A04204670BD022C0CD101336B8382F324
:10A9F0001188BFF36F8F0023224631462846FFF7A8
:10AA00009DFFEEE7062C14D8DFE804F004131313BF
:10AA1000041A0400002333606B683BB9C5E9006683
:10AA2000ACB902212846CBF777FADAE71E606E60F0
:10AA3000F6E782F31188BFF36F8F6FF00404D0E75D
:10AA400082F31188BFF36F8F6FF08504C9E782F33B
:10AA50001188BFF36F8FC4E710B5EFF31182402365
:10AA600083F31288BFF36F8F048B04F00704022C6A
:10AA70000AD0012C0CBF6FF004006FF0850082F348
:10AA80001188BFF36F8F08E0438B013B9BB2438378
:10AA900023B92146CBF740FA204610BD2046EEE709
:10AAA00038B5A8B1A1B1EFF31185402282F3128825
:10AAB000BFF36F8F048BFFF7FAFE30B104F007008D
:10AAC00085F31188BFF36F8F38BD6FF07700F7E71C
:10AAD0006FF01500F8E7034640B1426802F0030248
:10AAE000022A06D0032A04D0012A05D06FF01500EF
:10AAF00070471A68002AF9D000209860704710B596
:10AB00004268034602F00302022A4FF0000481600B
:10AB100007D0032A02D05C60002001E018685C6066
:10AB200010BD18685C600028F6D0DDF7E1FCF3E7A3
:10AB3000704703785B075FBF03684288C3F34A230B
:10AB400003EB12105DBF173020F0070080080020D3
:10AB500070470020704701F093BA0346D3E8EF0F27
:10AB6000421CC3E8E12F0029F8D170471FB500232C
:10AB7000CDE902011A4619461846CDE90033CBF754
:10AB8000F1FD05B05DF804FB0120CBF7A5BB00206B
:10AB9000704770B5D2E901369B1B8B420C461546B7
:10ABA0000AD313680A460146981900F007FA2046AE
:10ABB000AB682344AB6070BD6FF01B00FBE770B562
:10ABC0000E4615461946044618B9BDE87040CBF745
:10ABD00083BB33B1C2F34A231030120D184400F086
:10ABE000EDF9C4E900562046BDE87040CBF702BD40
:10ABF0002DE9F3415F1C4FEA8708064608F117006C
:10AC000020F0070080080C461546CBF7D1FB002347
:10AC10008DF80470ADF805308DF8073068B1034643
:10AC2000019AA8F1040143F8102F2A46294452F84A
:10AC3000045B8A4243F8045FF9D100233146A20144
:10AC400002F4E07242EA482222F07F4222F47002CB
:10AC500022F03F0202B0BDE8F041FFF7B0BF07B5F8
:10AC60000123019201AAFFF7C3FF03B05DF804FBC3
:10AC700007B5CDE9002302236A46FFF7B9FF03B009
:10AC80005DF804FB1FB5CDE90123069B01AA0393E0
:10AC90000323FFF7ADFF05B05DF804FBF8B50646EA
:10ACA0000D4614461F4604B9F8BD214628463A46CB
:10ACB000B047241A0544F6E710B542680446D2E9C5
:10ACC000002381680068FFF7E9FF002263681A60CB
:10ACD00010BD13B500240094C8F716FE02B010BDD5
:10ACE00038B54B6805461A68CB680C469A4202D1C3
:10ACF0000846FFF7E1FF6368D3E8EF2F511CC3E874
:10AD0000E01F0028F8D1A36800209D5438BD0A2810
:10AD100038B504460D4602D10D20FFF7E1FF294664
:10AD20002046FFF7DDFF002038BD2DE9F043054642
:10AD300087B008460E8891F800900C46D1F808803C
:10AD40001746CBF75FFD011EC6F38216C9F3C20991
:10AD50001EDB4846CBF760FC0346214651F8102B1A
:10AD60006088C2F34A22002A01EB020408BF0021D6
:10AD70000022C0F30B10CDE90407CDE902142846E8
:10AD8000414601960092CBF769FD07B0BDE8F0831C
:10AD90000023E2E743691BB11B7900200B70704769
:10ADA0006FF05700704743693BB1DB682BB15B69BB
:10ADB0001879B0FA80F0400970470120704770B5EB
:10ADC00004460D464269FFF7EEFF10B903231371E5
:10ADD00070BD03212046A847002802DA10F1860F33
:10ADE000F6D120462B46BDE87040012118470029C6
:10ADF00030B4044618460BDBA5680844A84207D8BF
:10AE0000E0686468214484682468A44630BC6047D4
:10AE10006FF0150030BC7047002930B40446184666
:10AE20000BDBA5680844A84207D8E06864682144A1
:10AE300084686468A44630BC60476FF0150030BC7D
:10AE400070470029034610B410460CDB9C68084488
:10AE5000A04208D8D8685B68194483689B683BB1F6
:10AE60005DF8044B18476FF015005DF8044B704710
:10AE70006FF05700F9E7704701460068CBF77ABFDB
:10AE800008B5CCF707F8BDE80840CCF707B80A4684
:10AE90000121FFF7E4BE00210120CBF76BBF38B5DD
:10AEA00004460D4611461A46CBF756FF2046294662
:10AEB000049ACCF77DFB204638BD836F83F30B8863
:10AEC000704761B662B680F31188BFF36F8F704729
:10AED00072B6002383F31188BFF36F8FBFF34F8FD8
:10AEE00030BF62B6BFF36F8F704772B6002383F333
:10AEF0001188BFF36F8FBFF34F8F20BF80F311888E
:10AF0000BFF36F8F62B6704740E800F313F4803FE1
:10AF1000D8B208BF6FF01500704730B50C684B68A9
:10AF200085B00A894D890094013B24F01F04234415
:10AF300002F01F0242EA451223F01F0369468DF812
:10AF400008200393CCF74AFC05B030BD0346013915
:10AF500011F8012F0AB91A70704703F8012BF7E7AF
:10AF6000034600201A5C02B970470130FAE710B5B9
:10AF70005AB10139841810F8012B11F8013FA04291
:10AF800001D09A42F7D0D01A10BD1046FCE7431A00
:10AF9000934210B500EB020308D3024601399A42EE
:10AFA0000BD011F8014F02F8014BF8E70A4412F8F0
:10AFB000014D8A4203F8014DF9D110BD10B5431E71
:10AFC0000A44914200D110BD11F8014B03F8014F22
:10AFD000F7E70346C9B20244934200D1704703F831
:10AFE000011BF9E74FF0FF3070474B68012B07DD7D
:10AFF0000B6818700B6801330B604B68013B4B60AA
:10B0000000207047034600201A5C0AB1884200D134
:10B0100070470130F8E77047416A8968CCF71CBE79
:10B02000034618465B68002BFBD17047426810B599
:10B030002AB10B461C465B68002BFBD16260416065
:10B0400010BD8388026819448180D0187047036856
:10B050008268C0889B1AC01A80B2704708B500F099
:10B060004DFBCCF7AFFFCCF74BFFCDF759F8CCF742
:10B0700095FF002008BD10B50446A26880691346FC
:10B08000CBB994F8471063F3820184F847106AB192
:10B09000214600F0EBF801280FD194F84730204604
:10B0A00043F0040384F8473000F07EFA2046BDE800
:10B0B000104000F047BA5B68E2E70028F6D110BD07
:10B0C00038B505460C4631B328B38B6833B3DA681C
:10B0D00022B31B8A13B303680C33D3E8AF3FDB07FB
:10B0E0001FD591F84630084643F0010381F84630F9
:10B0F00000F05AFAA5612B6894F84B005B7D84F848
:10B10000393084F84130CDF703F82146C0B2CCF78E
:10B11000F5FF002038BD6FF01500FBE76FF03C0035
:10B12000F8E76FF07200F5E710B1006800B1406811
:10B13000704701234A0901F01F018B4000EB820098
:10B14000D0E8EF2F1A43C0E8E12F0029F8D170476B
:10B1500001234A0901F01F018B40DB4300EB820011
:10B16000D0E8EF2F1A40C0E8E12F0029F8D170474E
:10B17000DCF78EB84FF0FF324FF0FF331030FFF79F
:10B18000F7BF30B103680C33D3E8AF0F084100F0CC
:10B190000100704710B50346FFF7C6FF28B1C2682B
:10B1A0001AB1BDE810401846104710BDDCF7E8B8EA
:10B1B00038B50368002104469D7EFFF7E2FF68B9B9
:10B1C000022223689A762068837E93422ED1062D30
:10B1D0002CD108210C30FFF7BBFF22E02368186850
:10B1E00005F02AFA10B903222368EBE7092120466B
:10B1F000FFF7C7FF0028E3D00A212046FFF7C1FF71
:10B200002268C0F10603DBB293762068827E9A4200
:10B210000CD1062ADBD1062D08D008210C30FFF70F
:10B2200088FF2046BDE83840FFF7B4BF38BD2DE9A0
:10B23000F041054688461E461746FFF79BFF08214A
:10B240002846FFF79EFF044668B92B68C3F81080B4
:10B250002B681F752B685E7505F11000FFF7A6FFC0
:10B260002046BDE8F0814FF0FF34F5E710B5034606
:10B27000FFF75AFFBDE8104002681846104738B57E
:10B280000546FFF777FF00212846FFF77AFF10BB3E
:10B290002846FFF749FF2B68044670B1846864B103
:10B2A000186805F0C9F9C8B12846FFF73DFF01212C
:10B2B000836828469847041E07DB286800210C3065
:10B2C000FFF737FF2846FFF773FF05F11000FFF780
:10B2D0006DFF204638BD6FF07704F6E76FF0050488
:10B2E000F3E738B504460D46C3685868E06030B1EE
:10B2F0004DB10C30FFF7ABFEE3680028F5D0E368F2
:10B300001BB9236138BD008AF6E7DB68F9E738B579
:10B310000446C0680D4688B171B10C30FFF797FE46
:10B32000D4E90323D2689B1A834207D129462046D9
:10B33000BDE83840FFF7D5BF008AF1E738BDF8B562
:10B34000044694F846301646DA070F46C06815D40E
:10B35000A6B10C30FFF77BFE0546D4E90303C268B3
:10B360009B1A3B44AB4211D194F84630DB0708D41A
:10B3700031462046BDE8F840FFF7B3BF0026058AF6
:10B38000EBE70C30FFF763FEA842F1D923693B4499
:10B390002361F8BD2DE9F04F0024264685B0824692
:10B3A00002A80D4693461F4605F002FDDDE902891D
:10B3B0005A463B4650460194FFF72EFE019904463B
:10B3C00028B9CEB90026304605B0BDE8F08F06B9E1
:10B3D00081B14C60638A4246AB4288BF6582638A12
:10B3E00002A8ED1A4B4605F007FDDDE902B7002D76
:10B3F000DED1E8E70646EDE73046CCF7BDFCE1E7F5
:10B400000346002003B970471A8A5B681044F9E7C5
:10B410002DE9F84304460F46164699469DF82080CC
:10B42000E368002B00F083800EB9304684E094F886
:10B430004630204613F0010F0CBF41460021FFF7B4
:10B4400066FFE068002875D0B8F1000F1ED094F8B0
:10B450004630DD071AD40C30FFF7F9FDD4E9032399
:10B46000D2689B1AC51A002D64D0B54228BF354654
:10B47000B9F1000F2ED07FB9B8F1000F43D1424689
:10B4800029462046FFF75BFF002731E02369C268A9
:10B49000058A9B1AED1AE6E72A462069B8F1000FE3
:10B4A0000DD03946FFF78AFD94F84630D90730D5DC
:10B4B000012229462046FFF742FF4FB9E4E7014643
:10B4C0003846FFF77BFD424629462046FFF737FF07
:10B4D0002F440DE077B12A4639682069FFF779FDDE
:10B4E000B8F1000F09D1424629462046FFF727FF51
:10B4F000761B95E7B8F1000FC1D094F84630DB0712
:10B5000007D50122F0E794F84630DA0701D5012289
:10B51000B6E7E06829460C30FFF793FD424629461E
:10B520002046FFF70CFFB9F1000FC6D1E0E7002E6F
:10B530003FF47BAF6FF06800BDE8F88308B1CCF74B
:10B540001BBC704710B50446D8B100F13002D2E8F8
:10B55000AF3FB3B1591ED2E8EF0F984204D1C2E811
:10B56000EC1FBCF1000FF6D1F1D1012B09DCA06872
:10B5700008B1FFF7E3FF21466068BDE8104005F021
:10B580000BB910BD70B5044630B10026856825B9E9
:10B59000A068FFF735FF301A70BD05F10C00FFF70A
:10B5A00056FD6D680644F2E78368C36003B1DB684B
:10B5B0000361704710B50C46CCF70CFD38B18461BF
:10B5C0002CB123685B7D80F8393080F8413010BDA4
:10B5D00010B582680C4622B98160BDE81040FFF7C3
:10B5E000E3BF1046FFF71CFD2146BDE81040FFF702
:10B5F0001DBD2DE9F04F04468B4685B0DDE910678F
:10B6000002A815469A4632463B4605F0D1FBDDE9D5
:10B610000289204632463B465946FFF7CBFF044697
:10B62000C0B190F8463042466AF3061380F84630BF
:10B6300002A84B4605F0E0FBDDE9026729462046FB
:10B64000CDE900679DF83820CCF7FCFC18B1204606
:10B65000FFF778FF0024204605B0BDE8F08F0123F6
:10B6600007B5009300230A461946FFF7D1FE03B041
:10B670005DF804FB002307B500930123FFF7C8FE24
:10B6800003B05DF804FB10B5044690F8461001F0D5
:10B69000010181F00101FFF73AFEE3688BB12069F7
:10B6A00048B194F84620D20706D5188AD4E9032376
:10B6B000D2689B1AC01A10BD03F10C00FFF7C7FC3B
:10B6C000F4E71846F7E773B50369044699420E4656
:10B6D00015460AD1FFF7D7FFA84206D329462046D0
:10B6E00002B0BDE87040FFF7BABF01232A463146D9
:10B6F00020460093FFF78CFE02B070BD704710B576
:10B7000004464FF0FF324FF0FF332046DBF774FE64
:10B710000028F6D0FFF7AFFCF3E770470C2203696F
:10B72000C9B201FB0233186C00F00700704770B516
:10B73000C9B20369EFF31185402484F31288BFF383
:10B740006F8F0C2606FB0134246C14F0C00408D063
:10B75000A24206D085F31188BFF36F8F4FF0FF3000
:10B7600070BD012271430B441A6485F31188BFF345
:10B770006F8F43680B445B6898470020F0E7802296
:10B78000FFF7D5BFF8B5069F0469C9B2EFF311867C
:10B79000402585F31288BFF36F8F0C2569430C4455
:10B7A000256C05F0070CBCF1010F0BD1276486F363
:10B7B0001188BFF36F8FC4E90E2343685B58984725
:10B7C0000020F8BD05F0C005AF4286F31188BFF335
:10B7D0006F8F0CBF6FF077004FF0FF30F1E713B5BC
:10B7E00080240094FFF7CEFF02B010BD10B41C24DB
:10B7F0000069CBB203FB040000215DF8044B104745
:10B800000020D4F7B3BD002003F0BEBF1046DBF725
:10B8100025BE084608B51146FBF7F4FE002818BF00
:10B820006FF0040008BD08B5FBF7E4FF002818BF5F
:10B830006FF0040008BD70B5037B04460BB103F044
:10B84000B7FF0026A06800B970BDB0F5007F28BF23
:10B850004FF4007005460246D4E90010CCF772FEA2
:10B8600063682B44636023680BB12B442360A36897
:10B870005B1BA360002BE5D0237B0136002BE1D0BE
:10B88000304603F096FF0028DCD00120DCE70846B4
:10B890000021CCF77BBE084611461A4609B1CCF709
:10B8A00075BE6FF015007047436800205B68DB6869
:10B8B0000B607047436802EA01005B6821EA0201FD
:10B8C0005860002099607047436800205B685960A9
:10B8D0007047436800205B689960704743685A6806
:10B8E000136821EA03000B4050600020936070470A
:10B8F00010B503695868F8B1884219D19C68086886
:10B90000A142586000D19860002008602AB15A68AE
:10B910000A609A68596002B99960002010E081427B
:10B9200006D10868206098688142EDD19C60EBE701
:10B93000044600680028F2D1002AE8D16FF0150013
:10B9400010BD002201214FF48270CBF731BE38B513
:10B950000446056901222846114605F009F801222E
:10B9600005F11800002105F003F82046BDE8384035
:10B97000CDF76CB913B501AA044600F082F800288F
:10B9800005DB019B226819791868CDF707FC02B026
:10B9900010BD10B5446851B1012910D1606A002171
:10B9A000FFF7E8FF2046DAF7E7FD002010BD20464C
:10B9B000DAF7F2FD0121606AFFF7DCFFF5E76FF0CF
:10B9C0008500F3E732207047704708B503F0DBFFCE
:10B9D0004FF47A73A0FB030203FB012108BDFFF7BC
:10B9E0003EB908B5A1F10B030F2B06D90A298CBF6C
:10B9F0006FF015006FF0850008BDC8B203F012FFAC
:10BA00000020F9E708B503F029FF18B9BDE80840A0
:10BA1000CDF780B9002008BD07B5C9B132B91868A3
:10BA200003F018FF002003B05DF804FB012A06D1E3
:10BA30001B8801A8ADF8043003F00EFFF2E7022ADC
:10BA400006D11B8801A8ADF8043003F001FFE9E737
:10BA50006FF08500E7E710B5046903F040FF10B907
:10BA60006FF00F0010BD4FF0FF334FF0FF3204F2C4
:10BA7000A450DBF719FD94F8BC35002BF0D0002062
:10BA8000F0E730B543681360057A446804EBC504F9
:10BA9000A34202D36FF0010030BD5C798C4201D02B
:10BAA0000833F0E70020F7E748B11F302CBF012131
:10BAB0000021400940EAC1604909DCF7FFB970473D
:10BAC00010B50469204604F0B9FE0023636110BD7F
:10BAD000F8B5876806467C689CB1436893F82630C1
:10BAE000DB071DD405694FF0FF334FF0FF322846C6
:10BAF000DBF7CEFB6B69002B05DC00242846DBF767
:10BB00003FFC2046F8BD013B6B61002BF5D17B6803
:10BB100030469847041EBEBF6B6901336B61EDE789
:10BB20000024EEE7F0B4D0E901631B693BB177680C
:10BB30008F4208DB3568954205DCF0BC18476FF092
:10BB40005700F0BC70476FF01500FAE7F0B4D0E989
:10BB500001631B6A3BB137698F4208DBF568954288
:10BB600005DCF0BC18476FF05700F0BC70476FF071
:10BB70001500FAE770B4D0E90162956A03460C46F5
:10BB8000A5B196F8242012B92B4670BC1847306A2C
:10BB9000024410F8011BA14202D121461846F3E7E6
:10BBA0009042F6D16FF0850070BC70476FF057007F
:10BBB000FAE72DE9F3410E46D0E9014794F8251044
:10BBC0008046FF2905690FD194F82610C1F3810141
:10BBD000022914D0D8F8083000391B6B18BF012196
:10BBE0004BB96FF0570003E0FFF7C4FF0028EBDA12
:10BBF00002B0BDE8F081404698470028F8DBA26813
:10BC0000B2F1004F05D011464046FFF78BFF0028E8
:10BC1000EEDB6269B2F1004F05D011464046FFF7F6
:10BC200095FF0028E4DB2368B3F1004F14D0D8F867
:10BC300008305B69002BD4D0404601A99847002802
:10BC4000D6DB2268019B9A421CDD11464046FFF775
:10BC500069FF002805DACBE76FF0004362689A427B
:10BC6000E5D19EB994F826309B0716D040463B6834
:10BC700098470028BCDBA069FFF716FF6B6901330A
:10BC80006B610AE062689342EBDDDEE76B690133CA
:10BC90006B6194F82630DA0601D40020A8E740460C
:10BCA000FFF716FFA4E7012303FA01F103691B68FC
:10BCB000194218BF82F0010212B18368DB6818478D
:10BCC00083681B69FBE708B54368986A38B10122AD
:10BCD00093F82C10FFF7E7FF00EAE07008BD6FF063
:10BCE0008500FBE743681868B0F1004018BF0120E9
:10BCF00070470346084631B95B681B68B3F1004FD3
:10BD000001D0136070476FF0150070474368986A60
:10BD100020B1002293F82C10FFF7C5BF6FF085000B
:10BD2000704704F0B6BF10B4406884686468A446E5
:10BD30005DF8044B60471FB53C29046920D10C23F2
:10BD400001AA1946FFF7EFFF98B9BDF80430238028
:10BD5000BDF806306380BDF80830A380BDF80A3016
:10BD6000E380BDF80C302381BDF80E30638104B050
:10BD700010BD002323806380A380E3802381F5E747
:10BD80006FF08500F3E710B440688468A468A446A7
:10BD90005DF8044B604710B5FFF7F5FF044610B996
:10BDA0000298FFF7BEFF204610BD03297FB5044669
:10BDB0001D463BD8062A08D0072A09D0C2B9194621
:10BDC00004B0BDE87040C8F71BBF1A460021F7E772
:10BDD000012341210DF10F020669FFF7A4FFF8B915
:10BDE0002B68082B1ED006DC022B07D0042B1BD09F
:10BDF0006FF0850014E0102BFAD1032033739DF807
:10BE00000F30412123F0030318434FF47A7300935A
:10BE100001238DF80F000DF10F022046FFF7BBFF45
:10BE200004B070BD0220E9E70120E7E704390329E7
:10BE3000DED8062A09D0072A0AD0002AD8D1194606
:10BE400004B0BDE87040C9F7A7B81A460021F7E76B
:10BE5000012343210DF10F020669FFF764FF00285B
:10BE6000DED12B68B3F5FA7F1CD005DC7D2B1BD00F
:10BE7000FA2BBDD1032005E0B3F57A7F16D0B3F5D8
:10BE8000FA6FB5D133829DF80F30432123F00703B9
:10BE900018434FF47A738DF80F0000930DF10F02E1
:10BEA0000123BAE70220EDE70420EBE70120E9E7F0
:10BEB0000020704708B5006804F0BEFB00280CBFE6
:10BEC0006FF01200002008BD30B589B08DF8071062
:10BED0000DF107011D46029101210446CDE905251A
:10BEE0000391072200210068A3888DF810108DF8B7
:10BEF0001C209DF81C20816842F002028DF81C2055
:10BF00008C68022202A9A04709B030BD30B589B0C3
:10BF10008DF807100DF107011D460291012104461D
:10BF2000CDE905250391022200210068A3888DF840
:10BF300010108DF81C209DF81C10846811438DF89A
:10BF40001C10A46802A9A04709B030BD43681B6853
:10BF5000D3F83031704743681B68D3F88004C3F8C6
:10BF60008004704742681368D3F84C0150B1002038
:10BF7000526A12780A70C3F84C01D3F84C2101229E
:10BF80009A6270474FF0FF30704713B501AA04461C
:10BF9000FFF777FD002805DB019B226819791868F7
:10BFA000CDF7FCF802B010BD0129F8B505460C46E6
:10BFB00017D143680021D868FFF7E7FF08216A68B6
:10BFC0001368C3F80015117A49B9526AC3F80427F7
:10BFD000C3F80847C3F84C11D3F84C219C620020E9
:10BFE000F8BD79BB46683468D4F85031B3B1012349
:10BFF000E362D4F82431002BFBD00023C4F8503185
:10C00000D4F85021C4F82431D4F82421C4F84C3198
:10C01000D4F84C21C4F81431D4F814316B684FF4BF
:10C020007A751F68D7F8303123B9012004F062F91E
:10C03000013DF7D10023C4F800350121F068FFF776
:10C04000A4FFCCE76FF08500CAE707B56846D9F7CB
:10C05000C5FFDDE9000103B05DF804FBCDF752BB7D
:10C06000CDF768BB38B50446CDF74CFB0546E0B2CA
:10C07000DAF7E6F829462046BDE83840CDF75ABB46
:10C0800013B5EFF31184402383F31288BFF36F8F4E
:10C090006846D9F7A3FF009884F31188BFF36F8F28
:10C0A00002B010BD37B50446E7F76AFD05462046E5
:10C0B000E8F700F9024678B94FF6F77369899942B3
:10C0C0000AD80DF10703A81CE7F7ACF920466989E7
:10C0D000CEF766F803B030BD204603B0BDE830406F
:10C0E000E7F7FABC431E58425841704710B5044662
:10C0F000CEF7EAFF2046BDE81040012107F01FB847
:10C10000CEF74ABA2DE9F743DDF82C801F460546E5
:10C1100089461646BDF82840CFF790FFD0F8B430D6
:10C12000C3B1CFF78BFFCDE900483B46D0F8B44010
:10C13000324649462846A047044629464A463046E4
:10C1400001F033FC14F1450F05460ED0204603B034
:10C15000BDE8F083CFF772FFD0F8B03073B929464D
:10C160004A46304601F021FC05469DB14246314623
:10C1700038462B4603B0BDE8F0431847CFF75EFFC3
:10C18000CDF80080D0F8B0403B46324649462846BC
:10C19000A047D1E72C46D9E72DE9F041069F054697
:10C1A0001E46BDF81C8001F015FC044638B143461C
:10C1B0003A4631462846A446BDE8F0416047BDE80E
:10C1C000F081038AB3F5A06F01D1D0F773BD70473A
:10C1D0000020704730B51C2189B00546E7F72AFFDB
:10C1E0001C22014601A8FEF7E9FECFF727FFD0F891
:10C1F0009C3043B9CFF732FF8122284601A901F0D4
:10C2000036FC09B030BD34212846E7F713FF1D2363
:10C2100003709DF81030044643704FF0FF334360C5
:10C22000CFF70CFFD0F89C30284698476268002A68
:10C23000E0D1E2E7F8B50C46154607461E46CFF7B3
:10C24000E5FA0122002100F020F908B90120F8BD2B
:10C25000122301220021384600F0C3FD0028F5D04A
:10C26000D0F8063018780028F0D11EB1052CEDD991
:10C270000B2CECD1EB1E58425841E8E74A2973B524
:10C280000446154629D807292ED9A1F10803422BC7
:10C290002AD8DFE803F02C304336292929812C29BC
:10C2A0002929292929292C304336292929812C306B
:10C2B0004336293D29812C304336293D29812C30B4
:10C2C00029292929292929362929292929292949B1
:10C2D00049592929292959295900F12963D003D815
:10C2E000E2290ED0F02957D0204602B070BD2B783D
:10C2F00004F8013BF8E702222946FEF75FFE02340C
:10C30000F2E7204604222946FEF758FE0434EBE704
:10C3100006222946FEF752FE0634E5E703222946A7
:10C32000FEF74CFE0334DFE7002DDDD02E78FF2E24
:10C33000DAD00136F6B2324629462046E7F7F2FE59
:10C34000024618B33444CFE7002348294FF00202D5
:10C35000ADF8063001D043290DD129460DF1060074
:10C36000FEF72CFE4FF6FF73BDF806609E42BBD071
:10C370000236B6B2DFE729460DF10600FEF71EFED3
:10C38000BDF806309B00ADF80630EBE76FF4807126
:10C39000FE20E8F7E3F9A7E7204608222946FEF742
:10C3A0000DFE0834A0E710222946FEF707FE1034E0
:10C3B0009AE72F2809D81F280CD94AF6AF732038DE
:10C3C000C0B2C34003F001007047A0F1E20358423D
:10C3D000584170470020704737B504460D46104657
:10C3E00019469DF81C30FCB1D4F80620E2B13BB1EF
:10C3F000E3785A0618D49B0702D4882003B030BDD6
:10C40000069B2A460193A38800932388FFF77AFEB0
:10C41000411C0BD0821D0BD0831CEED010F1280FD5
:10C4200014BF00207E20E9E78620E7E78720E5E7C4
:10C430000020E3E7034620B3D0F8150020B3B3F89B
:10C44000010081421FD0B1F5827F1AD0B1F5807F03
:10C4500017D9B1F5847F11D94FF6FF73994209D1ED
:10C46000B0F5827F0FD04CF25E03984214BF0020DB
:10C47000012070474CF25E03994202D1B0F5827FF1
:10C48000F4E700207047012070470346F0B520B163
:10C490000024077CBC4201D30020F0BDD3F811601A
:10C4A000C4EB04157019755B8D4202D1057A954273
:10C4B000F3D00134EEE72DE9F347BDF828400546F7
:10C4C00000940E4617469946DDF82C809DF834A05E
:10C4D00000F073FC0446002841D0B8F1000F3ED0B4
:10C4E000BAF1000F23D1A3883A4631462846CDE958
:10C4F00000834B46FFF750FE4146A078D4F806A0D3
:10C50000CFF774F8414602465046FEF757FDE378F0
:10C510005A0707D5A3883A46009331464B4628462A
:10C52000D1F70CFCE3781B070FD400200AE09DF83C
:10C5300030303246CDE9008329463B46FFF74CFFB9
:10C540000028D0D002B0BDE8F087A3883A46CDE9F4
:10C55000008331464B462846CFF7E0F9E5E7012056
:10C56000F0E72DE9F74FDDF8309006460F4690468C
:10C570009A4600F036FC044600283CD0B9F1000F82
:10C5800039D09DF834303A46CDE9009331464346E0
:10C59000FFF722FF054650BBA38842463946304686
:10C5A000CDE900935346FFF7F7FD4946A078D4F84C
:10C5B00006B0CFF71BF8494602465846FEF7FEFC88
:10C5C000E3785A0707D5A388424600933946534675
:10C5D0003046D1F7B3FBE3781B0708D5A388424662
:10C5E000CDE90093394653463046CFF797F92846B0
:10C5F00003B0BDE8F08F0125F9E710B50C4690B106
:10C60000CFF7BAFAB0F5827F0DD14FF657439C426F
:10C6100007D03D2C07D106F037FF80F00100C0B2F3
:10C6200010BD0120FCE70020FAE730B5044689B0D0
:10C630001C22002101A8FEF7CCFC01A9204601F034
:10C6400013F801A905460246204604F0EEFFB8B9EA
:10C65000C5B92046E7F794FA0378204613F0040F93
:10C660000CBF03210521E7F7ABFB1C212046E7F7B0
:10C67000E1FC1C2201A9FEF7A1FC2046CFF70EFB2E
:10C6800009B030BD802D03D12046E7F725FAF7E742
:10C690002A46204601A901F08FFAF1E707B50146C5
:10C6A00002220DF10600FEF789FCBDF9060003B079
:10C6B0005DF804FB07B5042201460DEB0200FEF70E
:10C6C0007DFC019803B05DF804FBF7B501911021E2
:10C6D00016461F460546E7F7ADFC04462846E3F735
:10C6E0008FFD952323609DF82030032E0BBF019909
:10C6F00001A908220222A37327716671A01DFEF70B
:10C700005DFC29460998EBF7CBFC03B0F0BD40F285
:10C710000913984208D0A1F5E0630B2B04D9A1F5C9
:10C720000063584258417047012070472DE9F74F88
:10C730001D46109B0F461D21019390469DF83060C9
:10C740009DF834B0BDF838A0BDF83C900090E7F7F4
:10C7500071FC04461D220021FEF73BFC032D14BF93
:10C760000222082241462046E573FEF727FC0023FB
:10C77000267384F80DB0A4F808A0A4F80A903946EE
:10C78000CDE90C330223019A009803B0BDE8F04FC5
:10C79000CFF714BB2DE9F04F87B01D469DF8403010
:10C7A000CDE901010593149B1D2104939DF844B02C
:10C7B000BDF84880BDF84CA003929DF854909DF8B8
:10C7C0005860BDF85C70E7F735FC04461D22002177
:10C7D000FEF7FFFB032D14BF022208222046039917
:10C7E000E573FEF7EBFB059B84F80DB02373A4F80B
:10C7F0000880A4F80AA0B9F1000F03D0237C43F00D
:10C80000010323744B46DDE90101049ACDE9106769
:10C8100007B0BDE8F04FCFF7D1BA2DE9F04F1C219A
:10C820008BB00790E7F706FC054690F814A0079830
:10C83000E7F7A6F90646CFF701FC4078E7F756FA86
:10C84000697D8146B1FA81F16A7E4909920042EA26
:10C85000C10242F0100209F8012B6A7E22B148465B
:10C86000698B06F055F88146AA7DBAF1150F89F853
:10C8700000200CBF16220D2289F80120287BCEF75C
:10C88000C5FF6A7D298A002A14BF02220122FFF710
:10C89000FCFD00210690D0F8048089F80210CFF743
:10C8A000CDFB09F1030421464078E7F74DFABAF1D0
:10C8B000150F0CBF04210321C0F15200B0FBF1F0B1
:10C8C000B178069B814288BFB0705988002972D127
:10C8D0004FF6FD722046ADF826200DF1260102220A
:10C8E000FEF76CFB212289F805200122BAF1150F11
:10C8F00012BF09F1060489F8062009F1070489F836
:10C900000220CFF79BFB0023407804932B8A21461B
:10C9100003936B8A6A1C02932B7B0193EB7A00933F
:10C920000223FFF703FFCFF789FB079B43700BB090
:10C93000BDE8F08FB8F80000B6F800C081B28C45B1
:10C940002DD803042BD4BAF1150F2BD16B7E01F433
:10C950008040A3B1A8B90BF1010B069B5FFA8BF0E5
:10C9600059880139814203D996F802C0BC45E1D803
:10C9700081428CBF0021012189F80210C1E7002803
:10C98000E9D1204605F0C4FF98F80210841C01701C
:10C9900098F8031001F0070141700137FFB208F168
:10C9A0000A08D8E7204605F0B3FF044698F80210BD
:10C9B00004F8011BF1E74FF0000B5F46CDE72DE9CE
:10C9C000F04707460E469046E7F710F80546002860
:10C9D00053D0424638463188FFF7F3FBCFF72EFBA2
:10C9E000D0F89C30F3B134212846E7F723FBD6F882
:10C9F00006100446B078CEF7F9FDB37881464A2B8D
:10CA000015D8402B07D940F28722413BDBB222FAEE
:10CA100003F3DB070DD44A46414604F10C00FEF750
:10CA2000CDFACCB92846BDE8F047E7F755B8F12B69
:10CA3000F1D149462846E7F703F9342182462846D2
:10CA4000E7F7F8FA04464A4641465046FEF7B6FA7A
:10CA500084F80C90C4F810A0002323703B7B637013
:10CA6000B378A3703B8A238133886381CFF7E6FADA
:10CA7000D0F89C3028469847D4E7BDE8F08770B5D9
:10CA80004FF6FF7503464068551B18BF012590B14E
:10CA9000002406888E4207D18688964204D1C67843
:10CAA000C6F34016B54206D05E880134A64200F1B6
:10CAB0000A00EED8002070BD2DE9F04F1C2191B086
:10CAC0008346E7F7B7FA0546437B007B0993CEF729
:10CAD0009DFE6B7D298A002B14BF02220122FFF7E5
:10CAE000D4FC0A905846E7F74BF80B905846E7F706
:10CAF00061F80646CFF7A2FA4078E7F7F7F8012E7B
:10CB000004462CD8CFF79AFA4078E7F7EFF86B7D18
:10CB10000446002B0CBF182310230370AB7D437019
:10CB20000B2383702B7DC37080230371CFF786FAAC
:10CB30000023407804932B8A6A1C03936B8A611D3F
:10CB400002932B7B0193EB7A00930223FFF7EEFD18
:10CB5000CFF774FA80F801B011B0BDE8F08F5846F5
:10CB6000E7F728F8C707CDD46A7D2046B2FA82F2EB
:10CB70006B7E52099B0043EAC20343F0100300F8A6
:10CB8000013B6B7E13B1698B05F0C2FE4FF00008CC
:10CB900073080C93AB7DC14603700123841C437062
:10CBA0006B7E002B4BD0B5F81AA00B9B022203EB37
:10CBB00049010DF13E00FEF701FABDF83E10524664
:10CBC0000A98FFF75CFF298A0746688AFFF79FFDEE
:10CBD000C0B3CFF733FA4078E6F716FF0646CFF733
:10CBE0002DFA21464078E7F7AFF82D3E361AB8F116
:10CBF000000F08BF4FF052086FBB4FF6FD73BDF832
:10CC00003E209A4240F0C2804FF6FF739A4540F0B2
:10CC1000BD800DF13E0102222046FEF7CFF921230F
:10CC20000121A770E370201D05F072FE04460C9BE5
:10CC300009F101095FFA89F99945B1D321E04FF66D
:10CC4000FF7AB2E7CFF7FAF921464078E7F77CF8A8
:10CC5000C0F15206CBE7D7F80610002900F0968005
:10CC6000FB78580600F19280DA0723D49B0740F145
:10CC70008F80CFF7F3F9012814BF8F277E27022E6C
:10CC800050D8CFF7DBF90023099A4078C2F340125D
:10CC9000CDE90432CDE906332B8A214603936B8A12
:10CCA0006A1C02932B7B0193EB7A00930223FFF71C
:10CCB00071FD4DE7B878CEF799FC0890CFF7BEF933
:10CCC00021464078E7F740F8089B00F1040A5344F6
:10CCD0000D93089B298A688A03F1040AFFF717FD60
:10CCE0000D9B00284CD0434510D8B24523D8398835
:10CCF000204605F00DFE00230370B978089B4170B3
:10CD0000D7F806200230CFF77DFC8FE7B5F8010099
:10CD1000DCF7D8FF804501D28046E6E7B2454FF008
:10CD20008907ACD82046BDF83E1005F0F1FD044659
:10CD300004F8017B7BE7CFF781F94078E6F764FEE2
:10CD4000411C0020E6F73AFE8246E8B1CFF776F9BB
:10CD50004078E6F715FF241ACFF770F9417850466E
:10CD6000E7F7F4F85046E6F70BFF0444CFF766F90F
:10CD70004078E6F7B1FECFF761F980F801A0B6E799
:10CD8000434501D8B245B2D9892778E7862776E7A7
:10CD9000012774E710B51C210446E7F74BF940F66C
:10CDA0000533028A20469A4203D1BDE81040CFF7EE
:10CDB00015BCBDE81040FFF77FBEF8B50D4616461E
:10CDC0001C46BDF81870CEF721FD32462946FFF704
:10CDD0005CFB28B13A462146BDE8F840FFF74FBE5C
:10CDE000F8BD13B54FF6FF740094FFF7E6FF02B0ED
:10CDF00010BD2DE9F04F1C218FB00990E7F71AF90B
:10CE00000446007BCEF702FD637D218A002B14BF10
:10CE100002220122FFF739FB237D0C90052B00F045
:10CE20009B80CFF70BF94078E6F760FF627D637E69
:10CE3000B2FA82F29B00520943EAC20343F01003A4
:10CE400000F8013B637E13B1618B05F061FDA37DAA
:10CE5000851C0370042343700998E6F791FE07468A
:10CE60000998E6F7A7FE637E8246002B76D0B4F8D9
:10CE70001A80002301260A93BAF1030F77D8237D85
:10CE8000032B40D1002E4ED00998E6F779FE81465B
:10CE90000998E6F78FFE0328074640F2FB80B9F1B8
:10CEA000000F00F0F7804FF0000B09F1030A514624
:10CEB00099F80200CEF79AFB033080B28742C0F0A7
:10CEC000E980B9F80010424609EB00033F1A0C98BC
:10CED0000B93FFF7D4FD8146637D218A002B14BF9D
:10CEE00002220122B9F80030207BCDE902BBCDE956
:10CEF000008AFFF7E0FA524649462046FFF75FFDF9
:10CF0000032F00F2C480237D052B00F0C78056B1AB
:10CF1000002D00F0C9809DF82830002B00F0C4805F
:10CF2000002305F8013BCFF789F800234078CDE9CD
:10CF30000633627B2946C2F34012CDE90432238ACC
:10CF4000621C0393638A0293237B0193E37A009329
:10CF50000223FFF71FFCCDE000257DE74FF6FF78A9
:10CF600087E72E460A9B0D9F01330A9384E7002F23
:10CF700085D0FB1C1946B8780B93CEF737FB0330EE
:10CF800080B28245FFF47BAF3B1842463988AAEB5A
:10CF9000000A0C980D93FFF772FD8146002834D1EA
:10CFA0004FF6FD73994263D14FF6FF72904514BF5F
:10CFB0004FF0860B4FF0880B237D052B23D0002DDF
:10CFC000CFD0218A608AFFF7A2FB002856D0CFF786
:10CFD00035F84078E6F718FD0646CFF72FF82946D2
:10CFE0004078E6F7B1FE2D3E361A022E94BF002699
:10CFF0000126002EB6D028460222394600F801BB91
:10D00000FDF7DCFF03350026ACE7D0F80630002B37
:10D010002ED08278BB789A422DD1637D217B002B64
:10D020004FF00103228A019307F10303009314BF19
:10D0300002230123FFF7D0F983460028BCD1237DCA
:10D04000032B8FD0637D0B9A002B218A207BB9F8AC
:10D050000030CDE90082CDE902BB14BF02220122DB
:10D06000FFF729FA494620460B9AFFF7A8FC79E713
:10D070004FF0860BA0E74FF08D0B9DE7CEF7DEFF5C
:10D0800029464078E6F760FEC0F15206ADE7DDF8CC
:10D090002C900AE7237D052B7FF43AAF09980FB057
:10D0A000BDE8F04FE6F718BDCEF7C8FF4078E6F7C9
:10D0B0001DFE637D0546002B14BF1023182303704B
:10D0C000A37D43700B238370237DC3708023037182
:10D0D000CEF7B4FF002340780493238A621C0393A5
:10D0E000638A691D0293237B0193E37A00930223F1
:10D0F000FFF71CFBCEF7A2FF099B43700FB0BDE802
:10D10000F08F2DE9F04F1C218BB08046E6F792FF9F
:10D110000446007BCEF77AFB637D218A002B14BF87
:10D1200002220122FFF7B1F98246CEF787FF40784D
:10D13000E6F7DCFD637E002B0CBF18231C2300F8F0
:10D14000013B637E13B1618B05F0E2FB4FF0000BF6
:10D15000A37DD94603700723851C43704046E6F73C
:10D1600029FD042844D80026FF274046E6F722FD83
:10D17000874200F2B68039464046E6F721FE002E8F
:10D1800000F0AF80637E09F10109002B4BD0628B68
:10D190005046B6F80110FFF772FC3378002B45D0EB
:10D1A000237B30468DF81830617C237C43EA0123D1
:10D1B000ADF81E30E37A8DF81930B4F80130ADF8CF
:10D1C0001A30E17CA37CADF8242043EA0123ADF8BA
:10D1D0001C30637D06A9002B14BF022301238DF8A8
:10D1E000203001F08FFB0028B8D04FF0010B26E073
:10D1F0004046E6F7C5FC06460028B4D00378012B6C
:10D200000DD0C078FFF7D5F858B1F078CEF7F4FA22
:10D2100000F108074046FFB2E6F7CCFCA5E705277A
:10D22000A3E70827A1E74FF6FF72B1E758BB4FF617
:10D23000FD7399420CBF4FF08C0B4FF0860B218A87
:10D24000608AFFF764FA002841D0CEF7F7FE4078F5
:10D25000E6F7DAFB0746CEF7F1FE29464078E6F717
:10D2600073FD2D3F3F1ABBB2032B09D985F800B0DF
:10D270003378A81C6B70B6F8011005F049FB054621
:10D280004FF0010B6AE7D0F80630BBB18378412B31
:10D2900014D003F0FD01482910D0C178490710D5FA
:10D2A000F178994210D1F388002B3FF479AFB1881F
:10D2B00099427FF675AF4FF0870BC0E74FF0860BB2
:10D2C000BDE74FF08C0BBAE74FF08D0BB7E7CEF709
:10D2D000B5FE29464078E6F737FDC0F152039BB210
:10D2E000C2E7B9F1000F1BD1802305F8013BCEF74F
:10D2F000A5FE002340780493238A29460393638A7A
:10D30000621C0293237B0193E37A00930223FFF7CD
:10D310000DFACEF793FE80F801800BB0BDE8F08FD8
:10D32000BBF1000FE3D105F801BBE0E700232DE9D5
:10D33000F04388468FB01C2106930446E6F77AFE38
:10D340001C2201460DEB0200FDF738FE2046E6F7F1
:10D3500031FC022807D08522204607A900F0C6FB31
:10D360000FB0BDE8F0832046E6F70AFC9DF83530A3
:10D3700007784678002B5CD0CEF760FED0F8F83006
:10D38000002B44D10025512E204628BF5126E6F718
:10D39000ADFC9DF831209DF83530B2FA82F29B0049
:10D3A000520943EAC20343F0100300F8013B9DF821
:10D3B0003530B1461BB1BDF8361005F0A9FA9DF81D
:10D3C0003230B8F1000F03700CBF142312234370E6
:10D3D00000231A468370C11C5FFA83FC65457FD821
:10D3E0000123837000230493BDF82C30204603935F
:10D3F000BDF82E300DF11D0202939DF828300193E7
:10D400009DF8273000930223FFF790F9A8E7CEF7A5
:10D4100015FE06ABCDE90083BDF82C20D0F8F850FE
:10D42000BDF836309DF828109DF83100A847054614
:10D43000A9E79DF828009DF83150BDF82C90CEF753
:10D44000E5F900289ED0002D0CBF0122022249469A
:10D45000FFF71BF8002895D05DBB037A13F0010F8E
:10D4600090D09DF83130BDF82C10002B14BF022253
:10D4700001229DF8280000F083FA0346002881D09D
:10D48000FF20984700283FF47DAFB8F1000F17D078
:10D49000CEF7D4FDD0F860321D78CEF7CFFDD0F8AE
:10D4A00060325B680693CEF7C9FD0023C0F8603296
:10D4B00069E7012D7FF466AF037A13F0020FCFE71F
:10D4C000CEF7BCFDD0F860321D7ACEF7B7FDD0F8AC
:10D4D0006032DB680693CEF7B1FDC0F8608252E798
:10D4E000069E16F803C0674506D80132D2B29145B0
:10D4F00001F801CB7FF676AF01336DE710B5044636
:10D50000E6F7D8FE2046BDE81040E6F7E5BA10B5CC
:10D51000102301224FF4A0610446FFF762FC0122B0
:10D52000D0F806304FF4A0612046BDE81040DBF78C
:10D53000A1BD0020704770B51E2188B00546E6F7F2
:10D5400079FD1C220146064601A8FDF737FDCEF7FE
:10D5500075FDD0F89C3013B334212846E6F76AFDF8
:10D560000222044606F11C010830FDF710FD0623D7
:10D5700023709DF8103063706FF01E036360CEF768
:10D580005DFDD0F89C3028469847606800F068FB45
:10D5900001A90246284600F06AFA08B070BD6FF093
:10D5A0001E00F3E770B5CEB234210546E6F742FD22
:10D5B00003210446002301223046FFF712FCD0F875
:10D5C00006301A880023237063600323A281A360BE
:10D5D0006670CEF733FDCEF731FDD0F89C3028468B
:10D5E00098472846BDE87040E6F776BA08B508B90E
:10D5F000002008BD002301220321FFF7F2FB0028D1
:10D60000F6D0D0F806301888003818BF0120F0E7AF
:10D6100037B500230D46044611460DF106000222DF
:10D62000ADF80630FDF7CAFC2DB9BDF8061020464E
:10D6300019B1CFF71BFC03B030BDCFF707FDFAE7F8
:10D6400010B5CEF7FBFC4FF436720021FDF7C1FC9C
:10D65000CEF7F4FC0446E6F7C9F96070CEF7EEFCAD
:10D66000BDE81040D0F7B4B9F8B50C462021064605
:10D67000E6F7E0FC05463046E6F79CFA07463046FA
:10D68000E6F77EFA037813F0040F0CBF032305239B
:10D690009F4248D300232370B5F801303046A4F8E8
:10D6A00001302B7AE372B5F80330A4F80930EB7936
:10D6B00023732B7863736A7DE37B62F30003E37368
:10D6C000B5F809302382B5F80B306382E6F758FAD3
:10D6D0000578014605F00303013B18BF0123E375FC
:10D6E000037815F00205C3F3C0036375037818BF10
:10D6F0008525C3F30013237611F8013B0646C3F3D7
:10D7000080025B070DD501230222637604F11A0023
:10D71000FDF754FCF11C0B78A3754B782375284654
:10D72000F8BD6276F7E78025F9E72DE9F047DDF8E7
:10D73000209080460F4616461D46B9F1000F05D1D0
:10D7400022B91BB96FF00600BDE8F087CEF776FC72
:10D7500090F85C32132BF5D800240AE0CEF76EFC6B
:10D7600000EB0410B0F8FC304FEA041A434507D030
:10D770000134CEF763FC90F85C329C42EED306E0B5
:10D78000CEF75CFC504490F8FE30BB42F0D1CEF7AF
:10D7900055FC90F85C329C4202D06FF01A00D3E73F
:10D7A000CEF74CFC00EB0410A0F8FC80CEF746FC52
:10D7B0004FEA041A504480F8FE70CEF73FFC504404
:10D7C000C0F80091CEF73AFC103400EB041046602C
:10D7D000CEF734FC270138448560CEF72FFC90F853
:10D7E0005C32013380F85C320020ADE7F8B50546C5
:10D7F0000E460024CEF722FC90F85C329C4201D306
:10D80000002014E0CEF71AFC00EB0410B0F8FC3056
:10D810002701AB420CD1CEF711FC384490F8FE3012
:10D82000B34205D1CEF70AFC3844D0F80001F8BD68
:10D830000134DFE7F8B505460E460024CEF7FEFBBF
:10D8400090F85C329C4201D3002015E0CEF7F6FB45
:10D8500000EB0410B0F8FC302701AB420DD1CEF73D
:10D86000EDFB384490F8FE30B34206D1CEF7E6FB2C
:10D8700000EB0410D0F80401F8BD0134DEE7F8B580
:10D8800005460E460024CEF7D9FB90F85C329C4248
:10D8900001D3002015E0CEF7D1FB00EB0410B0F867
:10D8A000FC302701AB420DD1CEF7C8FB384490F8CD
:10D8B000FE30B34206D1CEF7C1FB00EB0410D0F826
:10D8C0000801F8BD0134DEE7F8B54F1E18BF012787
:10D8D00005460C46CEF7B2FB00EB0710B0F83C3221
:10D8E0003E01AB4201D00020F8BDCEF7A7FB30448B
:10D8F00090F83E32A342F6D1CEF7A0FB3044D0F8E8
:10D900004002F1E7F8B54D1E18BF012506460C464A
:10D91000CEF794FB00EB0510B0F83C322F01B34278
:10D9200001D00020F8BDCEF789FB384490F83E3294
:10D93000A342F6D1CEF782FB00EB0510D0F84402EB
:10D94000F0E7F8B54D1E18BF012506460C46CEF788
:10D9500075FB00EB0510B0F83C322F01B34201D04B
:10D960000020F8BDCEF76AFB384490F83E32A3425F
:10D97000F6D1CEF763FB00EB0510D0F84802F0E7D4
:10D9800070B506460C461546EBF740FB38B1C42E81
:10D9900005D129462046BDE87040FFF795BF2946CE
:10D9A0002046BDE87040FFF721BF70B506460C4623
:10D9B0001546EBF72BFB38B1C42E05D1294620467E
:10D9C000BDE87040FFF79EBF29462046BDE8704085
:10D9D000FFF730BF70B506460C461546EBF716FB51
:10D9E00038B1C42E05D129462046BDE87040FFF766
:10D9F000A8BF29462046BDE87040FFF740BF10B5DC
:10DA00001C210446E6F716FB437D018A002B14BF58
:10DA100002220122007BFFF7B3FF034618B1204624
:10DA2000BDE81040184710BD70B51C210646E6F74A
:10DA300001FB05463046CEF78FF9044670B9EB7D01
:10DA400030466BB1CFF7A2F840B9CEF707FB0128FB
:10DA50000BD06B7EEC7D33B17D3CE4B2204670BDD3
:10DA6000FFF7CDFFF0E77F3CF7E78124F6E74FF6BD
:10DA7000F77370B51646B1F8092005469A420C4670
:10DA800086B02DD84B7B13F00C0F29D10B7E03B140
:10DA900036B3E37D13B1237D0B2B21D02378013BDB
:10DAA000012B1DD92846E6F721F918230370A37D21
:10DAB000411D43700B238370237D0671C3700023C7
:10DAC0000493238A28460393638A621C0293237B70
:10DAD0000193E37A00930223FEF728FE06B070BD9F
:10DAE000284606B0BDE87040E5F7F6BF4FF6F7737D
:10DAF00010B5B1F809409C4213D84B7B13F00C0FC2
:10DB00000FD10B7E03B162B1CB7D13B10B7D0B2B1B
:10DB100007D00B78013B012B03D9FFF7A8FF0120A9
:10DB200010BD08B90020FBE7E5F7D6FFFAE74FF68E
:10DB3000F77370B51646B1F8092005469A420C46AF
:10DB400088B033D84B7B13F00C0F2FD10B7E03B171
:10DB500066B3E37D13B1237D0B2B27D02378013BE4
:10DB6000012B23D92846E6F7C1F818230370A37DBB
:10DB7000411D43700B238370237D0671C370002306
:10DB8000CDE90633627B2846C2F34012CDE9043268
:10DB9000238A621C0393638A0293237B0193E37AB3
:10DBA00000930223FEF7F6FD08B070BD284608B0CA
:10DBB000BDE87040E5F790BF4FF6F773F0B5174634
:10DBC000B1F8092005469A420C464E7B89B041D8EF
:10DBD00016F00C0F3ED10B7E0BB1002F3AD0E37D37
:10DBE00013B1237D0B2B35D02378013B012B31D989
:10DBF0002846E6F77BF8627D637EB2FA82F29B00EC
:10DC0000520943EAC20343F0100300F8013B637E6C
:10DC100013B1618B04F07CFEA37DC6F34016037044
:10DC20000B234370237DC77083700023CDE9063337
:10DC3000CDE90436238A011D0393638A28460293A3
:10DC4000237B621C0193E37A00930223FEF7A2FD7B
:10DC500009B0F0BD284609B0BDE8F040E5F73CBF8B
:10DC600010F10A0F08B510D010F1090F0ADA10F1FF
:10DC70001F0F0CD017300CD0CEF7F0F9012818BFC9
:10DC8000C02001E00028F7D108BD8520FCE78120F5
:10DC9000FAE78720F8E730B587B018236A46E7F738
:10DCA000A7FC0546002869D101214FF4A060CDF7FB
:10DCB00023FF044600284ED0102301224FF4A06118
:10DCC000FFF78FF808226946D0F80600FDF776F9CD
:10DCD0002B4601224FF4A0612046FFF782F89DF801
:10DCE0000920D0F806304FF4A0611A7020461123A5
:10DCF0000122FFF776F89DF80C20D0F806304FF49B
:10DD0000A0611A7020464EF201030122FFF769F864
:10DD10009DF80820D0F806304FF4A0611A70204614
:10DD20004EF202030122FFF75CF8BDF80A20D0F89A
:10DD300006304FF4A0611A8020464FF46043012260
:10DD4000FFF74FF89DF81730D0F80620137013B185
:10DD50002046FFF7DCFB01212020CDF7CDFE68B186
:10DD60004EF6FE7301222021FFF73BF8BDF80E208E
:10DD7000D0F806301A809DF80D209A7007B030BD9B
:10DD800070B586B0182205460E4668460021FDF79C
:10DD900020F901214FF4A060CDF7AEFE0446002823
:10DDA0004BD0102301224FF4A061FFF71AF808228C
:10DDB000D0F806106846FDF701F9002301224FF460
:10DDC000A0612046FFF70DF8D0F8063001221B783D
:10DDD0004FF4A0618DF8093020464EF20103FFF7A1
:10DDE00000F8D0F8063001221B784FF4A0618DF8BE
:10DDF000083020461123FEF7F4FF10B1D0F80630AA
:10DE000018784EF2020301224FF4A0618DF80C0045
:10DE10002046FEF7E6FFD0F8063001221B884FF4BB
:10DE2000A061ADF80A3020464FF46043FEF7D9FFF9
:10DE3000D0F806301B788DF8173001212020CDF75F
:10DE40005BFE68B14EF6FE7301222021FEF7C9FF8A
:10DE5000D0F806301A88ADF80E209B788DF80D307A
:10DE600018236A4631462846E8F722FC06B070BD02
:10DE70002DE9F041CEF7E2F84368002B39D10124B7
:10DE800004EB4404E00080B2BDE8F081CEF7D6F8A0
:10DE900043684FEA8508D3F8013053F82530D3F8AA
:10DEA0001A309BB1CEF7CAF800264368D3F8013088
:10DEB00053F82530D3F81A70CEF7C0F84368D3F87A
:10DEC000013053F808305B7EB3420AD80135CEF7F3
:10DED000B5F843681B78AB42D8D8012C38BF012471
:10DEE000CEE73B7A0136DB0744BF0134A4B23037BA
:10DEF000E2E700242546EAE718232DE9F04F88469B
:10DF0000B2FBF3F7002489B00190CEF797F843688D
:10DF10001B78A3420AD800264FF0180B3546BD42A5
:10DF20000BFB058126D309B0BDE8F08FCEF786F84C
:10DF30004368D3F8013053F82430D3F81A30BBB11A
:10DF4000CEF77CF84368D3F8013053F82430D3F887
:10DF50001A50CEF773F843680021D3F801302846F1
:10DF600053F824305A7E02EB42021201FDF731F8D9
:10DF70000134CAE71823019802AAE7F739FB0446DF
:10DF8000002840F08980CEF759F843681B78A342F7
:10DF900017D9CEF753F84368D3F8013053F824303B
:10DFA000D3F81A300BB90134EDE7CEF747F84368E0
:10DFB000D3F8013053F824301A789DF809309A428A
:10DFC000F1D1CEF73BF843681B78A34260D9CEF776
:10DFD00035F84FF0000943684FEA840AD3F801305E
:10DFE00053F82430D3F81A40CEF728F84268D2F814
:10DFF000012052F80A20527E4A4502D9227AD307DC
:10E000004CD4CEF71BF84268D2F8012052F80A200F
:10E01000527E4A453CD9237A9DF8082043F00103FB
:10E02000227023729DF809306370BDF80A30638056
:10E030009DF80C302371BDF80D30E3809DF80F3052
:10E040009DF8101043EA0123E3859DF811302372F7
:10E05000BDF8123023822AB9BDF814306382DDF88E
:10E0600016306361BDF81A30082223859DF81C30F4
:10E070004FF0FF3184F82A30079B04F11C00C3F3F2
:10E080000F23A385FCF7A5FF2046CFF753FD0136EC
:10E0900016B10020CFF772FD013540E709F1010903
:10E0A0003034A1E72DE9F04786B007460E46CDF79C
:10E0B000C5FF4568002D46D1284606B0BDE8F0876B
:10E0C000CDF7BCFF43684FEA850AD3F8013053F817
:10E0D0002530D3F81A30A3B1CDF7B0FF4FF00008C8
:10E0E0004368D3F8013053F82530D3F81A90CDF7B0
:10E0F000A5FF4368D3F8013053F80A305B7E4345EF
:10E1000016D80135CDF79AFF43681B78AB42D7D8B4
:10E11000002C40F09280182221466846FCF759FFF7
:10E1200018236A4631463846E8F7C2FA0546C3E77F
:10E1300099F8083008F10108DA0744BF0134E4B265
:10E1400009F13009D3E700242546DBE7CDF776FF58
:10E1500043684FEA890AD3F8013053F82930D3F8DD
:10E160001A30ABB1CDF76AFF4FF000084368D3F81F
:10E17000013053F82930D3F81A403034CDF75EFF20
:10E180004368D3F8013053F80A305B7E984508D3D2
:10E1900009F10109CDF752FF43681B789945D5D3A2
:10E1A0008AE714F8283CDB0743D51822002168468B
:10E1B000FCF70FFF14F8303C8DF8003014F82F3CBA
:10E1C0008DF8013034F82E3CADF8023014F82C3CB8
:10E1D0008DF8043034F82A3CADF8053034F8023CB0
:10E1E000ADF8073014F8283C8DF8093014F8302CBD
:10E1F00034F8203CADF80A303AB934F81E3CADF89A
:10E200000C3054F81C3CCDF80E3034F8083C314644
:10E21000ADF8123014F8063C6A468DF8143034F824
:10E22000043C3846ADF815301823E8F741FA0546A6
:10E23000183608F101083034A0E74FF000094D46C8
:10E24000A8E730B587B018236A46E7F7D1F9054645
:10E25000002856D101212020CDF74EFC2B4601226B
:10E2600020210446FEF7BDFD009AD0F8063020219B
:10E270001A60012320461A46FEF7B3FDFA25D0F8AE
:10E280000630019818606843EFF706FC0122202150
:10E2900002232046FEF7A5FDD0F80630BDF80800A1
:10E2A00018806843EFF7C2FB012220210323204698
:10E2B000FEF797FDD0F80630BDF80A0018806843D5
:10E2C000EFF7C6FB0423012220212046FEF789FD3B
:10E2D000039AD0F8063020211A6020460523012237
:10E2E000FEF77FFD049AD0F8063020211A60204600
:10E2F00006230122FEF775FDBDF81420D0F8063084
:10E300001A8007B030BD70B5054686B00E46202095
:10E310000121CDF7F1FB0446182200216846FCF7E5
:10E3200058FE0023012220212046FEF75AFDD0F896
:10E33000063020211B682046009301231A46FEF771
:10E3400050FDD0F8063001221B68202101932046A1
:10E350000223FEF746FDD0F8063001221B8820215B
:10E36000ADF8083020460323FEF73BFDD0F8063019
:10E3700001221B882021ADF80A3020460423FEF735
:10E3800030FDD0F8063001221B682021039320467F
:10E390000523FEF726FDD0F8063001221B68202158
:10E3A000049320460623FEF71CFDD0F806306A468B
:10E3B0001B883146ADF8143028461823E8F778F961
:10E3C00006B070BD44F20203984208D8B0F5804F01
:10E3D00019D820F4804078B14FF0FF30704744F2F4
:10E3E00003039842F8D110780338C0B2FB284FF0ED
:10E3F000FF3088BF00207047107801284FF0FF30B1
:10E4000098BF0020704700207047F8B50F463421B0
:10E4100016460546E5F70EFE00236FF01E02037058
:10E4200006234770C0E9012306730446CDF706FEB4
:10E43000CDF704FED0F89C30284698476068F8BDB8
:10E4400008B50020EFF75EFABDE80840042000F0B0
:10E45000AFBBF8B50F46082116460546E5F7EAFDBD
:10E46000082200210446FCF7B4FD202327706380B6
:10E4700066602846BDE8F840DAF738BA10B50023E0
:10E480000446012208462021FEF7ABFCD0F80630F6
:10E490002046BDE810401968CFF77CB92DE9F0415E
:10E4A0000746CDF7CBFD4468002C45D12046BDE89A
:10E4B000F081CDF7C3FD43684FEA8508D3F80130FA
:10E4C00053F825301B78BB422BD1CDF7B7FD4368FD
:10E4D000D3F8013053F82530D3F81A300BB3CDF709
:10E4E000ADFD00264368D3F8013053F80830D3F867
:10E4F0001A40CDF7A3FD4368D3F8013053F8083034
:10E500005B7E9E4202D2237ADB0712D4CDF796FDC2
:10E510004368D3F8013053F808305B7E9E4228BF31
:10E5200000240135CDF78AFD43681B789D42C0D396
:10E53000BCE730340136DCE700252C46F2E72DE954
:10E54000F041CDF77BFD4368002B44D1BDE8F0815D
:10E55000CDF774FD43684FEA8408D3F8013053F8CF
:10E560002430D3F81A305BB3CDF768FD0027436839
:10E57000D3F8013053F82430D3F81A60CDF75EFD9C
:10E580004368D3F8013053F808305B7E9F4217D2BE
:10E59000337A03F00602062A1AD113F0080517D1C0
:10E5A000CDF74CFD90F8AA3093B1CDF747FD90F828
:10E5B000AA103046CEF74CFACDF740FD80F8AA50AD
:10E5C0000134CDF73BFD43681B789C42C0D3BDE7C7
:10E5D00030360137D2E70024F3E7FF2838B5044688
:10E5E00001D1002038BDCDF729FD4368002BF8D0BC
:10E5F000002504E0182C09D9193CE4B20135CDF707
:10E600001DFD43681B78AB42F4D8EAE7CDF716FD51
:10E61000436804EB4404D3F8013053F82530D3F8B1
:10E620001A0000EB0410DDE72DE9F74F99460F467D
:10E630009046BDF830B00190CDF700FD4368002B47
:10E640004DD10024204603B0BDE8F08FCDF7F6FC95
:10E6500043684FEA850AD3F8013053F82530D3F8E0
:10E660001A303BB90135CDF7E9FC43681B789D4270
:10E67000ECD3E6E7CDF7E2FC00264368D3F801309F
:10E6800053F82530D3F81A40CDF7D8FC4268D2F8B9
:10E69000012052F80A20527E96420AD3CDF7CEFCD2
:10E6A0004268D2F8012052F80A20527E9642D9D20E
:10E6B000C8E76278019B9A420ED16288BA420BD1B8
:10E6C0002279424508D1E2884A4505D1E28D5A4572
:10E6D00002D1227AD307E1D430340136D4E70025C1
:10E6E000C1E72DE9F34105468846CDF7A7FC43680D
:10E6F00023B90024204602B0BDE8F08100240BE0DD
:10E70000CDF79CFC4368D3F8013053F824301A78D5
:10E710006B789A4207D00134CDF790FC4368A7008C
:10E720001B78A342ECD8CDF789FCCDF787FC436872
:10E73000D3F80130DB59D3F81A30002BD9D0CDF7FC
:10E740007DFC00264368D3F80130DB59D3F81A402A
:10E75000CDF774FC4368D3F80130DB595B7EB342DC
:10E760002CD9237AD80733D5B4F82EC0E388227980
:10E7700061886078CDF800C0FEF71FFB237AC2786D
:10E7800003F00601062923D1190721D4A16AA86A3A
:10E79000414031F07F411BD1A08DA98D884217D116
:10E7A000216828684140FF2912D8C2F3401242452F
:10E7B0000ED123F0060343F020032372CDF73EFC75
:10E7C0004368D3F80130DB595B7EB34292D890E7BF
:10E7D00030340136BCE713B5BDF810400094FFF7A4
:10E7E00023FF20B102B0BDE81040CFF751B902B00D
:10E7F00010BD38B5044688780D46FDF7DAFDAB78D4
:10E8000060B3203B0B2B0BD8DFE803F0060B151C85
:10E810000A210A0A0610151CD5F806301B78237742
:10E8200038BDD5F806301B88A383F9E7D5F8063044
:10E83000B3F90030F8E7D5F806301A889B78A28340
:10E84000A377EDE7D5F806301B68E361E8E7D5F874
:10E8500006301868E0619B882384E1E71846D5F804
:10E860000610CCF7C3FE0146D5F80600E9F76AFBAF
:10E87000E061D5E72DE9F041546880460F46164621
:10E880008CB0002C3BD0302200216846FCF7A1FB65
:10E8900072783378002543EA0223ADF80230337AE8
:10E8A00008228DF804300523294605A88DF800506C
:10E8B0008DF80180ADF82C700993FCF78AFBE378A2
:10E8C0005B0715D52388ADF80630A388ADF82E3048
:10E8D000A078FDF76EFD38B1A078CCF78DFF002150
:10E8E000024605A8FCF775FB00216846CFF700FB40
:10E8F00072880135ABB29A4204F10A04DFD80CB039
:10E90000BDE8F08173B50E468B8905460093B0F8DB
:10E9100001300A7A3078C988FFF786FE044648B984
:10E920003078FFF7BBFD0446002878D03022002164
:10E93000FCF74FFB412323722B78237032786270EF
:10E94000F2886280327A2271B5F80120E280728802
:10E950002285727884F82A20B288A285B289E2855D
:10E96000002B4DD14FF6FF72AB8899B291421FD167
:10E97000EE88EEB9636A2361E878FDF71AFD40B1CD
:10E98000E878CCF739FF3146024604F11400FCF771
:10E9900020FB4FF6FF72618A237A91421BD143F02C
:10E9A000080323720320E8F7BBFF002002B070BD0C
:10E9B0002382EB886382E878FDF7FBFC0028E8D02F
:10E9C000E878CCF719FF05F10801024604F11400BC
:10E9D000FCF7F4FADDE723F0080323722046CFF7B3
:10E9E000A9F80020CFF7CAF8638A002BDAD0E388B1
:10E9F000227961886078E48D0094CFF79FF9D1E7A0
:10EA0000B5F8033020462382CFF742F8B5F803303B
:10EA1000002BCAD1237A23F001032372C5E76FF0DC
:10EA20001500C3E7F0B51C218BB00446E5F702FBE7
:10EA30001C22014603A8FCF7C1FA2046E5F7BAF804
:10EA4000032843D92046E5F79BF8054600283DD02A
:10EA5000C71C39468078CCF7C9FDC61C2046E5F7AF
:10EA6000A9F82046E5F7A6F8F6B286422ED8314638
:10EA70002046E5F7A5F99DF821309DF82560002B8B
:10EA800014BF022201229DF81700BDF81C102B882C
:10EA9000CEB1BDF826600096FFF79DFECDF7CEFA09
:10EAA000D0F89430002BC8D0CDF7C8FA2B88019746
:10EAB000AA789DF817100092D0F89450BDF81C2049
:10EAC00003A8A847B9E74FF6FF76E4E79DF82420AE
:10EAD0002AB9204603A9FEF7CAFF0BB0F0BD2046B5
:10EAE000E4F7FAFFF9E738B504460D4600F086FD75
:10EAF00038B14FF657439D4202D1B4FA84F0400931
:10EB000038BD0120FCE708B500F078FD002814BFEF
:10EB10000320002008BD38B5054600F06FFD88B918
:10EB2000012038BDCDF78AFA00EB4400B0F86C3212
:10EB3000AB4209D00134CDF781FA90F86B329C4298
:10EB4000F0D3EDE70024F6E70020EAE770B50646CB
:10EB5000CDF774FA4FF657439E421AD090F8804290
:10EB600000F04CFD98B9204670BD0135CDF766FA2E
:10EB700090F88132AB42F6D9CDF760FA00EB450050
:10EB8000B0F88232B342F0D184F00104EBE7002503
:10EB9000ECE70124E7E710B50446CFF7A3FC231FF9
:10EBA00059424FF00000BDE810405941CBF7B2BFC9
:10EBB00010B50446CDF742FA90F8B832DB0728D5F5
:10EBC000601E042825D8DFE800F00324080C0A00A2
:10EBD0000020BDE81040CFF761BC0220F9E7042017
:10EBE000F7E7CDF72BFA90F8B832C3F341020132C0
:10EBF00062F3420380F8B832CDF720FA90F8B832C9
:10EC000003F00603062B04D1BDE810400420FFF7F3
:10EC1000C2BF10BD08B501214FF65740CCF76CFFBD
:10EC2000E8B1102301224FF65741FEF7DAF8D0F889
:10EC300006301B78012B12D1CDF700FA90F8B832CC
:10EC400043F0010380F8B8320020CFF727FC022000
:10EC5000CFF724FCBDE808400420CFF71FBC08BD57
:10EC600008B5CDF7EBF990F8A23273B9CDF7E6F914
:10EC700090F8A532013380F8A532CDF7DFF990F88E
:10EC8000A532022B0FD8CFF7EBFDCDF7D7F990F8CF
:10EC9000A232012B0AD1CFF7A5FCBDE80840002124
:10ECA0000846CBF737BFCDF7C9F9F4E708BD10B573
:10ECB000044600F0A3FC88B1CDF7C0F990F8A23269
:10ECC000022B0BD0D9F752FD4FF6FF73984205D0B7
:10ECD000A04203D1BDE81040CFF7C2BD10BD10B5B2
:10ECE0000024CDF7ABF990F86B22E3B29A4210D82A
:10ECF0000024CDF7A3F990F88122E3B29A420AD812
:10ED00000024CDF79BF990F89622E3B29A4204D8FA
:10ED100010BD0134E5E70134EBE70134F1E770B5EC
:10ED2000CDF78CF990F86B42CDF788F902250326D0
:10ED300090F8813215FB046415FB03632C4104EB4E
:10ED40009304CDF77BF990F8963215FB036504EB3D
:10ED500095000930800070BDF0B58BB0242301AA66
:10ED600006460D46D1F70EF90446002840F0C18151
:10ED7000CDF764F99DF804309DF8097080F864328D
:10ED8000CDF75CF9003F18BF012780F88072CDF7FE
:10ED900055F90C220DF10D0100F2A220FCF70EF93D
:10EDA000CDF74CF980F8A342CDF748F980F8A54299
:10EDB000CDF744F90121A0F8A642A0F8A8424FF6E9
:10EDC0005740CCF799FE4FF6FD7301224FF657419D
:10EDD0000446FEF706F8BDF81920D0F806304FF6C5
:10EDE00057411A80204602230122FDF7FAFF9DF8C1
:10EDF0002530D0F80620C3F300034FF657411370B7
:10EE0000204603230122FDF7ECFF9DF82530D0F8C2
:10EE10000620C3F3400313709DF825002435C0F38A
:10EE20004000EDF7CDFB042301224FF65741204669
:10EE3000FDF7D7FF9DF81B20D0F806304FF657415D
:10EE40001A70204605230122FDF7CBFF9DF81C20F8
:10EE5000D0F806304FF657411A702046062301229B
:10EE6000FDF7BFFF9DF82530D0F80620C3F38003DF
:10EE70004FF657411370204607230122FDF7B1FFDB
:10EE80009DF82530D0F80620C3F3C00313709DF819
:10EE90002500C0F3C000EDF7AFFB082301224FF6B9
:10EEA00057412046FDF79DFF9DF82530D0F80620FC
:10EEB000C3F3001313704FF6574109230122204674
:10EEC000FDF78FFF9DF82530D0F80620C3F34013DF
:10EED00013704FF657410A2301222046FDF781FFA8
:10EEE0009DF81D20D0F806304FF657411A70204685
:10EEF0000B230122FDF775FF9DF82530D0F8062081
:10EF0000C3F380134FF657411370204601220C23A0
:10EF1000FDF767FFD0F806309DF81E001870EEF779
:10EF200043FF4FF657410D2301222046FDF759FFBD
:10EF30009DF82530D0F80620C3F3C01313709DF858
:10EF40002500C009EDF7A4FA0E2301224FF6574120
:10EF50002046FDF746FF9DF81F20D0F806304FF6FB
:10EF600057411A7020460F230122FDF73AFF9DF802
:10EF70002630D0F80620C3F3000313709DF8260056
:10EF800000F00100EDF7FEFA102301224FF6574181
:10EF90002046FDF726FF9DF82630D0F80620C3F363
:10EFA000400313704FF65741112301222046FDF70D
:10EFB00018FF9DF82020D0F806304FF657411A7000
:10EFC000204612230122FDF70CFFBDF82120D0F8C6
:10EFD00006304FF657411A80204613230122FDF7D1
:10EFE00000FFBDF82320D0F806301A809DF80830C5
:10EFF000013B092B25D8CDF721F89DF8083000F505
:10F000001B72294630465B00D0F7BCFF9DF80870A4
:10F0100000286ED1CDF712F89DF8083080F86B32D9
:10F02000CDF70CF80446CDF709F890F86B3204EBF5
:10F0300043044FF6FF73B4F86A229A425ED005EBA0
:10F0400047059DF80A30013B092B25D8CCF7F6FF80
:10F050009DF80A3000F28222294630465B00D0F744
:10F0600091FF9DF80A70002843D1CCF7E7FF9DF887
:10F070000A3080F88132CCF7E1FF0446CCF7DEFF9E
:10F0800090F8813204EB43044FF6FF73B4F880220A
:10F090009A423BD005EB47059DF80B30013B032B13
:10F0A00027D8CCF7CBFF9DF80B3000F52672294608
:10F0B00030465B00D0F766FFD8B9CCF7BFFF9DF8AC
:10F0C0000B3080F89632CCF7B9FF0446CCF7B6FF88
:10F0D00090F8963204EB43044FF6FF73B4F896228F
:10F0E0009A4206D1CCF7AAFF90F89632013B80F8FD
:10F0F00096320020FFF7F3FD0BB0F0BDCCF79EFF7A
:10F1000090F86B32013B80F86B3298E7CCF796FFB2
:10F1100090F88132013B80F88132BBE7F0B58BB0CB
:10F12000242206460D4601A80021FBF752FFCCF72A
:10F1300085FF90F8643202278DF80430CCF77EFF0B
:10F1400090F880328DF80930CCF778FF0C2200F26D
:10F15000A2210DF10D00FBF731FF01214FF65740C1
:10F16000CCF7CAFC4FF6FD7301224FF65741044617
:10F17000FDF737FED0F8063001221B884FF65741C5
:10F180002046ADF819300223FDF72BFED0F80620FB
:10F190009DF8253012784FF6574162F30003204660
:10F1A00001228DF825300323FDF71BFED0F8062041
:10F1B0009DF8253012784FF6574162F341032046FF
:10F1C00001228DF825300423FDF70BFED0F8063020
:10F1D00001221B784FF6574120468DF81B3005233E
:10F1E000FDF7FFFDD0F8063001221B784FF657419E
:10F1F00020468DF81C300623FDF7F3FDD0F80620DD
:10F200009DF8253012784FF6574162F3820320466D
:10F2100001228DF825300723FDF7E3FDD0F8062005
:10F220009DF8253012784FF6574162F3C30320460C
:10F2300001228DF825300823FDF7D3FDD0F80620F4
:10F240009DF8253012784FF6574162F3041320469B
:10F2500001228DF825300923FDF7C3FDD0F80620E3
:10F260009DF8253012784FF6574162F3451320463A
:10F2700001228DF825300A23FDF7B3FDD0F80630C2
:10F2800001221B784FF6574120468DF81D300B2385
:10F29000FDF7A7FDD0F806209DF8253012784FF62F
:10F2A000574162F38613204601228DF825300C2346
:10F2B000FDF797FDD0F8063001221B784FF6574135
:10F2C00020468DF81E300D23FDF78BFDD0F806206B
:10F2D0009DF8253012784FF6574162F3C713204648
:10F2E00001228DF825300E23FDF77BFDD0F8063086
:10F2F00001221B784FF6574120468DF81F300F230F
:10F30000FDF76FFDD0F806209DF8263012784FF6F5
:10F31000574162F30003204601228DF82630102366
:10F32000FDF75FFDD0F806209DF8263012784FF6E5
:10F33000574162F34103204601228DF82630112304
:10F34000FDF74FFDD0F8063001221B784FF65741EC
:10F3500020468DF820301223FDF743FDD0F806300B
:10F3600001221B884FF657412046ADF82130132368
:10F37000FDF737FDD0F8063003241B88ADF82330A5
:10F38000CCF75CFE90F86B3217FB03433B415B000C
:10F390008DF80830CCF752FE90F8813217FB03430A
:10F3A0003B415B008DF80A30CCF748FE90F896326E
:10F3B000294617FB03433B415B008DF80B30304679
:10F3C000242301AAE7F774F90446A8BB9DF8083086
:10F3D00024357BB1CCF732FE9DF8083000F51B7266
:10F3E000294630465B00E7F763F920BB9DF80830FB
:10F3F00017FB03559DF80A307BB1CCF71FFE9DF833
:10F400000A3000F28222294630465B00E7F750F9C5
:10F4100088B99DF80A3005EB43059DF80B305BB1C8
:10F42000CCF70CFE9DF80B3000F5267229463046CD
:10F430005B00E7F73DF904460020FFF750FC20464B
:10F440000BB0F0BD08B500F0D9F828B1CFF792F8AD
:10F45000BDE80840FFF7DEBB08BDF7B5002704464E
:10F460000E46342115468DF80770E4F7E3FD34228B
:10F470003946FBF7AEFD34212046E4F7DBFD4D2392
:10F48000342103702046E4F7D5FD4FF0FF333421DB
:10F4900043602046E4F7CEFD342185602046E4F742
:10F4A000C9FD3421C6602046E4F7C4FD0DF1070311
:10F4B00003612DB134212046E4F7BCFD2B7B437062
:10F4C000CCF7BCFDD0F89C302BB1CCF7B7FDD0F811
:10F4D0009C30204698479DF8070003B0F0BDF7B573
:10F4E000002704460E46342115468DF80770E4F7D0
:10F4F000A1FD34223946FBF76CFD34212046E4F7A8
:10F5000099FD5123342103702046E4F793FD4FF019
:10F51000FF33342143602046E4F78CFD34218560BD
:10F520002046E4F787FD3421C6602046E4F782FDDB
:10F530000DF1070303612DB134212046E4F77AFD74
:10F540002B7B4370CCF77AFDD0F89C302BB1CCF7F5
:10F5500075FDD0F89C30204698479DF8070003B011
:10F56000F0BD704770B5054610460E46FDF796F89B
:10F57000012D044628D0022D34D015B910F5004FC6
:10F5800001D1002070BD012340F202411A463046ED
:10F59000FDF727FCD0F80630B3F90030A342F0DDC8
:10F5A0000223012240F202413046FDF71AFCD0F856
:10F5B0000630B3F9003013F5004FE2D0A3424FF00C
:10F5C000FF30A8BF0020DDE74EF6B12200F5D5439D
:10F5D00033339BB29342D4D910F5004418BF0124B1
:10F5E0006042CFE741F24C5300F5FF447F34A4B2B0
:10F5F0009C424FF0FF3088BF0020C3E710B50121C7
:10F600004FF65740CCF778FA0446CCF717FD90F840
:10F610006432022B03D1201E18BF012010BD002030
:10F62000FCE70220CAF7E2BFFBF719BBFBF720BBE0
:10F630000023C7F713B8012307B500930823CFF7BA
:10F64000EDFB03B05DF804FBD8F758BC08B5E0F754
:10F6500099FD4FF6FF734380184608BD00207047A0
:10F66000704770470368D90444BF43F48063036064
:10F6700003689A0444BF43F4006303607047704713
:10F68000002307B5019304210DEB0100C8F7F6FB39
:10F69000019803B05DF804FBF8F7ACB87047E9F7E0
:10F6A00061BB704700F001B8704770474FF480406D
:10F6B000704702207047704738B501F077FB4FF470
:10F6C0007A74A0FB040547F6122204FB01510023C3
:10F6D000C3F738FC0A24A0FB04059922002304FB8D
:10F6E0000151C3F72FFC38BD7047704701207047A8
:10F6F00008B5D0F76DFD002008BD684620F0070171
:10F700008D4601B5C1F7A8FCC7F7C8FBBDE80140AD
:10F710008546704708B54FF0FF314FF0FF30D0F706
:10F7200003FDC3F759FFBDE80840D0F705BD6846A3
:10F7300020F007018D4601B5C3F7E3FEBDE80140A7
:10F7400085467047684620F007018D4601B5C1F730
:10F75000FFFAC7F7A3FBBDE801408546704708B52F
:10F76000C3F70AFC002008BD07B501A800F0F9F8AE
:10F770002D2301A88DF805308DF8063000F0EAF849
:10F78000002003B05DF804FB012801D1C1F734BAB1
:10F7900070477047C1F7A6B808B5C2F7E7FB30B1AC
:10F7A000EFF305800338032894BF0020012008BD33
:10F7B0007047012070470020704710B53C2904694C
:10F7C00001D00C2904D1C2F7D7FB2060002010BD66
:10F7D0006FF08500FBE7704713B50029AEBF00242A
:10F7E0000124002100230094FBF759FB02B010BD57
:10F7F000C7F7AEBEC7F7BABE08B5C7F7CBFE00382D
:10F8000018BF012008BD7047002383F31188BFF3A0
:10F810006F8F0423184602DF70477047FCF715BC52
:10F820007047704738B50446D2F7D6FE05462046E5
:10F83000D2F7D8FEA54204D0BDE83840002000F041
:10F8400023BB38BDD2F7C8BED2F7DABE00F03ABB50
:10F85000D2F7E0BED2F7EABED2F7F4BE012000F044
:10F860001CBA08B5002000F018FA80F00100C0B200
:10F8700008BD6FF0010307B5002200930123114674
:10F88000184600F028FA03B05DF804FB7FB51D466A
:10F8900000230293CDF80B30012308990446164645
:10F8A0008DF80A3021B9D2F797FE02A98DF80B0026
:10F8B00048780B7800B953B98B7813B18B79FF2B4B
:10F8C00007D032462B462046009100F017FB04B0CB
:10F8D00070BD0020FBE70146002000F078BA002050
:10F8E00000F096BA10B590F8803004460BB1FFF7DF
:10F8F0008BFF204600F0AAFA18B9BDE81040FFF7C8
:10F9000083BF10BDD2F73CBED2F748BED2F75CBE73
:10F91000D5F78CBA10B41446DBB29DF804200193DD
:10F9200023465DF8044BD5F76DB9D5F721BAD5F765
:10F9300063BAD5F761B9002307B51A460093D5F726
:10F9400061F903B05DF804FB0022D5F711BA00217C
:10F95000D5F752BA08B5D2F77DFEBDE8084000F0F1
:10F96000B1BAD2F797BED2F7A7BED2F7B5BE08B5E7
:10F9700005F0B6FB00F00703400000F0500018430C
:10F9800040F0080008BD05F072BC70477047C9F729
:10F99000D1BBC9F7D9BBC9F7E1BBC9F7EFBBD1F7F9
:10F9A00003B9C9F751BBC9F785BBC9F7B3BB08B5E4
:10F9B000D1F720F9BDE8084005F03ABC70B504461F
:10F9C0000D461646D2F738FB30B13246294620465E
:10F9D000BDE8704000F0D6B870BD08B5D3F74CFC58
:10F9E00000F0D5FA404240B208BD37B500240025EA
:10F9F0006846CDE9004505F067FC28B9CDE900452A
:10FA0000DDE9000103B030BDDDE90032134302BF80
:10FA100001220023CDE90023F2E708B500F06EF8DB
:10FA200020B1D1F75FF910B9D2F738FB002008BD3B
:10FA3000407800F00703052B14BFC0F340100020EE
:10FA400070477FB5427802F00702052A0FD001788F
:10FA50006B4601310122C9B200F0D4FB10B100980D
:10FA6000FFF7E6FF00F0010007B05DF804FB00209F
:10FA7000FAE708B5D2F78CFD18B9BDE80840D1F710
:10FA80000DB90220D1F70AF9BDE808400021084667
:10FA9000D1F7F2B90020D1F701B910B50446FFF74C
:10FAA000E8FFD2F78DFB204600F087F8BDE8104054
:10FAB000D2F71EBBFFF7A8BE38B50546FFF7ADFF6E
:10FAC000044668B1012228461146D1F7EDFA0446F2
:10FAD00020B10820D1F7E2F8D1F742F9D2F7DEFAE7
:10FAE000204638BD0120704701207047D4F7E2BF9F
:10FAF0007047D4F709BDD4F7EFBF70470020D2F7A5
:10FB00002FBB08B50120D2F72BFB18B9BDE8084080
:10FB1000FFF77ABE08BD05F0E5BA70B500232826C8
:10FB2000012406FB0305D5E84F2FD2B242B1BFF343
:10FB30002F8FBFF35F8F01339942F2D1FF2070BD49
:10FB4000C5E8424F002AEED1BFF35F8FD8B2F6E787
:10FB500008B5D2F76FFB18B9BDE80840FFF754BEEF
:10FB600008BDD2F785BB38B504460D46D4F7EAF890
:10FB700029462046D2F7A4FB18B9BDE83840FFF764
:10FB800043BE38BD08B5D2F7BFFB18B9BDE8084081
:10FB9000FFF73ABE08BD08B5D2F7DEFB18B9BDE8DD
:10FBA0000840FFF731BE08BD08B5D2F7F1FB18B920
:10FBB000BDE80840FFF728BE08BD08B5D2F702FC33
:10FBC00018B9BDE80840FFF71FBE08BD08B5D2F759
:10FBD00013FC18B9BDE80840FFF716BE08BDF8B51C
:10FBE0000F4615461E46044608B9FFF70DFE0FB92D
:10FBF000FFF70AFE731EFE2B01D9FFF705FEB5FBCA
:10FC0000F6F5AB1EFD2B01D9FFF7FEFD00232760A3
:10FC1000A37165712671E371F8BD8279017900687D
:10FC200001FB02007047837942790133DBB29A42CB
:10FC300098BF002383717047C2790179006801FB86
:10FC400002007047C37942790133DBB29A4298BF10
:10FC50000023C3717047837942790133DBB29A4242
:10FC600098BF0023C079C31A58425841704710B555
:10FC7000D2F752FA04468720D0F7D2FC84428CBFD8
:10FC80000020012010BD08B58720FFF7B5FD18B989
:10FC9000BDE80840FFF7B8BD08BD002337B50446EE
:10FCA0008DF80730FFF7E3FF054640B12046D1F756
:10FCB000DBFF8DF807009DF8070003B030BDFFF7AC
:10FCC000E2FFD2F71FFD0DF1070205700472C2605A
:10FCD000D2F72EFDEFE72DE9FF411C460023074632
:10FCE0000E461546DDF828808DF80F30FFF7BFFF70
:10FCF00070B123462A4631463846CDF80080D1F708
:10FD0000CBFF8DF80F009DF80F0004B0BDE8F08127
:10FD1000FFF7B9FFD2F7F6FC012303700DF10F03D3
:10FD20000773467385608473C0F810804361D2F70F
:10FD3000FFFCE8E72DE9FF411C46002307460E467D
:10FD40001546DDF828808DF80F30FFF790FF70B171
:10FD500023462A4631463846CDF80080D1F7C6FF03
:10FD60008DF80F009DF80F0004B0BDE8F081FFF79B
:10FD70008AFFD2F7C7FC022303700DF10F03C0E91D
:10FD8000045407734673C0F808808361D2F7D0FC2F
:10FD9000E8E7002313B504468DF80730FFF767FF47
:10FDA00040B12046D2F72EF88DF807009DF80700E5
:10FDB00002B010BDFFF767FFD2F7A4FC0323037066
:10FDC0000DF107038460C360D2F7B2FCEEE70023B5
:10FDD00037B505460C468DF80730FFF748FF48B1A8
:10FDE00021462846D2F748F88DF807009DF807000D
:10FDF00003B030BDFFF747FFD2F784FC0423037044
:10FE00000DF1070305720461C360D2F791FCEDE7C1
:10FE1000002313B504468DF80730FFF728FF40B1E3
:10FE20002046FFF749FE8DF807009DF8070002B055
:10FE300010BDFFF728FFD2F765FC052303700DF115
:10FE400007030472C360D2F773FCEEE7002313B517
:10FE500004468DF80730FFF70AFF40B12046D2F77D
:10FE60002FF88DF807009DF8070002B010BDFFF7CE
:10FE70000AFFD2F747FC082303700DF107038460E3
:10FE8000C360D2F755FCEEE7002313B504468DF8A6
:10FE90000730FFF7ECFE40B12046D2F737F88DF877
:10FEA00007009DF8070002B010BDFFF7ECFED2F787
:10FEB00029FC092303700DF10703C3600472D2F714
:10FEC00037FCEEE7002307B58DF80730FFF7CFFECC
:10FED00040B1D2F73FF88DF807009DF8070003B056
:10FEE0005DF804FBFFF7CFFED2F70CFC0A2303708A
:10FEF0000DF107038360D2F71BFCEEE7F0B51C465B
:10FF0000002385B0064615460A9F8DF80F30FFF78F
:10FF1000AEFE58B12A46234630460097D4F732FA4F
:10FF20008DF80F009DF80F0005B0F0BDFFF7ABFE98
:10FF3000D2F7E8FB0E2303700DF10F03C0E9045460
:10FF400086608761C361D2F7F3FBEBE7002337B527
:10FF500005460C468DF80730FFF789FE48B121466B
:10FF60002846D4F729F88DF807009DF8070003B05C
:10FF700030BDFFF788FED2F7C5FB122303700DF1E9
:10FF80000703C0E902540361D2F7D2FBEDE710B5D5
:10FF90000446D2F78BFC2044C0B210BD10B5044615
:10FFA000D2F784FC201AC0B210BD10B50446C0B20E
:10FFB000D2F77CFC201A00B210BDFFF7EFBF08B5E6
:10FFC000FFF7F3FF5C3840B208BD704708B5FFF794
:10FFD000FCFFD2F741FAD2F7D3FB08BD08B5800089
:10FFE000002100F0FC00D3F70BFEBDE80840D3F77A
:10FFF0002FBED2F7A9BED2F707BED2F7E9BD0120C6
:020000024000BC
:10000000704708B500F001F808BD0A207047704736
:1000100000BF00BF00BF00BF00BF00BF704737B5C3
:10002000ADF80410C9B20446154641B19DF905105A
:100030002A46204603B0BDE83040C2F7B4BFD2F72D
:10004000D9FA0146F4E738B50546D2F7C5FA0446B1
:10005000D2F7D0FA2A4601462046BDE83840C2F71A
:10006000A2BF08B5037A012B12D8BFF35F8FD0E887
:100070004F3FDBB28B4203D0BFF32F8F002006E04F
:10008000C0E8432F002BF2D1BFF35F8F012008BDE2
:10009000FFF7BAFBF2E7582370B5044603FB0105EE
:1000A000AC4201D1002608E0204602220121FFF7E0
:1000B000D8FF264658340028F2D0304670BDF8B537
:1000C000846905F0D4F8D4E91067BFF35F8F94F822
:1000D000483094F8492001335B0192B9A0339D194F
:1000E00047F10002A84291410ED2C4E90852A3632D
:1000F00004F11000F6F742FC00B3BDE8F840FFF74A
:1001000083BB03F53073EAE7002208206168FFF73C
:1001100028FD08B9FFF778FB4FF0FF3301220421D7
:1001200020466360FFF79DFF08B9FFF76DFBD2F72C
:100130002FFA18B9BDE8F840FFF7AFBDF8BD08B514
:100140004FF0FF33012202214360FFF78AFF18B905
:10015000BDE80840FFF758BB08BD38B50546D3F7E2
:10016000CBFF044608B9002038BD2846002105F021
:1001700032F8054604F11000F6F738FC0DB90028F6
:10018000F1D14FF0FF336360BFF35F8F0120207028
:10019000BFF35F8FE8E703785A0607D14278DB099F
:1001A00043EA42037E3BDBB2012B04D9884234BFD1
:1001B00000200120704701207047837AFF2B12D066
:1001C0000268D25C012302F00702934013F0220F71
:1001D0000BD113F0440F0AD113F0880F14BF012084
:1001E000002000017047002070470420704708205D
:1001F0007047022804D0C31E58425841C0007047BF
:100200000420704738B515461C46D0B118605971A6
:1002100000230A222371FF21A01DFAF7DAFE012232
:10022000FF2104F11000FAF7D4FEFF2104F11100C0
:100230000722FAF7CEFE29462046BDE83840D4F71B
:1002400039BA38BD0B46114642799A4238BF4371DC
:10025000D4F730BA10B5034690F82100A8B10A7857
:100260005C7E944212D184B1486870B103F11001F0
:10027000631E022B96BF6FF00202002202EB840283
:10028000FAF775FEB0FA80F0400910BD0020FCE7D7
:1002900008B5D5F78BF8BDE8084000F028B808B5D8
:1002A00000F026F8BDE80840D4F746BE10B5036854
:1002B00004465B7803F00702052A01D09B0601D4AF
:1002C000FFF7A2FA23689B7803F03003102B02D0CB
:1002D000202B05D04BB92046BDE81040D5F77AB8A1
:1002E0002046BDE81040D4F747BE002010BD70473F
:1002F0007047004700F09BB9C840C04300F00100C0
:100300007047F7B51646DDE90847019001A81D467C
:10031000D5F790F9019BB6F1000C18BF4FF0010C16
:1003200000EB83000B1E18BF0123002D43EA4C0392
:1003300014BF4FF00C0C4FF0000C002C43EA0C03E0
:1003400014BF4FF4706C4FF0000C002F43EA0C0305
:1003500014BF4FF4403C4FF0000CD0F8802043EA2B
:100360000C0322EA030301B109780EB13678760056
:1003700019430DB12D78AD0031430CB1247824021E
:1003800029430FB13F783F040C433C43C0F8804001
:1003900003B0F0BD1FB50DF10F03019300238DF8DD
:1003A0000F101A4619460093FFF7ABFF05B05DF832
:1003B00004FB70B5044608461646D5F74BF90830DD
:1003C00034F810300D46DA0509D5C3F3432304EBA6
:1003D000C3023146284654F8333052689847A36820
:1003E0002BB131462846E268BDE87040184770BD21
:1003F000F0B50446002001270546844695420AD1FF
:10040000D4F8443133B10023C4F84431D4F8443132
:1004100040F40030F0BDEBB29B0003F580769B0802
:1004200007FA03F3194208D054F806E0BEF1000FB2
:1004300003D044F806C0A65918430135DEE770B56D
:100440000679044630460D46D5F794F9B0B13046EA
:10045000D5F77EF990B93046D5F76AF901232268BD
:100460008340C2F81833226803B202EB8303D3F847
:10047000102522F00302C3F8102570BD2846BDE800
:1004800070400021FFF786BFD5F75ABAFFF7D7BFF4
:10049000C9B2D5F7D7BF91F820200346032A29D83F
:1004A000DFE802F0212519028A68500504D5D3F847
:1004B00044270869904207D18A6852051AD4D3F8B4
:1004C00044278969914215D000200622C3F800050F
:1004D000C3F800257047D3F8442708699042F3D148
:1004E000D3F80C27EDE7D3F844270969EAE7D3F8F6
:1004F0000C27FAE70120704730B50124A2F580757A
:10050000AD08AC400C4207D0815829B10021815080
:1005100082581A6822431A6030BD002313B50C4676
:1005200001934FF4947201ABFFF7E6FF21464FF4BD
:100530008272FFF7E1FF21464FF48A72FFF7DCFF7A
:1005400021464FF4B672FFF7D7FF21464FF4A87249
:10055000FFF7D2FF21464FF49C72FFF7CDFF4FF417
:100560009A722146FFF7C8FF019802B010BD07B587
:10057000019001A8D6F790FA0123019A93404360B5
:1005800003B05DF804FB0369C26893429CBF8168B5
:100590005B18013B981A70472DE9F0410546D0E9F8
:1005A00002844068A8EB0406964220440F46144497
:1005B00004D9FAF703FDEC60BDE8F0813246A4EB04
:1005C0000804FAF7FBFC22466868B919F1E72DE93F
:1005D000F8430646894617464FF00008C568336958
:1005E000B4689D4228BF1B19641BBC4228BF3C460F
:1005F000013B5B1B9C4228BF1C467068494628444F
:100600002246FAF7DBFCB3682544AB4208BF00255D
:100610003F1BA044A144F560E1D14046BDE8F8830A
:10062000D6F7B4BA08B5FFF7FBFF002008BD08B144
:10063000C7F712BC7047704740B1C368587810F0D4
:1006400001001EBF1878B0FA80F040097047EFF340
:100650001183402383F31288BFF36F8FFEE710B539
:10066000D0E9003433B90020E268537843F0010345
:10067000537010BD204698470028F4D00028B8BF1A
:100680004042FF28A8BFFF20E3681870ECE7FAF7A4
:10069000A0BCFAF793BC704710B400F10C04C0E999
:1006A00003445DF8044BF9F734BD2DE9F04F0546DE
:1006B00089B0DDE9126791463B46324606A80591AE
:1006C00005F1140A00F074FBDDE90634CDE90234CB
:1006D000EFF311844FF0400888F31288BFF36F8F57
:1006E00005F10C0B4A4628460599F9F79EFC30B1F6
:1006F00084F31188BFF36F8F09B0BDE8F08F3E43DC
:10070000F6D0DDE9022306A800F076FBDDE90667F6
:100710005A4621465046CDE90067D7F75DFAEFF318
:10072000118488F31288BFF36F8FDBE738B5044676
:10073000EFF31185402383F31288BFF36F8FF9F72E
:100740002BFC04F10C0000F091FA30B1294604F1C1
:100750001400BDE83840D7F7AFBA85F31188BFF36E
:100760006F8F38BD4169836843EA010212F00302CA
:100770000FD1C2600269013A01FB023382689A42DA
:1007800001D900207047C2681A604269C3609B1A91
:10079000F4E76FF015007047F8B504460D46EFF327
:1007A0001186402383F31288BFF36F8FC76877B930
:1007B00000F039FA58B1C0F88C70456100F0B8F912
:1007C000314604F10800BDE8F840D7F775BAE36890
:1007D0002B60A369E560013BA36186F31188BFF339
:1007E0006F8FF8BD402408B5EFF3118384F31288AE
:1007F000BFF36F8FFAF76CFBF6E7034610B50846B8
:10080000EFF31184402282F31288BFF36F8F1A6ACC
:100810004AB19A689969FAF7D1FB002084F31188EC
:10082000BFF36F8F10BD6FF02200F7E790F90E3025
:100830008B4201D0D7F7FCB9002070470346002057
:10084000C3E90033C3E9020070472DE9F843994634
:1008500004460D4690469DF8203000F10806EFF35F
:100860001187402282F31288BFF36F8F03B145686E
:10087000304600F0D8F960B10023C0F81480C0F809
:100880008C3000F055F930463946D7F715FA00207C
:100890000CE0B9F1000F1BD00821D7F751FE38B991
:1008A00087F31188BFF36F8F6FF00B00BDE8F883FB
:1008B0000122C0F804800260016801F003015DB903
:1008C00022680A430260626820606AB960600BE0D7
:1008D0004046C8F80090EFE72A68032A10D8016064
:1008E000616839B9C4E90000042104F1100000F086
:1008F000E9FBC8E70A6802F0030202430A60E5E781
:1009000022F003020A4302602A6802F0030240EA6E
:1009100002032B60E8E710B5044630B10268930784
:1009200003D0446809B100F0EFFB204610BD00235E
:10093000C0E9003300F10803C0E9023300F11003FD
:10094000C0E904337047012307B5009300230A462A
:100950001946FFF77AFF03B05DF804FB002307B5E3
:100960000A4600931946FFF770FF03B05DF804FBD9
:100970005AB18A4209D300F11003C0E90212C0E95A
:100980000000C0E90433002070476FF01500704785
:10099000012302688B4022EA0303036022FA01F07C
:1009A00000F00100704710B5032104460C30FFF73A
:1009B000EFFF30B104F1100000F0DFF9B0FA80F081
:1009C000400910BD20B10022E030114600F090B97E
:1009D000704773B50446EFF31185402383F3128803
:1009E000BFF36F8F0023A0F1100603210438019399
:1009F000FFF7CEFF28B1A369304601A90193D6F7CE
:100A000051FE85F31188BFF36F8F02B070BD38B50A
:100A100004460D4610220021FAF7DBFA656038BD66
:100A200013B501900846EFF31184402383F3128835
:100A3000BFF36F8F01A9D6F735FE84F31188BFF39A
:100A40006F8F02B010BD10B5FFF7EAFF041E08DD7E
:100A5000EFF31180402383F31288BFF36F8FD7F732
:100A60005BF9204610BD38B530220D460021044602
:100A7000FAF7AFFA4FF480736560E36038BDEFF3C7
:100A80000580003818BF012070476FF0570070478D
:100A900000207047D7F722B9D0E9003213605A60BE
:100AA0000023C0E90033704708B5FFF7F5FF437B2B
:100AB00023F0020343730023836008BD10B504468E
:100AC000D6F7F2FE2046BDE81040C6F7B5BC38B5F3
:100AD00004460D46D6F782FF637B43F0020363733F
:100AE000E5B1A5602B689D4209D16B68C4E900534C
:100AF0001C606C6012E06A689A42F6D01B68002B9A
:100B0000F3D094F90E2093F90E108A42F3D091425B
:100B1000F1DD5A68C4E9003214605C6038BD90F9B8
:100B20000E3091F90E00834214BFC01A00207047A6
:100B300010B5EFF31184402383F31288BFF36F8F56
:100B4000D6F764FF84F31188BFF36F8F10BD10B523
:100B50000446183000F011F9EFF31181402383F3BC
:100B60001288BFF36F8F627B12F0100204D081F302
:100B70001188BFF36F8F10BD2046BDE81040D6F737
:100B800079BF08B5EFF31181402282F31288BFF3D9
:100B90006F8F83680BB1FFF787FF81F31188BFF375
:100BA0006F8F08BD38B5EFF31184402383F31288AB
:100BB000BFF36F8F002390F87050427B80F8703045
:100BC0002DB121B184F31188BFF36F8F38BD12F0BE
:100BD000280FF7D183680BB1FFF766FF437B29B974
:100BE00003F0FB034373D6F711FFEBE703F0EB03CE
:100BF000F8E701211838FFF7D5BF08B50346EFF332
:100C00001181402282F31288BFF36F8F0068834204
:100C100007D008B1FFF748FF81F31188BFF36F8F4A
:100C200008BD0020F8E738B5EFF31185402383F3C2
:100C30001288BFF36F8F0468A0420DD034B12046F4
:100C4000FFF732FF04F1180000F097F885F31188E0
:100C5000BFF36F8F204638BD0024F7E710B5FFF7CC
:100C600090FFBDE81040183000F087B838B5054651
:100C700004680020AC4200D138BD002CFCD02046D6
:100C8000FFF7ECFF2046FFF753FF2C680120A54239
:100C9000F1E708B5C3171F3043F10003400940EAEC
:100CA000C360C117D7F7C6F8400108BDEFF3118143
:100CB000402282F31288BFF36F8F027BD2070CD5DC
:100CC00081F31188BFF36F8F002383F31188BFF383
:100CD0006F8F0423184602DF7047437B1B0704D540
:100CE00081F31188BFF36F8F70470122D6F7C2BE20
:100CF00038B5EFF31185402383F31288BFF36F8F6C
:100D00000468A04213D0A4B1C4F88C1062612046DC
:100D1000FFF7CAFE04F1180000F02FF82046D6F7BE
:100D200075FE012085F31188BFF36F8F38BD002059
:100D3000F8E72046F6E72DE9F04105460E4617464E
:100D4000EFF31188402383F31288BFF36F8F046899
:100D5000A0420FD1002088F31188BFF36F8FBDE848
:100D6000F08139462046B0470028F4D16B68A34291
:100D7000F0D02468002CF4D1ECE710B5EFF3118427
:100D8000402282F31288BFF36F8F03683BB1D7F71D
:100D900077F9002084F31188BFF36F8F10BD6FF0D7
:100DA0001500F7E708B5D7F789FA08BDD7F786BA6F
:100DB000B3F1FF3F08BFB2F1FF3F70B504461D46D7
:100DC000164613D01A4315D06FF001024FF0FF33CF
:100DD000921B63EB0501002904DAD7F76FFA821939
:100DE00041EB0501C4E90021204670BD4FF0FF3200
:100DF0001146F7E70022FBE7B3F1FF3F08BFB2F16E
:100E0000FF3FF8B5074616461C4610D054EA0203C9
:100E100011D0D7F753FAB0420A46A14103460AD28D
:100E2000F31A64EB0204C7E900343846F8BD4FF00A
:100E3000FF331C46F7E70023FBE70023C0E9081255
:100E400000F11802C0E90622C0E9003303634363DE
:100E5000704710B50446FFF790FFA8B9636A0BB15D
:100E60002046984704F11800FFF7C7FE60B1FFF76E
:100E70005FFEEFF31180402383F31288BFF36F8F7F
:100E8000BDE81040D6F748BF10BD1423F0B50024CC
:100E90004FF48B76402703FB010001B9F0BD10F839
:100EA000073CA0F1140C03F03F03082B40F80C4C56
:100EB0000CD826FA03F3DB0708D550F8143C2BB105
:100EC00050F8105C2B605D6040E9054482F31188A6
:100ED000BFF36F8FEFF3118287F31288BFF36F8F29
:100EE00060460139D9E7F8B50D46D0E900138842CC
:100EF000044605D16368C5E900431D6065601DE0D7
:100F0000002BF7D0986800B16038A2F1600739462D
:100F1000FFF705FE0028EDDC2668B442EAD0002E7B
:100F2000E8D0B16801B160393846FFF7F8FD002814
:100F300005DD7368C5E900631D607560F8BD636811
:100F40009E42D7D03668EAE72DE9F74F00258B4659
:100F5000144682462E464FF040082F4601935D45C9
:100F600003DB304603B0BDE8F08FEFF3118988F35F
:100F70001288BFF36F8F9AF80D3003F03F03013BE7
:100F8000072B0FD8DFE803F01F040E0A0E0E0E2603
:100F9000DAF810309B682BB1022321E0DAF8103028
:100FA0001B688BBB019B3BBB23782BB39AF80D309E
:100FB00003F03F03013B072B2FD8DFE803F0322774
:100FC0002E272E2E2E37DAF810309B68002BE9D012
:100FD000012305E0DAF810301B6A002BE2D0102361
:100FE000DAF80C20CAF80870C2F386310B4363F3B9
:100FF0009432CAF80C20277089F31188BFF36F8FE1
:1010000001350AF1140AAAE70423E9E7224651460A
:10101000DAF810001030FFF766FFCAF80840013612
:10102000EAE722465146DAF81000F4E7DAF8100051
:10103000224651462430EEE72DE9F041846805460A
:101040000E46ECB16378012B25D114F8533C9A0776
:1010500014D5A4F160073846FFF700FE082E0CBF38
:101060006FF003030023E36214F8533CDB0605D161
:1010700054F8483C13B93846FFF75AFD0023237053
:101080000020EB68A860C3F38632164366F39433FE
:10109000EB60BDE8F081022BF0D12378002BEDD07E
:1010A00054F8048CB8F1000FE8D004F11400FFF7F5
:1010B00064FE0023A4F1140739464046E362FFF7BB
:1010C000AFFCDBE7034610B5EFF31184402282F357
:1010D0001288BFF36F8F0068834208D0D0E90032D6
:1010E00013605A600023C0E90033FFF7A5FF84F3C3
:1010F0001188BFF36F8F10BD002383607047836832
:101100000B60C3681360704720B1011F50F8040CD6
:10111000FFF70CBB704708B583798B4204D8CB210D
:101120004FF44960E3F76AFA043120F8112008BD52
:1011300008B5C3798B4204D8DA214FF44960E3F74C
:101140005DFA83791944043120F8112008BD38B5BF
:10115000CAF78CF9CAF772FF002443681D78AC42C5
:101160000BD3CAF7C7F9034620BB6FF04A024FF40E
:10117000B9714FF4496001F0D2FFCAF75FFF4368CD
:10118000D3F8013053F82430D3F81500D7F7A6FA76
:1011900028B14FF4B7714FF44960E3F72FFACAF75B
:1011A0004DFF4368D3F8013053F82400CAF778F9AB
:1011B0000134D4E738BD08B50020D7F7C9FEBDE833
:1011C0000840D7F737BE78220021F9F702BF38B5BB
:1011D0000C4615211546E2F72DFF04F00303032BFF
:1011E00001BF01238373B5F80530038014F00C0FA1
:1011F00014BF0024C4F38014C47438BD037803F012
:101200000303012B06D18078113801288CBF002000
:10121000012070470020704708B5E2F7B1FCBDE837
:101220000840FFF7EBBF38B50446FFF7F5FF98B16C
:101230002046E2F7A5FC05462046E2F7BBFCC21EAD
:10124000D2B22520E91C01F007FD20B940F6FA21B1
:101250006920E3F7D3F90A3038BD10B50446FFF72B
:10126000DBFF40B120460321E2F7AAFD2046BDE89E
:10127000104003F0CCB810BD1FB5FF23024601900B
:101280000B7212F8013B0C46019213F003020B7033
:1012900022D0022A01D1DB0622D5019B1A78627383
:1012A0002278D20910D05A1C01925A78A27502F005
:1012B0000302013A012A07D89A1C01929A782276F1
:1012C000DA1C0192DB78E3750022637D227562F3FC
:1012D0000003637504B010BDC3F38103032B1AD060
:1012E00043780230E371019001A903A801F006FBE5
:1012F000BDF80C3001A9A4F809300DF10E0001F081
:10130000FDFABDF80E30A4F80B30019B13F8012B49
:1013100022720193C1E701A90DF10A0001F0EEFA72
:10132000BDF80A30A4F80530DEE7F8B50C461546DE
:101330000646E2F725FC2022074600212046F9F761
:1013400048FE6DB30A213046E2F774FE637D027AEF
:1013500062F3410363754388E38103882382037941
:10136000A37490F905303046E3747B88A4F8033009
:10137000637D13F0020FBB881CBF63830023A4F8B6
:101380000130BB796376E2F7FBFB00F012FA01460D
:101390003046E2F715FD2146BDE8F840FFF76CBF87
:1013A00030466570A570E5702571E2F7E9FBF2E75C
:1013B00070B50E460A211546E2F73CFE0A220021CE
:1013C0000446F9F706FE40F21E23638001232680BF
:1013D0006371A57170BDF0B5CCB287B005460E46FD
:1013E00020460E21E2F726FE034602AA00F1080C71
:1013F000174618685968083303C763453A46F7D15A
:10140000186838609B88BB804FF6FF73BDF81400E6
:1014100098420ED102232A4600212046DBF7AEFB7C
:10142000B0B12046E2F758FB2846E2F755FB07B07B
:10143000F0BDE4F7AFF907462046002FF2D0E2F7FF
:101440009FFB2946024607F108032046DBF70AFB0B
:10145000002EE9D029462046E2F778FD00232046F9
:101460000093BDF808109DF812300DF10A02D9F76B
:10147000C3FBD9E7F7B51C469DF820300546CDE9FA
:1014800000430023BDF824600A9FD8F78BF9034678
:1014900058B9FF3C18BF01243A4631462846089403
:1014A00003B0BDE8F040D9F7A7BB284603B0BDE8BC
:1014B000F040E2F711BB024610F0030009D1C2F37D
:1014C0008103D91E4B424B41D20910D103F10800D0
:1014D000704702280ED1D3060DD4C2F38103D91E62
:1014E0004B424B41D209F1D003F10B00704703F19D
:1014F0000A0070470220704770B5067805463046EE
:10150000FFF7D9FFB306044603D5285C00F010F8B6
:101510000444204670BD08B50021EDF759FA4FF696
:10152000FF73984203D0BDE80840EDF763BB08BDE8
:1015300010F0200F0CBF05200D207047F8B50546B0
:10154000E2F71EFB0A2106462846E2F773FD20213A
:1015500004462846E2F76EFD2021B0F801702846C7
:10156000E2F768FD4FF6F773B0F803209A4214D8FB
:101570007378002163703378082204F8023B204618
:10158000F9F727FD21463846E1F736FE50B140F223
:10159000655140F69E10E3F731F82846BDE8F84063
:1015A000E2F79ABA2846BDE8F840EDF74DBB37B5EB
:1015B00011210546E2F73EFD037A0446022B14BFD3
:1015C000012109212846E2F73BFB237A022B037015
:1015D00005D1082204F109010130F9F7EFFC20469A
:1015E000E1F706FF0022044601460820DCF708F870
:1015F00001230822CDE9000321462846D9F79EFAA7
:1016000003B030BD0A4608B5C11C252001F024FBFB
:1016100043780433437008BD10B50446DCF752FA32
:101620002046BDE81040E9F7A9BB00207047002024
:1016300070470020704770470F2108B5E2F700FBA4
:101640000D224270032282708822C2700122027130
:1016500082710622C271902202721B2242721922EA
:10166000002382724A221E210370C27243734122F8
:101670007F2341710273837308BD13B506210446AD
:10168000E2F7D8FC036853B141790193037905224D
:10169000009320460023DCF77BFC02B010BD2046FF
:1016A00002B0BDE81040EEF751BB0021DDF7AEB946
:1016B00007B568B1437A0DF107016FF34103437237
:1016C000C08800F03BFD18B99DF80700DFF772FEF7
:1016D00003B05DF804FB10B5CCB22246090ADEF770
:1016E000B9FA2046BDE81040E1F7C4BBE1F790BB72
:1016F000F0B50D4687B00A2116460446E2F7B0FC65
:101700004FF0FF3300276FF001024370C370037185
:1017100043710123394602708270037218226846B1
:10172000F9F757FC4FF4803328460093ADF8046076
:10173000E1F75EFE08223946ADF8060004A8F9F785
:1017400048FC69462046DEF7C3FAB0FA80F040094B
:10175000404207B0F0BDF0B58FB09DF85830054657
:1017600001939DF8543002A800939DF85030DEF7A5
:10177000C7FB08AA1746164602AB144618685968F4
:10178000083303C4BB422246F7D131462846DEF770
:101790009FFA0FB0F0BD43781B074CBF10300830E4
:1017A000704710B50C46511CE2F738FB00F8014BAE
:1017B00010BD4378024613F0100F14BF102008200C
:1017C000190748BF0830590741BF125C023000EBCF
:1017D000420000F0FF009B0744BF0E30C0B27047CC
:1017E00010B50446FFF7E5FF205C10BD38B50B7857
:1017F0000C46C3F38303022B09D1E2F7DBF905465C
:101800002046FFF7D6FF401B18BF012038BD00203F
:10181000FCE710B50C460A21E2F722FC6FF001014B
:101820004FF0FF32017042708170C270C47110BD00
:1018300007B50DF1030100F081FC014620B14FF026
:10184000FF3003B05DF804FB9DF8030001AADFF749
:10185000C1FD0028F3D1019B587810F0070018BF94
:1018600001204042EDE70221E2F7A2BC783108B541
:10187000CBB28C2B05D941F2AD7140F24710E2F7A3
:10188000BDFE48F674334843C0EB0020B0FBF3F0D4
:10189000C0B208BD10B50446E2F772F9037823B16F
:1018A00040F225112820E2F7A9FE2046BDE81040AD
:1018B000E2F712B913B50C460DF1070100F03EFC3A
:1018C000014668B922469DF80700DFF783FD38B965
:1018D00023683BB940F24E214FF4A470E2F78EFE2C
:1018E0006FF01B0002B010BD13B50C460DF10701DF
:1018F00000F039FC014668B922469DF80700DFF781
:1019000069FD38B923683BB940F26A214FF4A470ED
:10191000E2F774FE6FF01B0002B010BD07B501A91D
:10192000FFF7C8FF30B9019B587800F0070003B0FB
:101930005DF804FBFF20FAE707B501A9FFF7D4FF24
:1019400030B9019B587800F0070003B05DF804FB44
:10195000FF20FAE707B501A9FFF7ACFF30B9019BFB
:101960001878C0F3410003B05DF804FBFF20FAE7EC
:1019700007B501A9FFF7B8FF30B9019B1878C0F38C
:10198000410003B05DF804FBFF20FAE707B501A9A9
:10199000FFF790FF58B9019A137803F00603042B60
:1019A00007D1507B00F0010003B05DF804FBFF207D
:1019B000FAE70120F8E708B5FFF7E8FFFF2808BFBE
:1019C000002008BD07B501A9FFF78EFF58B9019A9D
:1019D000137803F00603042B07D1507B00F00100BD
:1019E00003B05DF804FBFF20FAE70120F8E770B5CB
:1019F0001446537C927C86B043EA022305460E4689
:101A0000ADF80E30E7F742F9E8B9A37A314643F072
:101A100002032846A3720DF10E0201F091F918B9E4
:101A2000BDF80E30A4F8113004F10F0300933146D5
:101A3000284604F1100304AA01F040F918B9A37A6A
:101A400043F00403A37206B070BD002330B5C45C3C
:101A5000CD5C6C40D4540133102BF8D130BD2DE94E
:101A6000F04F89B09846DDE91249DDE91475231E6F
:101A700018BF01230E469B01114618B102388000A1
:101A800000F03800034343F001030D220DF1110073
:101A90008DF81030F9F792FA7BBA2A46304604A93D
:101AA000ADF81E30CEF7B0F9002C3DD063BA0E2C45
:101AB0004FF00E02ADF800303AD800210DF10200CF
:101AC000F9F787FA224641460DF10200F9F776FA56
:101AD00000246946284604AAFFF7B7FF08F10E085C
:101AE0002A46304604A9CEF78FF9A246C346BAF17A
:101AF0000F0F24D814F00F0A16D0102200216846C8
:101B000024F00F04F9F765FA524608EB0401684621
:101B1000F9F754FA6946284604AAFFF796FF2A46C1
:101B2000304604A9CEF770F93C4609EB07081FE0E0
:101B300041460DF10200F9F741FA0E3CC9E759465A
:101B4000284604AAFFF781FF2A46304604A9CEF7AB
:101B50005BF90BF1100BAAF1100AC8E7284604AA9A
:101B6000FFF773FF2A46304604A9CEF74DF9103C23
:101B70000F2CA8EB0401F1D817F00F0415D0102298
:101B800000216846F9F725FA27F00F01224649445B
:101B90006846F9F713FA6946284604AAFFF755FF85
:101BA0002A46304604A9CEF72FF909B0BDE8F08FD8
:101BB0002DE9F04F8DB0169C1646BDF8642098466E
:101BC00004F110039A420D46039078D24FF4C77186
:101BD00040F6A210E2F712FD012231468DF82020D6
:101BE0000DF121000D22F9F7E9F99BFA9BF2284645
:101BF000ADF82E2008A904AACEF706F9DDE90112F6
:101C000004A8FFF722FF0BF10103103F1FFA83FB2B
:101C1000A9EB070302930F2FAAEB07030193DBD86D
:101C200024F00F0B189BB4EB0B0A03EB0B0723D02C
:101C3000012324090D2231460DF1210001348DF8D4
:101C4000203064BAF9F7BAF9284604AA08A9ADF811
:101C50002E40CEF7D9F81022002108A8F9F7B9F9DB
:101C6000524608EB0B0108A8F9F7A8F93A4608A96B
:101C700004A8FFF7EAFE4F460123002431460D2257
:101C80000DF121008DF82030F9F798F9284604AAC3
:101C900008A9ADF82E40CEF7B7F82146102208A8C3
:101CA000F9F797F9039A179908A8F9F787F93A46C7
:101CB00008A904A8FFF7C9FE0DB0BDE8F08F189B76
:101CC00027464FF0010B03EB040908EB040A9FE7DA
:101CD0002DE9FF47DDF834A09DF8387089460AF1F8
:101CE00010011C461646194480463846E1F7A8FF05
:101CF000224631460546F9F761F93846E1F75AFFC1
:101D00000C9B001B254480B232464946CDE9025067
:101D1000009340462346CDF804A0E0F733FB044689
:101D20000C213846E2F726F8204604B0BDE8F087DB
:101D30002DE9F04F89B09146DDE91485BDF84C409E
:101D40002A889A46A24206460F46129B04D2C02118
:101D500040F6A210E2F752FC032C01D8C121F7E7AC
:101D6000043C1FFA84FB1C44CDE90282CDE900B497
:101D70000A4604AC01460420FFF71AFFA5F800B09C
:101D80003A46314604204B46CDE902B4CDE900A8DD
:101D9000FFF765FE2888042221464044F9F7E7F85A
:101DA00018B100234FF0FF302B8009B0BDE8F08F51
:101DB0002DE9F0471C469823ACB0814610461546E5
:101DC000349E8A46ADF81630E1F7DAFEB6F5803F6C
:101DD000024604D35A2140F6A210E2F70FFC07197D
:101DE0000DF11603B6B20DF11808CDE90076039394
:101DF000514623464846CDF80880FFF799FF06462E
:101E0000C8B92846E1F7D6FEBDF816904C44A0426A
:101E100001D26A21DFE72846E1F7CCFE011B284604
:101E2000E1F7A8FF4A4641463846F9F7C7F8304679
:101E30002CB0BDE8F0874FF0FF36F8E730B50C4620
:101E4000054685B010226846F9F7B8F822462946BB
:101E50006846CDF7D9FF013D631E0F3413F8012FFB
:101E600015F8011FA34282EA01021A70F6D105B0EB
:101E700030BD2DE9F041B1F1005F80460D461646B8
:101E800086B001F00F0405D34FF44A7140F6A2105A
:101E9000E2F7B4FB1022002102A8F9F79AF8EF004C
:101EA00064B98023B5F5005F8DF808302DD301A902
:101EB0000DF11200019700F018FD29E0224641467D
:101EC00002A8F9F77BF8802204F118036B44B5F5FA
:101ED000005F03F8102C0CD30734102CE7D93146DF
:101EE00002A8FFF7ABFF1022002102A8F9F771F852
:101EF000DDE70334102C08D9314602A8FFF79EFF16
:101F00001022002102A8F9F764F87FBAADF8167024
:101F1000314602A8FFF792FF06B0BDE8F0812DE937
:101F2000F04116460C460546102200213046F9F7CE
:101F300050F8B4F1005F15D22F4624F00F08A844E2
:101F4000474509D124F00F00284432462146FFF7C7
:101F500090FF0120BDE8F08138463146FFF76EFF63
:101F60001037EDE70020F5E770B504468EB00E4659
:101F700015460146102201A8F9F720F81022214643
:101F800006A8F9F71BF8002301A806AA0178013377
:101F900081F0360100F8011B1178102B81F05C01F3
:101FA00002F8011BF2D111210AAA01A88DF81460D0
:101FB000FFF7B5FF28B940F2074140F6A210E2F75B
:101FC0001DFB2A46202106A8FFF7A9FF10B940F201
:101FD0000A41F2E70EB070BD2DE9F04F89B00791CC
:101FE00009210546E2F726F844780678002C0CBF54
:101FF00031460021478890F8048090F8059090F8C9
:1020000006A090F807B002312846E1F719FE0670E5
:102010004470DCB1E2F792FB002814BF00230C23CC
:10202000BBF1000F01D043F001031E222946CDE988
:102030000332CDE9019A3B4647F601720798CDF885
:102040000080E0F723FA09B0BDE8F08F0230B44217
:10205000E0D200F8014B0134F9E770B5044688B0CE
:1020600000226946FFF761F92046E1F789FDFFF795
:1020700043FA01462046E1F7A3FE4AF6CD33BDF808
:1020800009509D4220D12046E2F714F920B920469C
:10209000E1F722FD08B070BD2046E1F771FD06466C
:1020A00009212046E1F7C6FF337829460370012352
:1020B0004370BDF80130438002230371042303728F
:1020C0002046FFF789FFE5E7542DE0D12046E2F7EF
:1020D000F1F8014620460029DFD1E0F7BBF9D9E746
:1020E00030B584880368888809688B4274EB0005E2
:1020F00006DB5B1A64EB000400201360948030BDA3
:102100000120FCE7CB08C05C01F00701C84000F0EB
:10211000010070470123CA0801F007018B40815C70
:102120000B4383547047012210B5CC08035D01F0C6
:1021300007018A4023EA0203035510BD00220B4623
:102140001146E1F72DB808B502780B789A4208D10C
:10215000052201310130F8F70AFFB0FA80F040099A
:1021600008BD0020FCE700220B461146E1F7E0B86D
:102170000B4601220021E1F7DBB87047837AC3F3F5
:10218000C012C3F34011920142EA4112D2B203F0ED
:1021900001010A43C17AC90101F0800142EA01004C
:1021A000C3F34202C3F300131B0143EA4203DBB251
:1021B000184370471320E9F78FB9E2F709B90021F6
:1021C0000846E1F7FBBB01221146E1F76BBB13B5F3
:1021D0000446982000F065F8002100F07F038DF898
:1021E000063003060094ADF8041004D540F2CB117C
:1021F0001820E2F703FA6846E1F7B2FB02B010BD1F
:1022000013B50446982000F04CF80023ADF80430D4
:1022100000F07F038DF806300306009404D540F2E9
:10222000CB111820E2F7EAF901216846E1F798FBA3
:1022300002B010BD37B5002A08BF9822054690B2FB
:102240000C4600F02EF803060CD460F07F008DF8E9
:102250000600002168460095ADF80440E1F780FBD8
:1022600003B030BD6FF00500FAE737B5002A08BFAC
:102270009822054690B20C4600F013F803060CD4E1
:1022800060F07F008DF80600012168460095ADF8EA
:102290000440E1F765FB03B030BD6FF00500FAE7DD
:1022A0007047982881BFA4230B30B0FBF3F00130B6
:1022B0008CBFC0B20120704720B1A4226FF00B0385
:1022C00012FB0030704710B5044600B131B900234D
:1022D0006FF049023B21302000F021FF0422F8F783
:1022E0006DFE236823F07843236010BD08B518B94C
:1022F00045213020E2F782F909B14621F9E7036868
:1023000022F0784203F078431343036008BD08B518
:1023100020B940F27D113020E2F770F911B14FF48D
:10232000BF71F8E7006820F0784008BD08B520B913
:102330004FF4C8713020E2F761F911B140F2911108
:10234000F8E70068C00E08BD08B5034621B940F2A1
:10235000C3113020E2F752F970B1A0F11702082A38
:102360001AD8A0F11803072B1BD8DFE803F00407E5
:10237000090B0D0F11130223002010E00323FBE7CC
:102380000423F9E70523F7E70623F5E70723F3E737
:102390000823F1E70923EFE700236FF01B000B7020
:1023A00008BD0123E8E708B521B940F2D321302068
:1023B000E2F724F938B1173808284FF0000304D8A1
:1023C00018460B7008BD0B23FBE76FF01B00F8E706
:1023D00008B521B940F2DA213020E2F70FF9A8B1AF
:1023E000A0F11703082B14D81838072805D8DFE800
:1023F00000F007140907140B14141823002006E03A
:102400001423FBE70723F9E70823F7E71A230B70E8
:1024100008BD00236FF01B00F9E71A23EEE7F7B5BC
:1024200016461F46054620B94FF4A1713020E2F749
:10243000E5F811B140F24311F8E704680DF1070126
:10244000E00EFFF7C5FF10B140F24711EEE79DF82F
:102450000730B34210D3012124F07842B1404FB18C
:1024600022EA010204F0784422F0784214432C60FE
:1024700003B0F0BD0A43F5E76FF01600F8E737B593
:102480000C46054611468DF8072020460DF107023F
:10249000E2F74EF848B90CB1163CE4B200232146ED
:1024A00028469DF80720FFF7BAFF03B030BD37B5C7
:1024B0000C460DF106010546FFF775FF20B140F20D
:1024C0009F113020E2F79AF828460DF10701FFF737
:1024D0007FFF10B140F2A111F3E79DF806309DF89F
:1024E0000710994201D203B030BD24FA03F202F082
:1024F000010210440133C0B2DBB2F2E710B504466A
:1025000020B94FF4D9713020E2F778F811B140F2D8
:10251000B311F8E7FFF70AFF2168BDE8104021F08A
:102520007841FFF7C4BF0A460021FFF7DFBE002154
:10253000FFF7EDBE002108B5FFF7E9FEB0FA80F025
:10254000400908BD10B5044620B940F2FB213020F7
:10255000E2F754F804220021F8F73BFD236823F04A
:102560007843236010BD10B502B13BB900236FF072
:10257000490240F25131302000F0D1FDFF241470A7
:102580001C7060B1A0F11704082C3DD8183807283A
:102590000CD8DFE800F00F15181E22243137107018
:1025A000A1F10B020F2A22D8197020E0012018296E
:1025B0001070F8E7022038391070C9B21429F2E718
:1025C000032010701CE004201B39C9B210700729C9
:1025D000E9E7052023391070EFE70620F1E707202F
:1025E0001070A1F11B02D2B2824201D81A7010BD44
:1025F0003E29FCD10822F9E7082023391070C9B21E
:102600001A29D0E70920DCE740F2C3313020E1F796
:10261000F5FF08B500F00CF800F006F800F007F838
:10262000BDE8084000F02CB80020E1F7F5BF704786
:1026300070470E2910B513D1E1F7F0FB04462820AE
:10264000E6F7FAFA0B2363703423A37012230A22ED
:1026500000212070E370201DBDE81040F8F7B9BCE0
:10266000072909D1E1F7DAFB2023037004230522AF
:10267000437000210230EFE76821A220E1F7BEFF9E
:1026800070477047012307B50DF107008DF807303B
:10269000EEF778FC20B14FF49D717720E1F7AEFFA3
:1026A0009DF80730012B02D140F24111F5E703B04C
:1026B0005DF804FB08B5E1F793FA10F9010C08BDC9
:1026C00008B5E1F78DFA10F8020C08BD0021E1F71A
:1026D00007BE2DE9F04F054693B00F4690461E46C3
:1026E000FCF7E4FF4FF6DE71EA880346203A92B227
:1026F0008A4249D92A68013246D0A88830B300EB13
:102700000801994240D8072E40D908236A46384626
:102710000839CDF737FC0446002835D1009B5A1CF8
:1027200032D02A6893422FD1092E2FD9AE884FF686
:10273000FF7A0546043EBDF804B0B6B2AE4208D8F2
:10274000ABEB0A035C425C4104F0010013B0BDE84E
:10275000F08FA6EB05091FFA89F9B9F1400F28BFE0
:102760004FF0400938464B4602AA05EB0801CDF769
:1027700009FC0028E8D151464A4602A800F0EFF8CB
:1027800040358246ADB2D9E70020DFE70120DDE722
:1027900070B516464FF6FF72CB88054693420C463D
:1027A00001D01E2B11D1A388182B0ED10423324641
:1027B0000C212846CDF7E6FB30B9024629462046D3
:1027C0003388FFF786FF013870BD4FF0FF30FBE71D
:1027D00000226FF41061FE20E1F7C0BFF8B5069E3D
:1027E000BDF81C7014461D4632463B46CDF7CAFB69
:1027F000013001D1FFF7ECFF3B4632462946204627
:10280000CDF7ECFB013003D1BDE8F840E2F7BABBED
:10281000F8BD431E1E2B1CD8DFE803F01D13131B4D
:102820001B1B151B101017191B17171B1B1B131B2A
:10283000131B1B1B1B1B10101B1B13004FF6FF70E1
:102840007047002070470120704702207047032026
:102850007047E5F7BDB90420704708B5CDF75CF9BE
:1028600020B1BDE808400020E2F79AB908BD08B5DC
:10287000E2F72EFD0B20E5F753F80C20E5F750F8B2
:102880001F20E5F74DF8BDE80840E2F72FBD4FF6F1
:10289000FF73984210B5044608D0431C0BD0FF28A4
:1028A0000ED10820E5F70EFBC0B210BD1020E5F7F1
:1028B00009FB80B2F9E72020BDE81040E5F702BB34
:1028C0000028F2D02020E5F7FDFA4FF0FF33B3FBEC
:1028D000F4F3B0FBF3F08442E7D26D217B20E1F703
:1028E0008DFE4FF0FF30FFF7D2BF0B78C3704B78EF
:1028F00083708B784370CB780370704710B50C46AB
:1029000002220968F8F75AFB23680233236010BDDE
:1029100013B502220446ADF806100DF10601F8F7D2
:102920004DFBA01C02B010BD13B5ADF80610ADF8FC
:1029300004200DF1060102220446F8F73FFB0222B3
:1029400001A9A018F8F73AFB201D02B010BD10B580
:1029500004460822F8F732FB04F1080010BD38B530
:10296000034630B1024448F208440846934205D178
:1029700038BD40F23B117B20E1F740FE13F8011B0C
:102980004840082100F0010540080DB1604080B2C8
:102990000139F7D1EAE7421EC31D41F2055012F892
:1029A000011F00EB40109A420844F8D120F000408B
:1029B00070470023013900D270474354FAE70138C9
:1029C00001F1080311F8012B994200F8012FF9D108
:1029D000704708B5FF20FFF75AFFC0B208BD08B521
:1029E000EEF708FC30B1831C04D040F282417C2019
:1029F000E1F704FE08BD38B505460C46E1F7DAF804
:102A000020B90CB9002038BD2060FBE72846E1F76B
:102A1000D1F8032805D80CB90420F4E7002323607B
:102A2000FAE72846E1F7ACF804B120600078EAE75D
:102A300073B516461C460546019140B9FFF7BFFB2A
:102A4000054620B9B62140F2BB40E1F7D7FD019B16
:102A500053B94CB92846E1F749F928463146E1F720
:102A60003FFC204602B070BD211D2846E1F7E8F882
:102A7000042204460DEB0201F8F7A0FA284631467D
:102A8000E1F72EFC201DEDE7003A18BF012252426B
:102A9000FFF7CEBF70B50E4602211546E1F7BEF92D
:102AA000044630B13046E6F7C7F820700020657064
:102AB00070BD4FF0FF30FBE737B5044608460D46C2
:102AC000E6F7BAF88DF804002846E6F7D1F88DF855
:102AD000050020B9E52140F6C250E1F78FFD431E05
:102AE0000222206801A98DF80530F8F767FA2368FB
:102AF0000233236003B030BD37B5054608460C46A7
:102B0000E6F7B6F8811C2846E1F788F9019018B17C
:102B1000214601A8FFF7D0FF019803B030BD70B582
:102B200015461E460C4629B940F2231140F6C25004
:102B3000E1F764FD12B94FF49271F7E72921FFF72D
:102B4000DBFF2B7821460370337808224370BDE801
:102B500070400230F8F732BA13B5ADF806102F21E5
:102B6000ADF80420FFF7C8FF0DF10601022204466C
:102B7000F8F724FA01230222A37001A9E01CF8F758
:102B80001DFA02B010BD70B50C46002116461D4658
:102B9000FFF7B2FF067045702146BDE87040023075
:102BA000FFF7D5BE70B51E4615460C469DF8103091
:102BB00029B94FF4F87140F6C250E1F71FFD12B980
:102BC00040F2F111F7E75BB10121FFF795FF2146D4
:102BD000FFF7BDFE20222946BDE87040F8F7EEB9A8
:102BE000022E0CBF07210621FFF786FF2146FFF7C3
:102BF000AEFE022E14BF40222022ECE7012307B5CF
:102C000000930223FFF7CEFF03B05DF804FB08B585
:102C10000221FFF771FF4523037008BD37B50C464D
:102C20000168054611B9002003B030BD022201A899
:102C3000F8F7C4F99DF805302278D91C8A4208D3E8
:102C40002A68C3F1FD030A442A60227813442370E2
:102C5000E9E74FF0FF30E7E7002330B585B00546E0
:102C600001918DF80320039369B94FF42D7140F65B
:102C7000C250E1F7C3FC2846E5F7DEFF9DF80830B7
:102C8000834218D003949DF80330A3B10222019926
:102C900002A8F8F793F9042203A80DEB0201F8F754
:102CA0008DF90DF1030101A8FFF7B8FF04460028D4
:102CB000E1D000230393039805B030BDF8B5069F1B
:102CC0000E4614461D46014628B940F2E62140F65C
:102CD000C250E1F793FC32462920FFF7BDFF68B1EF
:102CE00064B15DB157B18378011D2B70C3780822A0
:102CF00020463B70F8F762F90020F8BD4FF0FF3036
:102D0000FBE7F8B516460A4601462F201D46069FEA
:102D1000FFF7A2FF044680B17EB175B16FB1022208
:102D200081183046F8F74AF92379022238462B7089
:102D3000611DF8F743F90020F8BD4FF0FF30FBE7C5
:102D400013B514460A4601462E20FFF785FF70B1E1
:102D50006CB1022281180DF10600F8F72FF900205E
:102D60002388BDF806201343238002B010BD4FF026
:102D7000FF30FAE710B514460A4601463220FFF745
:102D80006BFF38B134B1022281182046F8F716F9EA
:102D9000002010BD4FF0FF30FBE710B514460A4687
:102DA00001462C20FFF758FF38B134B1811C0422B2
:102DB0002046F8F703F9002010BD4FF0FF30FBE785
:102DC00010B514462AB940F2D33140F6C250E1F7AB
:102DD00015FC0A4601462B20FFF73EFF30B10222C8
:102DE00081182046F8F7EAF8002010BD4FF0FF30B8
:102DF000FBE710B514460A4601462D20FFF72CFFCD
:102E000038B134B1811C10222046F8F7D7F80020E1
:102E100010BD4FF0FF30FBE770B51D469DF8143034
:102E200004461646BBB99DF81030022B1CD1072072
:102E30000A462146FFF710FF417804460131C9B226
:102E4000272914D926B1811C08223046F8F7B6F894
:102E50001DB9002070BD0120EAE72022284604F1B8
:102E60000A01F8F7ABF8F4E76FF01B00F2E74FF058
:102E7000FF30EFE713B54FF0010C0224CDE9004C11
:102E8000FFF7CAFF02B010BD38B514460A46014626
:102E900000201D46FFF7E0FE70B125B183782B704E
:102EA000C278049B1A700CB9002038BD011D08229D
:102EB0002046F8F783F8F7E74FF0FF30F5E710B555
:102EC0000C4629B940F22C5140F6C250E1F796FB6E
:102ED0003221FFF711FE2146BDE810400222F8F72B
:102EE0006DB810B50C4629B940F23F5140F6C250BA
:102EF000E1F784FB2C21FFF7FFFD2146BDE81040E0
:102F00000422F8F75BB810B50C4629B94FF4AA6152
:102F100040F6C250E1F772FB2B21FFF7EDFD214691
:102F2000BDE810400222F8F749B810B514460A4629
:102F300001462A20FFF790FE40B1437833B10222C8
:102F400081182046F8F73AF8002010BD6FF01B00FA
:102F5000FBE72DE9F043022785B0ADF80610511CC0
:102F600001EB4101C9B28DF80910033116461C4628
:102F70008DF80870E0F752FF054628B940F28B51F2
:102F800040F6C250E1F73AFB3A4602A9F8F716F8C4
:102F90000DF106013A46A81CF8F710F8FF232B7133
:102FA0000023BDF8060003A90393FEF783FC10B9C4
:102FB000039BDB782B716E71063506B134B10027A7
:102FC000B946BE4205D805B0BDE8F0834FF4B561FF
:102FD000D6E7208803A9CDF80C90FEF76BFC68B902
:102FE000039B93F80380214628460222F7F7E6FF69
:102FF000033505F8018C01370534E2E794F9021036
:10300000E078FEF733FC8046EDE770B50E461F21F1
:103010001C461546FFF770FD9DF810300670457090
:103020008470C37070BD10B514460A4601461F2057
:10303000FFF712FE68B143780133032B09D9837877
:103040002370C37863700379A37043790020E37021
:1030500010BD4FF0FF30FBE7F8B515460A460146B4
:103060002020FFF7F9FD044610B94FF0FF30F8BDFE
:1030700043780133032BF8D9022281182846F7F749
:103080009DFF2379A61DAB706379EB70627803EB2B
:103090004303033A9A42E8D100242F1DEB789C4267
:1030A00001D20A2C01D10020E1E731463846022244
:1030B0000336F7F783FF16F8013C0134FB70053740
:1030C000ECE7F8B50D4616460A4601461E201F4697
:1030D000FFF7C2FD10B94FF0FF30F8BD437802335F
:1030E000AB42F8D28378013D33700233B5EB430F26
:1030F00000F10304EFD9002507E0214607EB850026
:103100000422F7F75BFF043401353378AB42F4D87F
:103110002278069B00201A70DFE7FCF7C5BA1FB5BE
:103120000C46ADF804001146FF2001AACDE9024388
:10313000E1F714FB2F2140F66200E1F75FFA0A463F
:103140000146022000F006B8E5F7C6BADEF774BE05
:10315000D5F754BB73B50E461546044601A8FFF7D4
:10316000F1F9314601A8FFF7DEF92A46204601A908
:10317000E5F700FF02B070BDE6F762BA08B5E4F704
:1031800037F8E7F751F8DEF757FE032801D0D5F7F7
:1031900097FAD5F795FA0020E8F79EF9002008BDC8
:1031A00070B506460C46154692B105212046E0F75B
:1031B00047FD294605602046E1F792F82146304652
:1031C000E4F76EFFBDE870404FF6FF70F0F7DEBC2D
:1031D0000846E0F7D5FCECE713B503880446023354
:1031E0000A46038002210DF10600CCF783FF58B98F
:1031F000BDF80620D10742BF23885B3323809307A5
:1032000042BF23889333238002B010BDFF2313B540
:1032100014468DF806308DF807300DF106020DF1D9
:103220000703FFF7A0F99DF806307BB99DF807303A
:10323000FF2B0BD00B3BDBB20121204603F1140224
:103240008DF80730CCF756FF02B010BD6FF01600B6
:10325000FAE7FF2313B58DF806308DF80730431ECB
:103260001A2B144603D86FF0160002B010BD0DF1F2
:1032700007030DF10602FFF776F99DF806302BB132
:10328000053BDBB2FF2B8DF80630ECD09DF8071024
:10329000FF29E8D003EB4303243103EBC3030B44C2
:1032A000204601219AB2CCF725FFDEE7FF2313B5B4
:1032B00014468DF806308DF807300DF106020DF139
:1032C0000703FFF750F99DF80630FF2B0FD09DF84C
:1032D0000710FF290BD003EB4303383103EBC30383
:1032E0005A1820460121CCF705FF02B010BD6FF03F
:1032F0001600FAE72DE9F7438846182116460546D9
:10330000E0F798FE0C2104462846E0F799FC0746B2
:1033100008222146F7F752FE237A02223B7204F17B
:103320000A0107F10900F7F749FE237B04F10D09B3
:10333000012BFB7214D102212846E0F76FFD022217
:103340004946F7F73BFEFE22C6F12200E38A2946F2
:10335000009280B2424600F0BDF803B0BDE8F083B1
:10336000032B0BD109212846E0F758FD0746082218
:103370004946F7F723FE637D3B72E4E7682140F698
:103380002C00E1F73BF90021E7F7D4B80121E7F77A
:10339000D1B80122FFF7AEBF0022FFF7ABBF2DE986
:1033A000F047202192B00446E0F744FE4FF6F77351
:1033B000B0F8032005469A42B0F80180204605D8AF
:1033C0002B7813F00C0FC3F3810704D012B0BDE8C3
:1033D000F047E0F781BBE0F7D3FB90F8009006469A
:1033E0002046E0F7E7FB012814D880270221204679
:1033F0002D78E0F725FC6D0980F800904770424673
:10340000214648F22B0005F00103E7F79FFE12B0BA
:10341000BDE8F0872046E0F7CDFB411E01AAC9B206
:10342000701C00F0E3FE0028DFD13E460DF1050AD6
:103430009DF80430B342D9D95046D5F7D3FD0136B3
:103440000AF1080AF4E72DE9F0410F46202104466D
:10345000E0F7F0FD054606782046E0F791FB0221F3
:1034600090F800802046E0F7EBFB760980F80080BA
:1034700047702146B5F8012006F0010348F220000C
:10348000BDE8F041E7F762BED5F784B9D5F782B958
:1034900008B5D5F77FF9BDE80840D5F745B9F8B5C7
:1034A0000F460B2114460646E0F7C4FD0546E5F736
:1034B0001FFDE5F7B9FDAB7AA40144EAC71403F098
:1034C0003F031C432881AC723046BDE8F840002120
:1034D000E9F700B92DE9F843884606461D21404624
:1034E0001F4691469DF82050E0F7A4FD1D220021C3
:1034F0000446F7F76EFD4FF6F7739F42278016D804
:103500000423394630462374EBF740FE022248B9C3
:1035100048F23B039E42E27327D06681FE2D08BF2E
:1035200001250EE0237C43F001032374F0E702231E
:10353000E37348F23B039E420AD06681FE2D00D120
:10354000FF252A4649464046BDE8F843E7F7F0BE66
:103550004FF6FF739F424FF03B0301D10122A2734C
:10356000A3726FF07F03E372E8E73B23A3726FF06F
:103570007F03E372D2E72DE9F0410D4607461D2196
:10358000284698461646E0F755FD04461D220021C0
:10359000F7F71FFD414608222046F7F70FFD0323EA
:1035A000E37304236781237431462846BDE8F04164
:1035B0000122E7F7BDBE1020704710B50446E0F7C2
:1035C000DFFA43783BB94089E0F7D8F82046BDE8F8
:1035D0001040E0F781BA4FF6FF70F5E77FB50E4671
:1035E00006210446E0F726FD034600680421029008
:1035F0009B882046ADF80C30E0F722FB05460DF124
:103600000A010222F7F7DAFC01209DF80C3032465D
:10361000AB709DF80D302146EB70BDF8083000907E
:10362000FFF758FF04B070BD30B585B00D460446B5
:10363000E0F7A6FA03880DF10E010222ADF80E3074
:10364000F7F7BCFCFE232A4600932146BDF80E3056
:103650000420FFF73FFF05B030BD30B585B00D4603
:103660000446E0F78DFA03880DF10E010222ADF851
:103670000E30F7F7A3FCFE232A4600932146BDF83F
:103680000E300520FFF726FF05B030BD2DE9F743CA
:1036900006460F46E0F774FAC379847980461C44E5
:1036A00064000A3421463046E0F7C4FC0546224651
:1036B0004146F7F783FCEB79A97930461944033189
:1036C0004900E0F7BDFA0222A9180446F7F776FC94
:1036D00002224FF00008A018291DF7F76FFCAB7904
:1036E00005F1080923710534AB79434519D84FF02A
:1036F0000008EB7904F8013BEB7909EB48014345FD
:103700001AD84FF6F7722B88314693428CBFFF22AE
:103710000122062000923A46FFF7DCFE03B0BDE826
:10372000F083494620460222F7F748FC023409F1AB
:10373000020908F10108D7E720460222F7F73EFC0C
:10374000023408F10108D7E7034670B508461C4665
:1037500000218842264614F8015B09D8AA4206D007
:103760001C18E51AA94207D301303270C0B270BDEF
:10377000AA42F3D90131ECE714F8015C04F80159CD
:10378000EFE770B50646E0F7FBF9057904463046E9
:10379000E0F710FA0538854219D10DB9002070BD47
:1037A000072D14D9E37A5A0002F108018D420ED395
:1037B00004F10C0111F8136033445B0008339D429F
:1037C00005D104F10D00F7F7E2FB2673E6E76FF091
:1037D0004400E4E738B50D4604460222F7F7EEFB55
:1037E000AB780222A370E91CE01CF7F7E7FB6B79CA
:1037F00002226371A91DA01DF7F7E0FB022205F16B
:10380000080104F10800F7F7D9FB022205F10A01CB
:1038100004F10A00F7F7D2FB2B7B237338BD022299
:10382000F7F7CCBBF7B50E46054600270822F7F799
:10383000C5FBB379AB71F379EB718DF80730B479CF
:10384000A74212D33F1BB379F279E01913449C428B
:10385000C0B216DBAB79012205EB43000DF1070185
:103860000730F7F7ABFB03B0F0BD391D05EB4100A6
:10387000022206EB410101380137F7F79FFBFFB247
:10388000DDE7211D0430022206EB410105EB40007B
:103890000134F7F793FBE4B2D5E7F8B507460D46D8
:1038A00016460024A64202D805EB4600F8BD05EBFB
:1038B000440107EB44000222F7F780FB0134F1E7F3
:1038C0002DE9F04320218BB00446E0F7B3FB02AAB8
:1038D0000346174600F12006154618685968083354
:1038E00003C5B3422A46F7D100232046ADF8023083
:1038F000E0F746F906462046E0F75CF996F80190B5
:1039000096F80080B9F1000F4FD1851EEDB2023656
:1039100029463046E5F7BAF9002844D129460DF189
:1039200002023046FFF701FB2946304601AAFFF7A5
:103930007AFBC0BB38212046E0F7AEFB06462046A6
:10394000E0F71EF9B21C29463A30FFF785FB064620
:1039500048BBA91C2046E0F70DFA06212046E0F7F7
:103960005DFA2046E0F70CF9042205460DEB020152
:103970003830F7F723FBBDF802306E70AB8720219B
:10398000204685F80080E0F755FB20223946F7F7FE
:1039900015FB2046E7F770FC10B12046E0F79CF8D5
:1039A0000BB0BDE8F0834FF08F093E212046E0F7D1
:1039B00047F905463E220021F7F70BFB85F80190F9
:1039C000DDE737B5C50E04460DF106012846FEF7C2
:1039D000EAFCC8B928460DF10701FEF7F9FC98B9D1
:1039E00024F07842531E234033F078430ED19DF8E3
:1039F000063032FA03F309D001239DF807108B40FB
:103A00009A4288BF6FF0090003B030BD6FF0090023
:103A1000FAE730B52A218DB00446E0F70BFB2A22E5
:103A2000014601A8F7F7CAFA0B212046E0F708F98A
:103A3000054601A90B22F7F7C1FAA97A79B139290C
:103A400005D940F2173144F68360E0F7D7FD2046F0
:103A5000E0F7E4F9AA7A0DF10F01F7F7AFFA0023C6
:103A6000214648F2390048F238049DF82C50BDF840
:103A70002A209D4208BF2046E7F768FB0DB030BD05
:103A80002DE9F04F89B00446E0F77AF80546202189
:103A90002046E0F7CFFA2B786E780393731E0A2B3B
:103AA000029024D94FF0FF3564B3029BB3F8032092
:103AB0004FF6F7739A4222D8029B2A212046B3F888
:103AC0000170E0F7B7FA06462A220021F7F781FADB
:103AD000039B003D18BF012533700123ED012046F3
:103AE0007570F78486F82830FFF793FF0AE02046C8
:103AF000E0F760F8B60006F1020B584505D2204603
:103B0000DFF7EAFF09B0BDE8F08F4FF004080222AA
:103B10006B78204618FB0323EF5C05F10209FE2FAA
:103B200005EB030A1CD1E0F745F803368642E6D8D8
:103B30006B78012BB6D14246494607A89AF8015046
:103B4000F7F73CFA0798E8F757FF0028D7D007980F
:103B500030F07843D3D02946E8F7CEFF0546A3E7F7
:103B6000FF2F1BD1E0F726F80436B042C7D34246F8
:103B7000494607A8F7F722FA00266B78B3422AD8FD
:103B800002220DF116000AEB0201F7F717FABDF851
:103B90001620687806A9E8F745FFDFE7E0F70AF89E
:103BA0008345ACD8052F3FF67DAF6D78012D7FF4AE
:103BB00079AF9AF801604246494607A8F7F7FEF93F
:103BC000009533463A4620460799E8F7BFFE05467A
:103BD000002897D068E7042207A906A8F7F7EEF9AE
:103BE0000136CAE7E9F7D0B8F7B520210446E0F777
:103BF00021FA0778B0F8016005462046DFF7DAFFC2
:103C0000012805D8204603B0BDE8F040DFF764BFC7
:103C10004FF6F773B5F803209A42F3D82B7813F0D8
:103C20000C0FEFD12046DFF7ABFF0146012211F860
:103C3000015B01A8F7F7C2F905212046E0F700F87B
:103C400084230570437003212046E0F793F8324641
:103C5000214648F23200C7F3401303B0BDE8F040FC
:103C6000E7F774BA0020E9F74DBE2DE9F0410026D0
:103C70008CB004AF04460D460093CDE901661346AF
:103C800003970A4601460820FDF7E9FE10230DF1CF
:103C900020082A462146039308203346CDE90178BF
:103CA0000096FDF785FF082241461298F7F786F93E
:103CB0000CB0BDE8F081F0B51D469B7A0446012B9F
:103CC00008461646A3B00DD0022B31D0022C07D0E7
:103CD000402102A8DEF796FB4FF0FF3023B0F0BD85
:103CE0002021F6E7002112AF02461023204600975C
:103CF00000F0E4FE0028E9D13946204600F068FED5
:103D00000746022C0CBF2021402102A8DEF77AFBD7
:103D1000002FE1D105F18C0266B105F10C032046BC
:103D200002A900F060FE003818BF01204042D5E72C
:103D30000121D8E705F14C03F1E7F8B507460E4637
:103D4000E5F776FA0546EAF745FA0446D4F700FDAA
:103D500030B927B11EB115B984F00104E0B2F8BD45
:103D60000020FCE738B509210446E0F763F9054671
:103D7000D4F7EEFC10B9287AEAF7ECF92046BDE852
:103D80003840DFF7A9BE48B10023C25C12B9013345
:103D9000102BFAD1103B5842584170470120704710
:103DA00038B50C4602210546EAF790FB30B9611E92
:103DB0002846BDE83840C9B2EAF788BB38BD0221C1
:103DC00010B50446EAF782FB014620B92046BDE85B
:103DD0001040EAF77BBB10BD10B5EBF755F8044671
:103DE00038B1E0220021F7F7F4F8FF2300206370D8
:103DF00010BD6FF01B00FBE713B504460146684693
:103E0000DEF734FF6846EAF7D3FF2046FFF7E4FF0A
:103E100002B010BD70B58CB00646DFF7B1FE1822B7
:103E2000044600210DEB0200F7F7D3F823788DF854
:103E3000183063788DF819306BB93046DFF7BAFE69
:103E4000851E0234EDB229462046E4F71FFF68B113
:103E500080238DF8193018213046DFF7F1FE182243
:103E60000DEB0201F7F7AAF80CB070BD9DF8193000
:103E7000002BF0D12946204603AAFEF77BFFB0B9FC
:103E8000BDF80C20D101D301C9B203F4807341F015
:103E90000101D20102F400720B431343BDF81A2052
:103EA00022F4607222F001021343ADF81A300DF1D2
:103EB0001D0300932946204607AB04AAFEF7FEFE29
:103EC00028B99DF81A3043F002038DF81A300BAB75
:103ED0000093294620460DF12A030DF10E02FEF74C
:103EE00010FF28B99DF81A3043F040038DF81A30BE
:103EF0002946204609AAFEF750FF28B99DF81A3036
:103F000043F010038DF81A302946204608AAFEF720
:103F100057FF28B99DF81A3043F008038DF81A307E
:103F2000294620460DF11E02FEF7FFFF28B99DF835
:103F30001A3043F004038DF81A30294620460AAAA5
:103F4000FEF7FEFE002886D19DF81A3043F02003CC
:103F50008DF81A307FE770B50D4602210646EAF764
:103F600037FD4FF6FF739842044605D100213046D5
:103F7000EAF72EFDA04216D0E1F70CFC28B941F675
:103F8000C50140F6A410E0F739FB90F82930DB07B3
:103F90000CD40DB9002070BD00F118011022284684
:103FA000F7F70CF8F6E74FF0FF30F4E76FF01B007F
:103FB000F1E770B586B00646DFF7E2FD0C22044655
:103FC00000210DEB0200F7F704F823788DF80C3090
:103FD00063788DF80D306BB93046DFF7EBFD851E49
:103FE0000234EDB229462046E4F750FE68B1802342
:103FF0008DF80D300C213046DFF722FE0C220DEB40
:104000000201F6F7DBFF06B070BD0DF11703009358
:10401000294620460DF116030DF10E0200F08EF92F
:104020000028E4D1E6E770B520210446E0F702F865
:104030004FF6F773B0F80320B0F801509A4202D857
:1040400003789B0604D42046BDE87040DFF744BDEA
:104050002046DFF795FD022106782046DFF7F0FDC8
:104060008D23067043702A462146BDE87040012327
:1040700048F24200E7F76AB8F8B50C46054620B9A1
:1040800040F20E316D20E0F7B9FA11B940F20F316C
:10409000F8E74378013313F0FF0302D14FF0FF300C
:1040A000F8BD8278013BB3EBC20F0A70F6D1082A43
:1040B000F4D800264F1C2278F3000133B242DBB261
:1040C00001D80020ECE7023338460822E918F6F759
:1040D00075FF01360837EEE7FEF799BD70B5044667
:1040E0000D461646E4F7D2FD30B932462946204641
:1040F000BDE87040FEF77DBE70BD73B514466A46DC
:1041000005460E46FEF736FE98B92070BDF8000051
:10411000C04300F00100E8F7BBF9BDF80000C0F3B0
:104120004000E8F72FFABDF80000C0F38000E8F780
:1041300047FA3146284601AAFEF72FFE18B96070EB
:104140000198E8F765FA314628460DF10202FEF7BC
:1041500037FE20B9A070BDF80200E8F769FA02B096
:1041600070BDF8B50B780D468A784978B3F1D6045E
:1041700018BF0124D629064628D0D62A04F1010406
:1041800026D102213046DFF749FE07462720E4F713
:1041900053FD63003870012130467B70DFF73EFE2F
:1041A00018B304702A78D62A19D16A78D62A04D08E
:1041B0002C213046FEF76EFCB8B9AA78D62A14D066
:1041C0003046BDE8F8402B21FEF764BCD62A02D069
:1041D0000134E4B2D5E7D62B07D00124D1E7322150
:1041E0003046FEF757FC0028DFD0F8BD0B4610B56F
:1041F0000146144650B14AB11A460320FEF72CFD81
:1042000020B12146BDE81040FFF736BF4FF0FF3028
:1042100010BD0B4610B50146144650B14AB11A46BE
:104220000420FEF719FD20B12146BDE81040FFF73C
:1042300023BF4FF0FF3010BD73B50C4691F83B30F3
:104240000546009391F83A3091F8392091F83810EA
:10425000FEF7DBFE66792846052E28BF0526DFF728
:10426000A9FC2A20E4F704FD324628466188A31DF4
:1042700002B0BDE87040FEF76CBE70B50C46164645
:104280001D46014610B94FF0FF3070BD002AFAD02C
:10429000002BF8D022462120FEF7DEFC0446002841
:1042A000F1D0811C08223046F6F788FE0822284605
:1042B00004F10A01F6F782FE0020E6E72DE9F84353
:1042C0000A9F0C46DDE9089816461D46014618B9B6
:1042D0004FF0FF30BDE8F883002AF9D0002BF7D06B
:1042E000B9F1000FF4D0B8F1000FF1D0002FEFD0EA
:1042F00022462220FEF7B0FC04460028E8D0811CAC
:1043000008223046F6F75AFE082204F10A01284630
:10431000F6F754FE042204F112014846F6F74EFE69
:10432000042204F116014046F6F748FE08223846FA
:1043300004F11A01F6F742FE0020CBE7F8B5069F1C
:104340000C4616461D46014610B94FF0FF30F8BD29
:10435000002AFAD0002BF8D0002FF6D022462420D5
:10436000FEF77AFC04460028EFD0811C0822304674
:10437000F6F724FEA37A00202B70E37A3B70E6E781
:1043800038B50C4605460821DFF786FE082221468F
:10439000F6F714FE2846DFF70DFC022104462846F6
:1043A000DFF77AFE013C054644702520E4F744FC23
:1043B000287038BDF8B50446DFF7E2FB0546204615
:1043C000DFF70EFC06462046DFF7F4FB2946C2B2B3
:1043D0002520FEF741FC20B940F2D1416D20E0F7E5
:1043E0000DF98542477801D8864202D840F2D7417C
:1043F000F4E7411B2046DFF7E3FC2046DFF7DAFB5A
:10440000C11B03392046BDE8F840DFF7B3BC10B547
:104410000446FFF7CFFF2046BDE810400A21DFF732
:10442000CFBCF8B506460F461546E4F72FFC044608
:1044300038B93A4631462620FEF70EFC18B183788B
:104440002B702046F8BD6FF01B04FAE738B50C4618
:1044500029B94FF4C47142F6BD10E0F7CFF80079E6
:10446000EBF7ECFA05462079EBF7E8FA854294BFC2
:104470000020012038BD152108B5DFF7DBFD407AAB
:1044800008B9002008BDC7F7C1F90028F9D0B0F875
:104490000100B0F5827F0DD040F20913984209D097
:1044A0004CF25E03984205D04AF2E013C31A584218
:1044B0005841E7E70120E5E710B5152186B004462D
:1044C000DFF7B8FD152201466846F6F777FD1021A3
:1044D0002046DFF7AFFDDDF80F3003609DF80930AF
:1044E00083739DF8083003719DF80E30032B0ED1B5
:1044F0004371082269460630F6F760FD2046C7F78B
:10450000D7F910B12046DFF7E7FA06B010BD002357
:104510004371BDF80030C380F0E710B52021044698
:10452000DFF788FD47F60172B0F80B3093422FD0C9
:1045300009D8EBB16FF480721344072B13D82046CF
:10454000EBF7DAFC17E04FF6FF7293421BD04CF208
:104550005E029342F3D04CF25D229342EFD04AF2D6
:10456000E0129342EBD02046BDE81040DFF7B4BA2A
:104570002046EBF73FFC0028F5D06CB12046BDE8A3
:104580001040DBF73DBEC379002BF1D0F02BD6D124
:104590002046EBF741FCEEE710BD1520EBF78EBF90
:1045A00008B5DFF7EDFA037802469906C3F3401029
:1045B0000CD403F00303012B08D193780E2B04D005
:1045C000113B012B94BF0020012008BD0120FCE716
:1045D00070B504460846DFF7D3FA054601460222C5
:1045E0002046F6F7EBFCAB78EE1C2372C3F3810395
:1045F000032B05D102223146A018F6F7DFFC6E1D11
:1046000031460222201DF6F7D9FC0222A01DB11866
:10461000BDE87040F6F7D2BC30B5054687B001461C
:10462000684600F02AF89DF8174002342B5D2A19DD
:1046300013F007030EBF012303EB43030233D15CE6
:1046400001F00702C1F3021041EA111149070FBF3F
:10465000012202EB80025200013218BFD2B2E018F0
:10466000104407B030BD07B50DF10700CBF70EFAC7
:104670009DF9070003B05DF804FB70B5044686B0F1
:10468000182201910D460021F6F7A3FC02220199A0
:1046900004F11400F6F792FC019B9A1C01929A789F
:1046A00003330193637DA27513F00C0FC3F38106EE
:1046B00052D0C3F30112022A1ED1227D52061BD50D
:1046C000032E4FEA931316D1092222FA03F3DB07D4
:1046D00004D401A904F11200FEF710F9082201998F
:1046E00004A8F6F76BFC204604A9FEF768F9019BC5
:1046F000083301930FE023B101A904F11200FEF782
:10470000FDF8022EEAD101A90DF10E00FEF7F6F830
:10471000BDF80E302380637D9E0932D0227DC3F325
:104720000111022902F040021BD182BBC3F38103B5
:10473000032B17D1032E15D1638A238208220199F6
:1047400004A8F6F73BFC04A904F10800FEF737F9CA
:10475000019B0833019314E04FF6FF7326806382B8
:10476000D9E7A2B901A904F11000FEF7C7F8022E9B
:10477000E4D101A90DF10E00FEF7C0F8BDF80E302E
:1047800023810198401BC0B2E07506B070BD638AFA
:104790002382ECE710B504460846DFF7F1F901463D
:1047A0002046BDE81040FFF768BF08B552B1E8B138
:1047B00049B1831E012B0FD94FF48F7140F229109C
:1047C000DFF71CFF90B1831E012BF5D8032814BF1F
:1047D00007200D2021B908BD032814BF05200B2098
:1047E0008B1E012B04D940F22F11E7E70320F1E7DC
:1047F000032914BF04300A30C0B2ECE738B50C46C8
:10480000054600B141B900236FF049024FF4A6718B
:1048100040F22910FEF783FC02221431F6F7CEFB9A
:10482000A37DAB70637D13F00C0FC3F3810216D12F
:10483000E81C637D9B0911D0227D520607D40246F5
:10484000218A02F8021B218A090A41701046022BB4
:104850001CD12389037023891B0A437038BD638AE6
:10486000022AEB70638A4FEA13232B7106D1238847
:10487000E81D6B7123881B0AAB71DAE70822214619
:10488000681DF6F79BFB05F10D00D2E70822A11881
:10489000BDE83840F6F792BB032908B505D940F2C8
:1048A0008B1140F22910DFF7A9FE437803F03F0394
:1048B00043EA8111417008BD032908B505D940F2CA
:1048C000991140F22910DFF799FE437823F00C0389
:1048D00043EA8101417008BD1FB503461446D01C50
:1048E0005A7D01919209032A4FF008020CD19918C0
:1048F000F6F764FB019B1A78022A09D04FF4DA71AB
:1049000040F22910DFF77AFE0021F6F762FBF1E7AB
:10491000013301A90DF10E000193FDF7EFFFBDF882
:104920000E302380019B1B78A37004B010BD2DE9CD
:10493000F3410D4616461F468046DFF721F904462F
:104940004046DFF737F93346C1B22A462046009782
:10495000EDF756FD02B0BDE8F0812DE9F0411746B4
:1049600000228EB006460C46104611469846FFF7C8
:104970001CFF00210546024604A8F6F72AFB022286
:1049800000210DA8F6F725FB003C18BF01249DF877
:10499000341004A821F0170141EA041141F002018A
:1049A0008DF8341008A98DF83670FFF727FFE4F76B
:1049B000BFF90023CDE902339DF850302A46CDE9F6
:1049C000008304A93346EDF7E1FC0EB0BDE8F081A9
:1049D000022808B504D1084600F038F9002008BDC7
:1049E0004FF0FF30FBE710B50446022C0846114695
:1049F0001A4603D100F02CF9002010BD6FF0220000
:104A0000FBE710B40446022C084611461A4603D1AF
:104A10005DF8044B00F03AB96FF022005DF8044BEA
:104A2000704708B5FDF77BFA013808BDF0B5962B45
:104A300007460C4616461D46B7B005D94FF4ED7132
:104A400040F60420DFF7DAFD0F292ED810220021CE
:104A50006846F6F7BEFA224639466846F6F7AEFAD9
:104A60000DF1100C0CA96846102264460F4610F890
:104A7000013B013A83F05C0E83F036030CF801EB46
:104A800001F8013BF3D12A46314610A8F6F796FA11
:104A9000384608AA05F11001FFF7C3FF60B92021CD
:104AA00020463C9AFFF7BDFF06E01029D3D06A46A6
:104AB000FFF7B7FF0028D3D037B0F0BD10B50446DC
:104AC000022C084611461A4608D1029B00F088F9CC
:104AD000044608B9EBF7C2FE204610BD6FF0220471
:104AE000FAE71FB5079C0294069CCDE900341346F3
:104AF0000A46022100F096F904B010BD00F0EAB9B0
:104B000000F010BAF0B500240D1B012D146001D87F
:104B1000002016E090F90130002BF9DB035D071946
:104B20007F7803F07F06DB0943EA47037E3BDBB275
:104B3000012B05D9B31CAB42EAD802343444E3E775
:104B40000120F0BDF0B500254E1B012E15601ED9C9
:104B500043195C7893F90130475D002B05F102059C
:104B60000ADB640044EAD714E4B207F07F0315605F
:104B70007F2C0AD10120F0BD230203F4E063C4F3CB
:104B8000C3043B4315600F2CF3E7B34201D9002067
:104B9000F1E71D44D8E702292DE9F843164602D86B
:104BA0000020BDE8F88303781B2B4DD14378192BE7
:104BB0004AD183784A2B47D14718C41C3B1BDBB230
:104BC000012B03D8E31B58425841EAE7A04618F8E6
:104BD000025B05F03F09A7EB08034B454FEA95152B
:104BE000DEDB012D2AD0022D10D055BBB9F1090F03
:104BF00027D90123414606F112003374FDF7DFFE89
:104C0000022204F10A0106F11A0014E0B9F1120FB0
:104C100017D9012333700F232A4604F1110133728F
:104C2000C6F8048006F10A00F6F7C8F92A4604F12E
:104C3000130106F10C00F6F7C1F902E03577A3780D
:104C4000737708EB0904B9E70120AAE7EBF70CBE7C
:104C5000F8B5074602200C461646EFF745F905461B
:104C6000394602462046F6F7A9F92378013D23F09C
:104C700007032370635D214603F07F0343F0400385
:104C800063553046BDE8F840EBF7E2BD13460A46EF
:104C90001946CBF7F3B808B5FAF703FD002008BDB5
:104CA00008461146FAF7FEBC2DE9F0430F4685B0E1
:104CB00020210446DFF7BEF948F23402B0F809308B
:104CC000054693423BD12046DEF75AFF48F20203E5
:104CD000B5F809209A4209D12046DEF751FF437802
:104CE00023B9427A41894088D5F744F848F236031F
:104CF000B5F809209A4206D12046DEF741FF4178F7
:104D00002046DFF7EDFA48F24203B5F809209A424F
:104D100002D12046FFF74DF948F24403B5F80920C7
:104D20009A4202D12046FFF775F82046E6F7A4FA2A
:104D3000B0FA80F04009387005B0BDE8F08383F424
:104D40000043012BC2D82046DEF71AFF43780646FF
:104D5000002BBBD100F10209494602A806F10A085E
:104D6000FDF72DFE022241460DF10600F6F726F969
:104D7000082248460DEB0201F6F720F902224046D0
:104D80000DF10601F6F71AF94FF6F773BDF8062094
:104D90009A429BD848467189DEF750FC96E72DE988
:104DA000F0470F4620210446DFF744F90221B0F80E
:104DB000018090F817900678B0F809502046DEF789
:104DC0003FFF760945F4004580F800904770424661
:104DD0002146284606F00103BDE8F047E6F7B6B9DC
:104DE00038B505461C46084611461BB95C213C20D7
:104DF000DFF704FC25B1012D0ED04FF0FF3038BD98
:104E00001A46FFF70EFE0028F9D110222146A018FD
:104E1000F6F7D4F80020F2E71A4600F0ABF80923C1
:104E20002370F7E72DE9F04701280E46DDE908A9D0
:104E300015461F460A9C4AD88B1E012B47D80832BC
:104E40000AF1080112F8013D11F8010D1B1A01D1F8
:104E50009542F7D1002B4FF0080204F108081DDA43
:104E600029462046F6F7AAF8022E14BF4025202531
:104E700039462A464046F6F7A1F805F1080008220F
:104E800051462044F6F79AF82A46494605F11000A3
:104E90002044F6F793F80020BDE8F08751462046FD
:104EA000F6F78CF8022E14BF4026202649463246DB
:104EB0004046F6F783F806F1080008222946204408
:104EC000F6F77CF83246394606F11000E0E74FF07D
:104ED000FF30E1E7F0B516461D460446A5B0202296
:104EE00068462A9FF6F76AF85022314608A8F6F776
:104EF00065F8202229461CA8F6F760F82CB1012C91
:104F000009D04FF0FF3025B0F0BD3A4690216846F9
:104F1000FFF787FDF7E768463A46902100F02AF848
:104F20000020F0E770B504461D4601238CB008460A
:104F30008DF80F30114634B19C420BD04FF0FF3446
:104F400020460CB070BD00950DF10F02FFF76EFD0D
:104F50000446F5E704AE234600960DF10F0200F07B
:104F600013F804460028EBD1102231462846F6F704
:104F700025F8E5E710B40446002310460A4621460A
:104F80005DF8044BEFF7AABB2DE9F041A02B0646D4
:104F90000C4617461D46D8B004D9432140F6AC5004
:104FA000DFF72CFB1F290AD8202200216846F6F7DC
:104FB00010F8224631466846F6F700F804E020294A
:104FC000F7D06A46FFF7D6FF08A920AA6846002452
:104FD0000E46904610F8013B013483F05C0C202C07
:104FE00083F0360301F801CB02F8013BF2D12246EF
:104FF0005C2110A8F5F7EDFF2246362128A8F5F729
:10500000E8FF2A46394630A8F5F7D8FF404618AAE7
:1050100005F14001FFF7AEFF304660215E9AFFF7D1
:10502000A9FF002058B0BDE8F08138B50446DEF78E
:10503000C1FD0C2801D1012038BD2046DEF7BAFDA4
:105040000C2810D92046DEF79BFD037B002BF2D005
:105050000E25204605EB4305DEF7ACFDA84234BF24
:1050600000200120E8E70020E6E738B50446DEF737
:1050700087FD05462046DEF79DFD042809D9204618
:105080002D79DEF797FD0535A84234BF00200120B9
:1050900038BD0020FCE7006800BA70470B0AC170F9
:1050A00083700B0C090E437001707047013252017E
:1050B000801A61F100017047A03861F1000170476A
:1050C0000020704700207047704770477047704756
:1050D00000207047704770470020704702207047DB
:1050E00037207047704710B5BFF35F8FD0E84F3F50
:1050F0000C78DBB29C4204D00B70BFF32F8F0020E2
:1051000010BDC0E8432F002BF0D1BFF35F8F01200B
:10511000F6E7502373B50446002603FB0105AC42B5
:1051200001D100200CE001220DF1070104F148003B
:105130008DF80760FFF7D7FF04F1500310B1204648
:1051400002B070BD1C46EAE773B500F1480604469C
:105150008DF80710032230460DF10701FFF7C3FF5A
:1051600098B100254FF0FF332046236484F838506F
:1051700084F84950F1F71EF903232A4630460DF111
:1051800007018DF80730FFF7AEFF02B070BD37B5ED
:10519000846994F84930256C012B12D0042B14D06B
:1051A000012302220DF1070104F148008DF80730B8
:1051B000FFF799FF58B12846E36B03B0BDE83040D4
:1051C0001847022384F84930EAE70523FAE703B0D9
:1051D00030BDBEF742BA38B50D46F1F7DBF80446EC
:1051E0007DB110B90024204638BDF1F7FFFB022144
:1051F0002046FFF7A9FF0446F1F714F9F1F708FA82
:10520000F1E70028EED0F1F7F1FB0028EAD1012107
:10521000EEE710B50C46F1F7BDF8034628B190F85B
:10522000380010B1012083F8384010BDBDF7F8B840
:10523000F1F732BA10B5D0E90442D1E9040384424F
:1052400072EB030105D3A042934134BF012000203B
:1052500010BD4FF0FF30FBE710B5D0E90042D1E9B7
:105260000003A04293412CBF0120002010BD08B5CF
:10527000FAF7D4FABDE80840FAF7D3BABFF35F8F64
:1052800000230372BFF35F8F704708B503460846DB
:105290007BB11A7F92070CD5BFF35F8F1B7ABFF3E8
:1052A0005F8F43B9CBF760FB003818BF0120400087
:1052B00008BD0120FCE70220FAE708B5CBF734FA75
:1052C000BDE80840CBF7D6B937B500230022054624
:1052D0006846CDE90023CBF72FFA044628B1DDE973
:1052E0000001FAF79EFAC5E90001204603B030BD7F
:1052F0000120704708B5BCF731FFBDE80840002029
:10530000BCF738BF00230360037170472DE9F84FE5
:1053100004460D4617469946BFF35F8F01EB020B1B
:10532000A04694F804A05FFA8AFA58E8006F3EB1EC
:1053300031462846C847002802DB06EB0708F4E799
:1053400023795345ECD1CBF8006048E80053002B9B
:10535000E6D1201DBDE8F84F00F065B8F8B5BFF301
:105360005F8F05460679F6B255E8003FA3B18B4240
:1053700003EB02040ED101249B580779B742F0D108
:1053800045E80036002EECD114B1043000F04BF8A3
:105390002046F8BD2546E7E71C46EEE72DE9F84331
:1053A00006460F4690469946BFF35F8F56E8005F6A
:1053B0002DB9BFF32F8F2C462046BDE8F883494610
:1053C0002846C047044610B1EB592C461D4646E816
:1053D0000053002BEAD1002CEED0301D00F023F852
:1053E000EAE70068704700230360704750E8003F19
:1053F0005A1C18BF013340E80032002AF6D1BFF32F
:105400005F8F013B584258417047BFF35F8F0023C5
:1054100050E8002F40E800310029F9D1012A94BF5B
:10542000002001207047D0E84F3F0133DBB2C0E8D5
:10543000423F002AF7D1BFF35F8F704700207047CB
:10544000704710B5044608B1F1F77AFD2046BDE873
:105450001040F1F765BD0346C068E0B15888D0B18F
:105460001B8803F44F42B2F5824F09D1DBB2272BE0
:105470002AD008D8172B0FD0222B34D0122B16D0BD
:105480006FF085007047302B2FD0413B012BF7D8B0
:10549000FF2839D100207047C028FBD0E128F9D07F
:1054A000B0F5807F0CBF00206FF08600704720F0C1
:1054B0002003C02BEED020F08003B3F5807FE9D02D
:1054C00040F209239842EDE7E928E3D0EF28E1D044
:1054D00040F21B139842DDD040F299139842D9D084
:1054E00040F23B23EEE7E928F1E720F02003C02B50
:1054F000D0D020F04003B3F5807FCBD0B0F5C07F93
:10550000C8D0B0F5007FCDE7B0F5E07FCAE738B589
:105510000D46F1F763FE044640B9286843681B0A4C
:1055200004D0F2F757FB2C606FF08504204638BD9D
:1055300041F2062398421AD8B0F5905F09D241F2A1
:10554000010398420CD0B0F5885F09D06FF0850058
:1055500070476923A0F5905080B2C340DB07F5D5B2
:1055600011F0070F0CBF00206FF086007047B0F5F8
:10557000105FEBD121F04003802B06D0B1F5807F86
:105580000CBF00206FF0860070470020704770B598
:10559000446A05460E463CB90120F1F7BBFC68623F
:1055A00028B12046AE6270BD6FF08A00FBE76FF055
:1055B0008C00F8E7F8B51E460F4615460388C2B1C1
:1055C00003F4E043B3F5805F02D0B3F5005F10D180
:1055D000089BE90019600088FFF7AAFF044630B96C
:1055E0002A4639463046F5F7E9FC079B1D60204600
:1055F000F8BD6FF08504FAE710B50446406A10B1B3
:10560000A16AFFF71EFF0020C4E9090010BD38B5EC
:105610000546FFF7F1FF2B7F0446012B0ED0023B1E
:10562000012B0ED82B6A012B18BF6FF096042C2289
:1056300000212846F5F7CDFC204638BD2B6A002B0B
:10564000F2E76FF09604F2E72DE9F04705469A4637
:10565000002388B0079305F0FE43B3F1106F0846AE
:10566000DDE910961746DDF848801CD12B464FF433
:10567000804207A9FFF74BFF0446B0B9CDE90368A4
:10568000CDE901A9079800972B46D0E9091200F04F
:1056900066F8044648B90798F2F79CFA0446204693
:1056A00008B0BDE8F0876FF0860431464846F1F750
:1056B000A9FF0798C8F80060F2F78CFAEFE71C2200
:1056C0000021F5F786BC037F022B06D1036A5A1C22
:1056D00003D001330362002070476FF096007047DB
:1056E00003466FF040420846591E914207D338B135
:1056F00003F1404393428CBF0020012070470120FA
:105700007047034668B1017F8A1E012A0BD803291E
:10571000026A03D1012A01D1FFF779BF1AB1013A18
:105720001A62002070476FF09600704700207047A3
:10573000C0B2FF280CBF6FF0860000207047F2F760
:1057400067BB704710B44468240A03D15DF8044B6A
:10575000F2F7D6BE6FF086005DF8044B7047F0B5E7
:1057600045681C46DDE9077CDDE905362D0ADDF8D4
:1057700024E008D1CDE908E4CDE9067C0596BDE832
:10578000F040F3F765BD6FF08600F0BD0020F2F742
:105790003DBF0020F2F772BF002000F01CB90020CE
:1057A00070470A2840DCC31C22DA10F1400F47D0B2
:1057B00010F13F0F2BDA10F1410F44D010F1540FCC
:1057C00044D010F1490F08BF6FF0840018BF6FF08C
:1057D0008600704709282AD8DFE800F00529290843
:1057E00016293829292F6FF098007047002070473C
:1057F000C31C0D2B1BD8DFE803F0072F1A1C1A1A45
:105800001A1A1A1A1D1A1A1D6FF08500704710F126
:10581000210F1ED00BDB10F1200F1DD010F1100F47
:1058200008BF6FF09400D1E764380928D2D96FF02F
:10583000860070476FF0940070476FF08C007047DF
:105840006FF0840070476FF0890070476FF093002D
:1058500070476FF0880070476FF0920070478B427E
:1058600030B50CD8002421469C4203D1081E18BF35
:10587000012030BD155D055529430134F4E70020B2
:10588000F7E710B58B4294BFC4184418A04200D16A
:1058900010BD00F8012BF9E700231A4682B00190F1
:1058A0008B4201D102B070470198C2540133F7E72F
:1058B000F0B5BDB01F46DDE9423593420E461446B1
:1058C00027D312F00F0327D12B609DF8103101462A
:1058D000012B684606D100F037F930B1FFF761FFC0
:1058E0003DB0F0BD00F03CF9F7E73B4622463146BB
:1058F000684600F042F90028F0D1684600F07CF9D3
:105900000028EBD1684600F01BFA0028E6D12C6095
:10591000E4E76FF08900E3E76FF08600E0E713B596
:10592000049CCDE9003413460A4601460120F2F7F3
:1059300081FC02B010BD102A08B504D1F530F5F78E
:105940003DFB002008BD6FF08600FBE7F0B50024AA
:1059500085B00A9F029402ACCDE9007405461E464C
:10596000F2F79AFC58B9029C284603AB3A1B31194E
:10597000F2F764FD18B9039B0B9A2344136005B03A
:10598000F0BD0368D90444BF43F480630360036837
:105990009A0444BF43F400630360704737B505467B
:1059A00000216846F3F7FCFD044668B93022294619
:1059B0006846F3F76BFE10F1520F044607D0431C04
:1059C000F4D0684600F060FA204603B030BD684667
:1059D00000F05AFAE4E70020704707B501A9F2F792
:1059E00055FF003818BF012003B05DF804FBCA045E
:1059F00048BF41F480618B0448BF41F4006181607D
:105A00007047F3F7E7B830B589B0054618220C4661
:105A100001A80021F5F7DDFA012344EA052401A9D4
:105A2000FA2007940593F2F7EBFE002818BF6FF0F9
:105A3000920009B030BDF7B5FA2001A9F2F726FFB0
:105A4000044610B1002003B0F0BD019D2F0AEDB255
:105A5000AC4205D1FA20F2F7FFFE0028F2D008E0B0
:105A6000E6193046F2F7F8FE30B13046FFF7B5FFE1
:105A700010B96FF09200E6E70134E9E713B50C4680
:105A8000F2F704FFC31C0FD0013009D004224FF0FD
:105A9000FF3321460DEB02000193F5F768FA30B9A8
:105AA0006FF08B0002B010BD6FF08400FAE70020A9
:105AB000F8E710F4A05F14BF01200020704738B54C
:105AC00003780446033303F00303012B0FD86FF070
:105AD000210038BD60782844F2F7B0FE48B901359E
:105AE0002378C3F382039D42F4D30020F1E700251D
:105AF000F6E70220EDE710B5036A04460BB1406AF1
:105B0000984704F12C00BDE81040F3F74FBE37B5BD
:105B1000044601A8F4F714F8054650B904F12C0026
:105B2000F3F71AFE019800F089F928B12046FFF733
:105B3000E2FF284603B030BDE369002BF9D0606A6C
:105B400098470028F2D1F4E707B500231022C0E9F6
:105B500001221A460093F3F701FC03B05DF804FB41
:105B600007B501231022C0E90122009300231A4641
:105B7000F3F7F4FB03B05DF804FB70B590F82C501C
:105B80000446002D35D0B2F1807F04D3FFF7B3FF78
:105B90006FF03F0070BD256B40306063296002F1FB
:105BA0000F00216B20F00F0040F000558D6025683C
:105BB000266BAD68811A2D69824245EA0125F560A0
:105BC000256B05F110052563656B2B60636B9A608F
:105BD000636B03F11005656301D10020DAE7002251
:105BE0001A61636B41F080419960636B10336363AA
:105BF000F3E76FF02000CDE738B590F82C3004467D
:105C0000002B3AD0016B51F8083C51F8042C23F0DA
:105C10007F43A3EB122342689A4204D9FFF76BFF3C
:105C20006FF0520038BD8268B3FBF2F502FB15330A
:105C300023B1FFF760FF6FF04500F3E7C268C36B65
:105C4000082A14BF20224022134218BF934300F1B8
:105C5000900518BFC3631039284600F096F8616BB1
:105C600004F14000103900F090F804F12C002A46AD
:105C7000602100F06DF80020D4E76FF02000D1E73C
:105C800070B590F82C300446002B44D0C26822B97D
:105C9000FFF731FF6FF0470070BD016B51F8083C12
:105CA00051F8041C23F07F43A3EB11230F2B04D8DE
:105CB000FFF721FF6FF05200EEE713F00F0504D05D
:105CC000FFF719FF6FF04500E6E7082A14BF20220E
:105CD0004022C36B00F190061343C363D0E90D2348
:105CE000A43313601022436B9A60436B016B13441F
:105CF00043631039304600F048F8616B04F140000E
:105D0000103900F042F804F12C003246602100F016
:105D10001FF82846C0E76FF02000BDE738B590F8BF
:105D20002C3005464BB100F062F8431C044602D00B
:105D30002846FFF7E0FE204638BD6FF02004FAE762
:105D400010B504462046FFF7E9FF431CFAD010BD0A
:105D5000C36803F15402BFF35F8F4FF0A3431A608F
:105D6000BFF35F8FC2680432BFF35F8F1A61BFF366
:105D70005F8FBFF35F8F03225A63BFF35F8FBFF361
:105D80005F8F9A63BFF35F8F704788420AD3012306
:105D90004B60CB6843F02003CB608B6843F000532B
:105DA0008B607047103040F80C0CEEE7BFF35F8F4C
:105DB0004FF0A343DA69BFF35F8FBFF35F8F10210A
:105DC0005963BFF35F8FBFF35F8F00215963BFF348
:105DD0005F8FBFF35F8FD96BBFF35F8F4906F8D436
:105DE00022B1BFF35F8FDA61BFF35F8F704708B5F1
:105DF000F3F73CFD30B9BFF35F8F4FF0A343986AD0
:105E0000BFF35F8FBFF35F8F4FF0A342D36BBFF33E
:105E10005F8F10F0240F03F0230304D0FFF7C6FFB9
:105E20006FF01F0008BD4FF0FF30002BFAD1BFF319
:105E30005F8F1063BFF35F8F1846F3E710B59EB016
:105E4000024646F611031AA901A8F3F797FB029937
:105E50001AA81039FFF799FF002306A908460693F0
:105E60000893FFF792FF10211AAA01A8FFF770FF0D
:105E7000FFF7BDFF431C0446FAD001A87421FFF7C9
:105E80000BFD20461EB010BD10B5037804461BB1B3
:105E9000F1F788FF00232370002010BDF8B50D46F0
:105EA000064607682846D41B214600F03FF83A46CC
:105EB00071682819BDE8F84000F055B8FFF7EEBF4B
:105EC000F8B507461646D2E900208A420C460BDB9D
:105ED000551A294600F02AF82246394670682844A7
:105EE000BDE8F84000F04DB8891A3944F8E770B5BC
:105EF00014460E461D4621461A46FFF7E1FF21468D
:105F0000304605F10802BDE87040FFF7D9BF70B513
:105F1000054616461C461A46FFF7C0FF2246314684
:105F200005F10800BDE87040FFF7B8BF70B5044642
:105F30000D46A1B1410706D00023013D04F8013B05
:105F400001D06207F9D125F00F0632462046002124
:105F5000F5F73FF80023A2192C44A24200D170BDEE
:105F600002F8013BF9E78B18991A12B110F00F0FE4
:105F700001D1F5F723B80978013AC9B200F8011B3D
:105F8000F2E780EA01031B0770B404460D4616468B
:105F90000AD170BCF5F712B8EA5CD2B2E254013310
:105FA0009E42F9D170BC70470023F9E738B50D4621
:105FB000044600F0B6F9202201682846FFF7E1FF09
:105FC0002046BDE83840F3F72DBD73B515460A46A7
:105FD00001466846F3F774FC019C44B9009E3046C4
:105FE00000F067F8294604463046FFF7DFFF2046F9
:105FF00002B070BD38B50D46044600F092F9382263
:1060000001682846FFF7BDFF2046BDE83840F3F79A
:1060100009BD73B515460A4601466846F3F77CFC90
:10602000019C44B9009E304600F043F829460446DE
:106030003046FFF7DFFF204602B070BD0368D86826
:10604000C0F300407047036803F580535B6A13F4A4
:10605000A02F14BF01200020704710B5044600F0A7
:1060600042F820B12046BDE81040FFF7ECBF2046C3
:10607000BDE81040FFF7E2BF38B5022503680446CB
:106080009D6000F030F818B1236803F58053DD619E
:1060900038BD10B5044600F026F820B12046BDE812
:1060A000104000F025B82368BDE81040D868F3F729
:1060B000E9BC10B50446204600F015F808B9F3F71E
:1060C000EDFB2046FFF7C9FF0028F4D12046BDE8CC
:1060D0001040FFF7DEBF03685A50704703685858F6
:1060E00070476C3070470369186800F400307047DF
:1060F00010B541F224010446FFF7F0FFC20709D4AE
:10610000830709D420460C21FFF7E8FFBDE81040C3
:10611000F3F7B8BC082010BD0220FCE710B5044618
:1061200000F0B8F8BFF35F8F23692046BDE8104048
:106130001B6803229B034CBF41F21C010821FFF79F
:10614000CABF2DE9F0410546F3F782FC074601225C
:1061500041F22801FFF7BFFF002241F22801384633
:10616000FFF7B9FF41F204013846FFF7B7FFC40655
:10617000F8D410F0200602D00220BDE8F08141F2F0
:106180002C013846FFF7AAFF0122044641F208011C
:106190003846FFF7A0FF8DB901224FF480513846F1
:1061A000FFF799FF41F204013846FFF797FF4207D6
:1061B00000F023033BD4002BF4D0DDE72B68C4F3BD
:1061C000036803BBE10458BF6C68AB684BBF41F286
:1061D0000C0641F21006C4F30354A8EB0404002B90
:1061E000DAD0EB68002BD7D0A34211DC0024EB6897
:1061F0009C42D1DAAB68314653F824203846FFF789
:106200006AFF0134F3E76B68002BDBD098450ADAAC
:106210000D20B2E72B6841F2100153F826203846D2
:10622000FFF759FF01366B689E42F3DBCAE7F3F7CD
:1062300013FC01463846F3F713FC00209DE737B501
:10624000CDE90023D0E901420369C5681B6804EB6E
:106250000214DB00A5F1080110D59DF80730601B82
:1062600043F001038DF80730FFF760FE083C082279
:1062700069462046FFF777FE03B030BD9DF8003039
:10628000A41A43F0010304F108008DF80030FFF771
:106290004DFEECE70369DA6832B142F420220021B6
:1062A00042F40062FFF717BF7047C06870472DE9DE
:1062B000F8430B680C4613F4700F14D1D0E9015960
:1062C000036908461B68D1F80880DB0048BF4B68AB
:1062D0004FF0000744BFA9EB0303ED18F3F718FCD8
:1062E0000646B74201DBBDE8F883414628466268AE
:1062F000FFF739FE63684D4498440137F1E770B504
:106300000C461E461046D1E9012505EB42052946FB
:10631000FFF729FE62683046A918BDE87040FFF714
:1063200022BE30B50169D0E901344A680968C90064
:1063300042BFC168611A5B1800210AB9183030BD2C
:10634000D50742BF8D1D40F825300131234452103E
:10635000F3E72DE9F74F0446D0E9017A0193036989
:1063600040690E4691469D68FFF7BBFED4F84CB0DD
:10637000D0F80080BBF1000F07D02046F3F752FBA6
:106380001025284603B0BDE8F08FF3F7F1FA336823
:1063900019064CBFC36843687168994204DD204602
:1063A000F3F740FB0D25ECE72069E160B8F1000F41
:1063B00002D0036949EA03090068336801390343DD
:1063C00043EA012343EA090204212046FFF783FE42
:1063D00023691B68DA0003D5E368AAEB03031F44B3
:1063E000A5B931462046FFF762FFB8F1000FC8D0CB
:1063F00023691B69002BC4D0D8F808304046984761
:1064000002460B462046FFF71AFFBAE7EB0748BFE4
:10641000019B4FEA650544BF43F82B700BF1010B5C
:106420005744DDE7C0F30B03482B4B6028BF4823DC
:1064300010F4003F8B6008BF0023CB6010F4803362
:1064400008BFC1E9013300F47003B3F5700F14BF46
:1064500000238B6800284FF0010C4FF008028B607E
:10646000B8BF0023C1E905C2B8BFC1E90533704711
:106470000144814200D1704711F8013D1A440A706D
:10648000120AF6E710B501380A44914200D110BD56
:1064900010F8013F11F8014B63400370F5E7C37F2B
:1064A00003F07F03C3777047037823F0070303707B
:1064B000C37F03F07F0343F04003C3777047037843
:1064C00023F00303037090F8373063F07F0380F804
:1064D00037307047D0F754BF4FF0FF324FF0FF33E3
:1064E000D0F7D6BEFAF7AAB94FF0FF324FF0FF331C
:1064F000D0F7CEBED0F744BF00F06AB807B54FF072
:10650000FF334FF0FF32CDE90023002200F06DF899
:1065100003B05DF804FB00F064B800F05EB82DE94C
:10652000F3470646DDE90A9817460C46E1B102F04A
:10653000010AD1F7E3FC0546EFF31181402383F311
:106540001288BFF36F8FBB0744BF0023B360B368EB
:1065500003EA0402BAF1000F0AD094420AD181F38F
:106560001188BFF36F8F1C40204602B0BDE8F08752
:10657000002AF4D159EA080305D181F31188BFF349
:106580006F8F0023EFE7C5E91A473246CDE900983F
:1065900006F10C00D1F720FB0028F2D1AB6EE2E748
:1065A00010B5C46E826E4B68E40703EA02030BD594
:1065B0009A420BD1012380F870300B684366086063
:1065C0001830FAF7DAFB01E0002BF3D1002010BD00
:1065D0000023C0E90000836070474FF0FF32F3F7FB
:1065E000D5BA0A460021F3F7D1BA5200FFF797BF98
:0865F0007CD0FB7F01000000DC
:1065F800B17D00000000000021820000D066040088
:106608002506040000000000897001000000000059
:10661800AD700100000000003D860000E86604003F
:106628003D860000006704003D86000018670400EE
:10663800A584000000000000E10101000000000046
:106648005FF703000000000027B80300306704006C
:1066580015950000486704009996000000000000A6
:106668009961000000000000A50201000000000080
:1066780039750100000000004FB903007867040075
:106688001D85000060670400F1F6030000000000AB
:10669800B9920000906704001D8F0000A8670400ED
:1066A800B7F70300D867040049930000C0670400E7
:1066B8005DB003000000000069F70300000000005F
:0866C80045060100000000007E
:1066D000A4900400A06B0400B86B040028120020F2
:1066E0001070002000000000FB9004000C6C0400FF
:1066F000546C04002E1200207C700020000000006A
:1067000007910400246C0400546C04003012002033
:106710008870002000000000129104003C6C04000E
:10672000546C04003212002094700020000000001D
:10673000CB90040000000000D46B04002A1200205B
:106740000000000000000000CA950400006E040074
:10675000646E04003C120020F07000201806002037
:10676000D390040000000000EC6B04002C12002009
:106770000000000000000000EC910400786C0400B0
:10678000D46C040034120020A07000200806002001
:10679000E8930400446D0400746D04003812002076
:1067A000D870002000000000AC930400286D0400A5
:1067B000EC6C040036120020882B00200000000042
:1067C00068940400B06D0400D46D04003A120020F7
:1067D000249200200000000015A104000000000029
:1067E000E86F04003E120020FC7100200000000051
:1067F0007B94040003000000E38804000300000011
:106800008A89040003000000BD900400030000001A
:1068100013A40400030000007CA004000300000097
:106820001C8B040003000000EC9004000300000037
:1068300005A10400030000001D91040003000000F6
:10684000F791040003000000B79304000300000068
:10685000D289040003000000D68904000300000070
:10686000B8A0040003000000ED8F04000300000046
:1068700072900400030000007A90040003000000FE
:106880009B90040003000000C2A00400030000006D
:106890002FA10400030000005CA20400030000001C
:1068A000128B04000300000090A00400030000000D
:1068B000F39304000300000089900400030000002B
:1068C00020A1040003000000D5950400030000008F
:1068D000419F0400030000000F9F0400030000001C
:1068E000D46A0400B46F0020ED8A040001000000A7
:1068F00000A0105000820D5000040550050000005B
:1069000004000000010000005FA20400000100007C
:10691000000000000000010101010101010101016D
:10692000010102020202020203030303040405053B
:106930000606070708090A0B0C0D0E0F101112139B
:106940001415161718191A0010010000D2000000C3
:1069500030010000D800000001000000E400000049
:1069600002000000EA00000003000000EE0000004A
:1069700004000000F000000005000000F20000002C
:1069800006000000F400000007000000F600000010
:1069900008000000F700000009000000F8000000F7
:1069A0000A000000F90000000B000000FA000000DF
:1069B0000D000000FB0000000F000000FC000000C4
:1069C00011000000FD00000013000000FE000000A8
:1069D00015000000FF00000018000000000000008B
:1069E0001B000000010000001F000000020000006A
:1069F0002300000003000000280000000400000045
:106A00002D0000000500000033000000060000001B
:106A100039000000070000003F00000008000000EF
:106A200008090A0608080102060000100200FA0020
:106A3000000000003B360000473600004B360000E7
:106A40005336000057360000FFFF0512000000001B
:106A5000D6D6D600000000000000000000000000B4
:106A60000338FDD87047000000000000000000005F
:106A70000338FDD87047000000000000000000004F
:106A80000338FDD870470000501A002000040000B1
:106A900089AB030033AB0300020000002BAD030001
:106AA00000000000000000000000000000000000E6
:106AB000CD8A0400D58A0400000000000000000018
:106AC00000000000DD8A0400E18A0400E58A040079
:106AD000E98A0400DD6B0000D16B0000016C00004E
:106AE000B96B000000000000C56B00000000000052
:106AF0005D6C0000BC6F002094920020100000002C
:106B000003000000000000000000000000C01500AD
:106B1000606704000100000000C015000080000054
:106B20006067040002000000004016000010000032
:106B3000606704000005002000000000060001005E
:106B400002000000486B0400000000005D9004009B
:106B500002000000E04F16000000002065900400D5
:106B600021000000E0EF0220357C00000000000062
:106B700017B00300686B0400806B04008000000005
:106B800070EE0020686B0400906B04008000000031
:106B900030F80020A1810000718100000000000099
:106BA00005830000E5810000B190040001B80300F6
:106BB00007B80300B79004007D8200007FB7030090
:106BC000DFB70300000000001DB703000000000055
:106BD0000000000013B803000000000010000000D7
:106BE00001FF000065010000001000001186000098
:106BF00097B803008FB80300058500000D850000DD
:106C000000A0105000820D50000405501F0000002D
:106C100000A01050000000000000000000C0105054
:106C200001000000FFFF000000820D500000000086
:106C30000100000000A00D5000000000FF07000050
:106C400000040550000000000200000000000000E9
:106C50000000000091860000A9B80300B5B8030049
:106C6000C9B80300D3B80300DDB803006D88000085
:106C7000F1B80300000000000040105000000000C8
:106C80000000000000000000000098010000010169
:106C9000698900000801000043B90300A86C0400E2
:106CA000A6920020FFFF000000401050B46C0400CA
:106CB00002000000CC6C040002000000C46C040060
:106CC000020100000380000C0480000B0300000C94
:106CD0000400000B898B000000000000A189000067
:106CE0000000000000000000358B0000D18E000085
:106CF000C58C000057BA0300E3B9030019BA0300BA
:106D0000D18C0000294600004D8D000005BA03001B
:106D1000000000008D8D0000E18C0000CBB9030065
:106D2000C5B90300718D0000C9B903000B001A003A
:106D30002C6D04000100000000A0105000820D50D6
:106D40000004055000000080FFFFFF7F000000806E
:106D500000000080FFFFFF7F000000801027000080
:106D6000000000000394040000FF0A00E86604002D
:106D700000000100C7BC03000DBD0300E5BC03001B
:106D8000F3BC030000000000000000000000000051
:106D900000000000000000000000000000000000F3
:106DA00000000000000000000000000000000000E3
:106DB0007867040068000000F06D0400C06D0400F6
:106DC0007294040082940400480100000000000056
:106DD00000000000ABBD0300000000000000000048
:106DE00037BD0300194A0000000000000000000049
:106DF000B5BE0300C9BE03000DBF0300B1BE030052
:106E000000600C500000000000000000286E04002C
:106E100000C201000000D601000000000000004098
:106E2000AF930020AE93002000600C50346E04003D
:106E300002000000546E040004000000446E0400D0
:106E40000401000025800001268000022780000345
:106E50002486000024000000260000022506000110
:106E60002706000365BF03008D95000057BF030090
:106E700000000000E595040001000000EC9504000E
:106E800002000000F69504000300000002960400D2
:106E9000040000000B960400050000001496040096
:106EA000060000001C960400070000002D96040058
:106EB00008000000379604000A0000004596040010
:106EC0000B0000005D9604000C00000075960400A5
:106ED0000D0000008D9604000F000000A596040030
:106EE00015000000BD96040016000000C9960400BD
:106EF00017000000D796040018000000ED9604006B
:106F000019000000029704001A00000017970400FF
:106F10001B000000279704001C0000003A970400A3
:106F20001D000000489704001E0000005597040053
:106F30001F00000061970400200000007597040006
:106F400021000000869704002300000098970400A9
:106F500025000000AA97040026000000C097040046
:106F600028000000D497040029000000E5970400E1
:106F70002A000000F29704002B000000059804008E
:106F80002C000000129804002D0000002598040039
:106F900030000000319804003200000044980400E2
:106FA0003800000059980400390000006C98040073
:106FB0003E0000007F980400400000009398040009
:106FC00041000000A598040045000000B4980400AA
:106FD00046000000BF98040047000000C998040064
:106FE00048000000DE9804000000000000000000DF
:106FF00000000000BBF703002505010000000000B1
:1070000000000000FDFA03009D200100D5400100B2
:10701000394A01000000000081400100F14A0100EE
:107020000000000045400100994A0100E9440100C8
:107030000000000008000000010000002CA2085021
:10704000000000000400000001000000010000003A
:107050000E00000000000000000000000000000022
:107060000000000000500850000000002800000050
:107070000500000000000000005008500000000063
:10708000280000000500000000A0105000820D50F4
:107090000004055000A0105000820D50000405505F
:1070A00000A0105000820D50000405500DA20400F5
:1070B0001BA204002FA204003EA204004AA2040066
:1070C000F8650400F8650400606604006866040062
:1070D000D0660400D06604000A00000078000000BA
:1070E000F0000000E00100009803000080070000AD
:1070F000000F0000001E0000003C000000780000AF
:1071000000F0000000E0010000C003000080070064
:1071100000000F0000388A408F409440A140A640F4
:10712000AC401548CB40AE40A34000380038003892
:107130000038CE40ED409D414941564132413741F2
:107140003C414141B941BE41D7410E42FA418D41D6
:107150001B42804162426A42774274436E436643F7
:107160007F432E4824460038003800380038AF48A6
:10717000D548F34863457D4585439D45A845BB45B6
:10718000E345ED45CF45FC4515468C466E46954694
:107190008E46003800380038284200380038003861
:1071A000003800380038003800380038003800381F
:1071B0000038003819491949194919491949194913
:1071C0001949194919491949003800380038003857
:1071D00000380038003800380038003800380038EF
:1071E00000380038003800380038003800380038DF
:1071F00000380038003800380038003800380038CF
:1072000000380038003800380038003800380038BE
:10721000003800388C090038FFFFFF000000000034
:1072200010270081878A001A7B627AA678797A8D86
:1072300000307B627AA778797A8D003078207B6283
:1072400079217A220C10865082A2808182A28287C4
:10725000828D001A0030722095407AAC797B003024
:1072600078247B627AA884797A8D00307224A740D2
:107270007B2479257A26856286A87284868D11A65C
:107280008584116286A78586842086218622865081
:107290009A5086A6867286A88685868D8462868D9B
:1072A000781086A67270001A00307ABB78790030A8
:1072B00000830030001C001C001C001C001B7C22F2
:1072C000001D1310D040001A001C001C001C001BE5
:1072D0007C22001D001B7C22001D1310DA40001AC6
:1072E000000C016A3427001A006E1027001A7B6216
:1072F000782479257A260C1086500E1022590E100B
:107300001A59848FC50811B885850410295911A20E
:1073100084871AA211111120071890A2801A9020B8
:10732000001919A272871AA61970001B7C201AA2D4
:107330001A8013100B410E101D590410335986A2E8
:107340001A72868D001A0030870811B8858211A242
:1073500084871AA211111120031890A2801A90207C
:10736000001915A281871AA215151520031890A2DD
:10737000801A90200019074186500524082504260C
:10738000F5408650042406250526F54086500C2439
:1073900006250B26F54086500B2408251A26F550A5
:1073A00000AB0C1A00300DA702720AAC060D0EA736
:1073B00003720BAC060E02620CA872030C8D003037
:1073C0007DBB0203048F05A6707003628650042003
:1073D00072210E229A500070108A0E240B250E2660
:1073E000F35002728650042072210D229A500272CC
:1073F0001027108A0D240A250D26F35005A70D0E1F
:1074000005200C2105229A50007005BB030505A636
:107410000E05003002628650042072210D229A501F
:107420000070108A0D240A250D26F35000300DA798
:107430000D0E05A67070027286500C200D210522DB
:107440009A50007005BB030505A60E0500300262C8
:107450000DA7027203620EA7037201BB0D0E00BBE3
:1074600002030D200E21802282AC808181208221A6
:107470003910A941006201A80180018D012408256D
:107480000626B15000300324062508268650F34016
:10749000032405250A268650F350026286500A20EE
:1074A00072210A229A503810003906200A210B2234
:1074B0009A500BA60B0C0BA80B050B8D381000393E
:1074C000003002620A8E0A8F0B8E0B8F07278750BF
:1074D0000EA8720B0C200E210D229A500A200E21AC
:1074E0000E229A500062865003240D251A26082188
:1074F0000E221A510262008107271A2072211A22D5
:107500009A5000AB0A1A003086500DBB08060DA633
:10751000040D032406250E26F3500E2007210E220B
:107520009A500EA7050E0E8D0E240D250B26F34046
:1075300086500A2408250D26F35002200D210E2224
:107540009A500E240C250B26F340865007200A2162
:107550000D229A5003240C250E26F35005A60D0E7D
:10756000058D0030865001A700720AB9010006247B
:107570000A250426F55077A7047238100030011848
:1075800077A70401381000300420042104229A5007
:1075900077A704723810003C001977A7040139104E
:1075A000003C0030A0A27210685380A2811090A20B
:1075B00091100210965308105B541410FB543910AC
:1075C0008134001A000C865033A2041002102D449E
:1075D0000810D74414105B45585226207821485291
:1075E0002621001C7A20CC4258522620782148526D
:1075F0001D2079214A52262026211D22001E7A2094
:10760000CC425852782479257D527A20CC421120E0
:1076100084214852112010107A590E103649012148
:107620008526006886AC86012EA67070C1522E2277
:1076300036102C2235A78682006CC80811B8358117
:10764000EA5026201121001C26200210125411217C
:1076500026220718B120021015540810C754141020
:10766000515580210019E35226202621D0501122A5
:10767000BC520068C152006C2320361026201B2209
:107680000318001E802100192621001A001B0B1070
:107690002320001F001A2CBA73742CBA2C2C2CA790
:1076A0002C742DA7018677A72D2C001AA122DC525D
:1076B00002108D53081054541410F65480A2807296
:1076C00090A29072808D908D001A003082A282105C
:1076D00082A2827282A81082001A2C201321162204
:1076E000071880A2818280219020B22200193222C4
:1076F000DC5229A2322828A2323131A2292525A222
:10770000293030A2312222A2312F2FA2301F1FA2F6
:10771000302E2EA22F1C1CA22F2D2DA22E1919A205
:107720002E2C2CA22D1616A22D132FA6117030A6CA
:10773000127031A6137013A62C7011201121081895
:1077400002108D53081054541410F654A020B12187
:10775000001926A62F7027A6307028A63170001AAF
:107760001120842148521D20822148528A0811B8D4
:107770008583142011211122001C05188024B120BA
:107780008421001E001920201D211D22001C051827
:107790008024B1208421001E0019E35226202621D6
:1077A0001922001EDA501122BC5219222620BC5286
:1077B00077A22872F810821077A7850177108620AB
:1077C000CC4285A6850183A6830183A6830113A2EB
:1077D00072101DA619701EA61A701FA613702C43D6
:1077E000585278210810E044818F918F001A0030A0
:1077F00077A701003810013A001A003058520421CE
:107800006853021039540810F0543810053A001A21
:1078100000305852262078214A52001A003058521F
:10782000151075536E53262002214A5200302DA2A6
:10783000A1A12EA2A12D80A2812D90A2912E001A8D
:107840002FA205102EA280802CA280332EA22E8083
:107850002DA290902EA62E2C2EA62F2E2CA72D2EAC
:107860002CA22C722C8D001A30A691912CA681810D
:107870002DA230911A10E24331A2A1A11810C543E4
:107880002EA2818131A231312CA22C2D31A2313393
:107890002FBA2E742EA62F3131A62C2CD1432EA612
:1078A00081312FA781312CA22C2D2EA22E2F31A673
:1078B0002C2C2EBA2E742DA22D2D2FA22E2E2DA6BD
:1078C0002D2D80A72F3131A72C80A0A230A12FA26F
:1078D0002E3190A72F2D001A2EA281812CA22C2DA3
:1078E000CD4331A67092ED4331A77092ED4330A2A3
:1078F000A1A12FA231A131A230822FA22F3031A716
:1079000031812FA72F9130A23131A0A231A12CA219
:10791000813030A231302EA62C2C31A22F2F2EA652
:10792000302E80A7312E2CA72C802EA2913031A290
:107930002F2C90A7312E001AB0A2A0A0001A2EA6BC
:1079400070921B442EA770921B442DA2A2B231A2AA
:10795000A1A12CA281B22FA2A13131A282312DA2EC
:10796000912D2FA22E2F2EA2A1A22C21F543AAC326
:10797000E7D3EAE32CA6047477A72C00381477A683
:1079800004707814001A2DA205102EA633332FA6EA
:107990002D2D2EA22E2E2FA62F2D2EA22E332FA22E
:1079A0002F2F30A62F2F2EA62E2F2FA62E3077A2C8
:1079B0002F72001A90A77090908D001A2DA2A1A18D
:1079C00080A281A190A2912D001A2FA205102EA2B3
:1079D00080802CA280332EA22E802CA22C802DA25F
:1079E000909030A280902EA62E2C2DA62D302EA663
:1079F0002F2E2CA72D2E001A2CA281A12DA2818121
:107A00002EA62D912DA22D2DA0A22C2C2CA22C2EF9
:107A10002EA22E2E181085442FA2A03387442FBAF1
:107A2000A0042EA62E2C80A62E2F2CA6A02C2DA294
:107A30002DA02CA22C8090A62C2D001A70239844E7
:107A40008223984431A683922FA282A130A2A1A1C1
:107A500030A2313031A2818132A22F2F29A63132BA
:107A600031A63191A0A229A131A22F312EA6812FBA
:107A700032A630322FA6913032A281322FA22F2E81
:107A80002CA2812F2DA2299180A632312CA62C2D3B
:107A900032A62FA031A22C2929A2328090A631290A
:107AA000001A30A2A1A12DA2A2A22CA281A22FA2D3
:107AB00082A12DA2912D30A292302EA2A1A22C2122
:107AC000A04472C494D496E4006877A77204371473
:107AD000006C001A2DA272872CA22D8177A7812C11
:107AE000391081362CA22D9177A7912C391091361F
:107AF000001A003077A60570001A90A68090001A30
:107B000080A281A190A291A1001A31A272102CA290
:107B100080802DA290902EA62C2D2FA22C2D2FA24E
:107B2000332F2FA62F312EA72E2F2E8D001A2CA6E5
:107B3000819130A281812DA291912EA2A1A12CA28E
:107B40002C2C2EA62E2E2FA6302D2DA7302D2CA777
:107B50002C2F2EA72F2E90A22D2F80A22C2EA0A24C
:107B60002E2F001A2EA670822E452EA770822E452B
:107B70002FA2A1922EA2A12E30A2819131A22E2F4E
:107B800032A6912E2EA7812E2CA6812F2FA6912FC3
:107B900032A22C322CA22E2F2EA630312FA730311C
:107BA00030A72C2F31A7322E80A22E3090A22F3159
:107BB000A0A23031001A2CA2A2812DA2A2912FA244
:107BC000A1922EA2A1822C2132450DC528D52BE5EC
:107BD000001A80A77080808D001A58520224072551
:107BE0007D522620CC52E6508750262072210A2250
:107BF0009A503810003906200A210B229A500BA601
:107C00000C0B0BA80B070B8D381000390030E65019
:107C100087500A8E0A8F0B8E0B8F0DA8720B0C20CB
:107C20000D2135229A500A202B229A50EA505852A0
:107C300008222B230224352526262653E6500081D0
:107C4000262072212C229A5000AB0A2C0030E650DC
:107C50002BA872062B8DEA50585202242B257D52F8
:107C60000820CC42000C006435A60A0CE650875070
:107C70003520722135229A500BA7073506200B219B
:107C80000B229A50381000390030000C006435A6E1
:107C90000A0CE65087500B8F3520722135229A50FE
:107CA000EA50585208220B23022435250D2626536C
:107CB0000030585226200B2148521D2006214A52DE
:107CC000262026211D22001E1D2008214A52262082
:107CD00026211D22001E0D20CC42E65087500B208D
:107CE0000C210A229A5082A70882828D00305852B5
:107CF00008220C2378240A252626265300682620ED
:107D0000062100AB818000AB9190003058520620D4
:107D1000021050540810F35414105F5506240B251C
:107D20007D521D2008214A52262026211D22001E98
:107D30001120CC5211240A257D520D20CC42E65050
:107D400087500A200D212B229A50EA50CF550BA6BE
:107D50002B700D240B257D520820CC428650000844
:107D600000B8797917A70173179E179E0BA2781098
:107D700017A217100C200E2280A60B7090A2721072
:107D800082A6907092A6707068460E227AA882929F
:107D90007A8D00300E210C2211A6819112A78191BB
:107DA00013A2111114A2121215A6829216A7829282
:107DB00015A2151216A2111611A7131481A21314DD
:107DC00012A2171114A6151615A7151682A21414BF
:107DD00016A2151513A6131292A2160B91A2111337
:107DE00012103B46001B0A1040460C210E22424650
:107DF00006217A5608217C5636A2060B36A2368713
:107E00000AA608360A8D0030E650875091A2918765
:107E100036A2768736A2913681A2818781A63681E5
:107E200081A28172818D91A67070001A02248F4602
:107E3000062408217A56EA501410C447F346062156
:107E40007A560A8FEA501410C9471C4735A2811090
:107E500034A2911031A2353536A2343433A2041045
:107E600035A2313634A2721033A2333531A7363100
:107E700036A6343331A73136318D39108134001AAA
:107E800031A2911036A2041031A2313133A2721006
:107E900036A2363131A7313336A6363333A23636E1
:107EA00033A2333634A2333335A2343635A23531DA
:107EB00034A2313335A23572358D33A7007333A721
:107EC0003374339E339E339E352433253526F55047
:107ED00035A2351034A2343533A2343433A23336CC
:107EE00033A63331338D72203810052081A23480BF
:107EF000818D7D1081A70081001A000C8650D0086A
:107F000011B8080132A2041032A6323284210C20AA
:107F1000A5570C212D2088571120AE570718802215
:107F20002D21C0205D578021AE5700190C210C2057
:107F300088C75DD768E7D050112217570A20B95774
:107F40000030001B0C200B102D206847000C8650C1
:107F50000821B6569C5632A2041032A6323292083C
:107F600011B80A0602210C20A5570C212D20885794
:107F70001120AE57031880222D21C0205D5780218B
:107F8000AE57001908212120A55721212D208857FF
:107F90002120AE57031880222D21C0205D5780215B
:107FA000AE5700190C2121220C205D5788C75DD7E0
:107FB00068E7DA5011221757212217570C20B957BA
:107FC00077A680703E10003900AB0B90003031A6D0
:107FD000918136A7918131A2318236A2369233A6A1
:107FE00070B2734731A6918136A7918131A2319247
:107FF00036A2368233A770B2734734A2A1A233A24D
:10800000B13335A6313631A7313636A7343333A6EE
:10801000343380A2313690A23533A0A23633B0A2D9
:108020003531001A31A6918136A7918134A23131C0
:1080300033A2313631A2A1B136A2A1A131A631318C
:1080400036A6363636A7363334A7343180A23136D9
:10805000A0A2363390A23334B0A23134001A80A2E9
:10806000811090A29110A0A27210B0A28090001A6C
:1080700031A6918190A7918180A63170A0A6A1A17F
:10808000B0A2B132001A35A2721035A835A180A273
:10809000813590A29135808D908D001A0825585217
:1080A0007D520A20CC4258520821DB5708205F55E8
:1080B0000822062302240A252626265377A62670A0
:1080C0003E100B3900AB0B270030918F2CA291870B
:1080D0002DA272872CA22C2C2EA72C2D2CA22C3357
:1080E0002CA72C2D2DA22E2E2FA22E2C2DA22D2FE3
:1080F0002FA22F2F2FA22D2F2FA22F722F8D30A71F
:108100000074309E309E2F2430252F26F5502FA24C
:108110002F872DA22F2D2FA22D2D2FA22F2C2FA751
:108120002F2E2F8D3910913481A22D72818D7C10CC
:1081300081A7008177A7810037109134001A000CC5
:108140007B62865078231BA67D721B9E34104348A9
:108150001B9E83241B257A26F5507A207A211B2228
:108160009A501BA71B831B8D3910003D001A00304D
:108170005852782078211C229A501CA61C041C20DE
:108180009A501CA61C051C8D1C23195877A67A70C2
:108190003D1000307AA7007A00301DA77D721EA620
:1081A0001D701E9E83241E257A26F550381000303F
:1081B0001EA77A723910003D1FA283101DB91D0041
:1081C00020A6757021A2721022A6212122239E587A
:1081D00024A6287025A67570A85823A72821238DCA
:1081E00039106B4822A622215C481DA71D721D9ED6
:1081F0001F239E5826A21F2827A2262828A727210A
:10820000288D381099482AA6727029A2272728A7F6
:108210002921288D3810874829A229292AA62A72BF
:108220007D481EA7202A28A6247025A61E70A858BF
:108230002BA6287024A22B2B20A62A7026A22B2640
:1082400027A2272474487AA226727A8D001A003059
:1082500023A28372238D23241D252326F55028A2D3
:108260002310001A25A725723810001A28A22828E2
:10827000A848061000385852022407257D522620AF
:10828000CC5200680AA60C800AAC0A0138100039EA
:108290002AA67206E6502BA8722A2AAC2B01875018
:1082A0000A2006212B229A502BA7072B2BAC2B013F
:1082B0002A202B210B229A5038100039003006104A
:1082C0000038E65087500A8E0A8F0B8E0B8F2AA635
:1082D0000A0B2AAC2A0138100039EA5058520822F9
:1082E0002A2302240B2523262653E6502AA60C23F4
:1082F0002AAC2A0100AB0A2A003006100038585276
:10830000E65087502AAC0D0F2AA62A0F2A200721F3
:108310002A229A502AA6062A2AAC2A012BAC0A0F36
:108320002BA62B0F2B202A212B229A502BBB2B0C58
:108330002ABB2A0CEA50585208222A230A242B2549
:108340000D2626530030003885A9010F001A11BAF6
:10835000010F85A78511001A007001A670700070CA
:1083600001A77D72001A007009A67070007009BB29
:108370007D0F7D2109620081001A81620081001A4F
:108380000F210F260068868EC15236108636006C8B
:10839000021050590310875211A6267012A627709A
:1083A00013A62870E65036A8850F368D0121362693
:1083B000EA508742900811B8868615D418E4112037
:1083C00012541D201121001C125411211D220318CA
:1083D000C120001E12548021001926A6117027A664
:1083E000127028A6137026202621001C001C001CD9
:1083F000001B7C22001D262113106B491122BC5248
:108400002621E7D3EAE3001A00680F8E006C2CA245
:108410000F10875902108759A0A2A02C1510895956
:10842000001A80A2802C90A2902C001AFA1ED65F0F
:1084300030000000C0000000180000003100000003
:108440000000000030000000E00000001C00000000
:1084500039000000000000003000000000010000B2
:10846000200000004100000000000000300000007B
:108470004001000028000000510000000000000042
:1084800030000000800100003000000061000000AA
:10849000000000003000000000020000400000006A
:1084A000810000000000000017000000C000000074
:1084B000180000003100000000000000170000005C
:1084C000E10000001D0000003B0000000000000073
:1084D0001700000000010000200000004100000023
:1084E0000000000012000000C000000018000000A2
:1084F000310000000000000012000000E000000059
:108500001C00000039000000000000001200000004
:1085100000010000200000004100000000000000F9
:10852000120000004001000028000000510000007F
:108530000000000012000000800100003000000078
:1085400061000000000000001200000009020000AD
:108550004200000085000000000000004100000013
:10856000FF000000200000002000000001000000CB
:1085700041000000C0010000380000003800000089
:108580000100000042000000FF0000002000000089
:10859000200000000000000042000000C0010000B8
:1085A0003900000039000000000000000001000058
:1085B000000200000014000000280000004000003D
:1085C00001000000020000000000000001000000A7
:1085D000D4850400110000001108000011480000BB
:1085E0001128000001000000000000003800000019
:1085F00020A40400000050002000000090A404000B
:108600000486040026000010000000000030000076
:108610000C000000000000001C8604002200001076
:10862000000C0000003100000C00000000000003FE
:10863000348604002800000000040000400100000F
:108640000600000000000000000007000400050014
:1086500006000C00008001800280038004800580F9
:1086600006801F804C4544204953204F4646210038
:108670004C4544204953204F4E21005354533478E5
:108680002049324320627573206973206E6F742015
:1086900072656164792E2E2E0074656D706572614D
:1086A00074757265203D20256C6C642E2530336C0A
:1086B0006C64204300535453347820435243206D5C
:1086C00069736D617463682100626D6932373020AF
:1086D00069732072656164792C2072656164696ECA
:1086E00067206E6F772E2E2E0073656E736F725F2C
:1086F00073616D706C655F6665746368206661693F
:108700006C65643A2025640073656E736F725F63F5
:1087100068616E6E656C5F6765742058206661697C
:108720006C65643A2025640073656E736F725F63D5
:1087300068616E6E656C5F6765742059206661695B
:108740006C65643A2025640073656E736F725F63B5
:1087500068616E6E656C5F676574205A206661693A
:108760006C65643A20256400616363656C20783D24
:1087700025642E2530366400616363656C20793D85
:1087800025642E2530366400616363656C207A3D74
:1087900025642E253036640053656E736F72206237
:1087A0006D69323730206973206E6F742072656195
:1087B00064792E2E2E004A6F696E696E67206E6591
:1087C00074776F726B20666F7220746865206669BB
:1087D0007273742074696D652E2E2E004A6F696E57
:1087E00065642061206E6574776F726B3A2050412A
:1087F0004E2049443D3078253034582C2043686160
:108800006E6E656C3D25752C2053686F7274204127
:108810006464723D307825303458005265636F6E61
:108820006E656374696E6720746865206E65747721
:108830006F726B2E2E2E004552524F5220257520FE
:108840005B25735D2061742025733A2575005745BB
:1088500053545F544F504449522F7A69676265659B
:108860002D696E7465726E616C2D62747A2F7372ED
:10887000632F6D61696E2E63005374617274696E4B
:1088800067205A6967626565204C69676874204291
:10889000756C622028536C6565707920456E642084
:1088A0004465766963652900626D693237302066F8
:1088B000756C6C2D7363616C6520736574206661E3
:1088C000696C65643A20256400626D693237302036
:1088D0004F445220736574206661696C65643A2068
:1088E00025640062747A0028756E7369676E65642A
:1088F000292063686172202A207573656420666F81
:10890000722025257020617267756D656E742E204A
:1089100049742773207265636F6D6D656E6465645D
:1089200020746F206361737420697420746F2076E3
:108930006F6964202A2062656361757365206974BC
:10894000206D6179206361757365206D697362655F
:10895000686176696F7220696E20636572746169FF
:108960006E20636F6E66696775726174696F6E738E
:108970002E20537472696E673A2225732220617229
:1089800067756D656E743A25640063627072696E16
:1089900074665F7061636B61676500286E696C293E
:1089A000004661696C656420746F207265626F6F48
:1089B000743A207370696E6E696E6720656E646CC0
:1089C0006573736C792E2E2E0A006C6F6767696E63
:1089D00067006C6F67006C6F675F6D676D74004D4B
:1089E00065737361676520282225732229206472CC
:1089F0006F7070656420626563617573652069746A
:108A000020657863656564732073697A65206C6995
:108A10006D69746174696F6E2028257529004D6534
:108A200073736167652064726F707065642062653E
:108A30006361757365206974206578636565647327
:108A40002073697A65206C696D69746174696F6EF1
:108A50002028257529000D0A001B5B306D00257349
:108A600020005B2530386C755D20005B2530327549
:108A70003A253032753A253032752E253033752C33
:108A8000253033755D200025732F003C25733E2073
:108A90000025733A20002530327820002020200065
:108AA0007C00256300206D657373616765732064C6
:108AB000726F70706564202D2D2D0D0A1B5B306D5B
:108AC000001B5B313B33316D2D2D2D20001B5B31A5
:108AD0003B33316D001B5B313B33336D006572728C
:108AE0000077726E00696E6600646267006C6F6783
:108AF0005F6261636B656E645F727474006163745E
:108B00006976650073757370656E646564006F6681
:108B10006600706D5F64657669636500666C61739D
:108B200068002A2A2A20426F6F74696E67206E528D
:108B30004620436F6E6E6563742053444B2076323B
:108B40002E392E322D3461623762393866633736FA
:108B500066202A2A2A0A002A2A2A205573696E6763
:108B6000205A6570687972204F532076332E372E45
:108B700039392D616133346135363332393731203B
:108B80002A2A2A0A0072302F61313A2020307825B3
:108B9000303878202072312F61323A202030782509
:108BA000303878202072322F61333A2020307825F7
:108BB0003038780072332F61343A202030782530F5
:108BC0003878207231322F69703A20203078253081
:108BD0003878207231342F6C723A2020307825306A
:108BE00038780020787073723A2020307825303839
:108BF0007800735B2532645D3A2020307825303868
:108C0000782020735B2532645D3A2020307825304F
:108C100038782020735B2532645D3A202030782537
:108C20003038782020735B2532645D3A202030781C
:108C3000253038780066707363723A2020307825CA
:108C4000303878004661756C74696E6720696E73A0
:108C50007472756374696F6E206164647265737396
:108C600020287231352F7063293A2030782530382A
:108C70007800556E68616E646C6564204952516E6F
:108C80003A202564002A2A2A2A2A204D50552046B7
:108C900041554C54202A2A2A2A2A00202053746144
:108CA000636B696E67206572726F722028636F6EE6
:108CB000746578742061726561206D6967687420DD
:108CC0006265206E6F742076616C696429002020D3
:108CD000556E737461636B696E67206572726F7233
:108CE00000202044617461204163636573732056E2
:108CF000696F6C6174696F6E0020204D4D46415262
:108D000020416464726573733A20307825780020BE
:108D100020496E737472756374696F6E204163636A
:108D20006573732056696F6C6174696F6E002020E3
:108D3000466C6F6174696E672D706F696E74206C1C
:108D4000617A7920737461746520707265736572DD
:108D5000766174696F6E206572726F72002A2A2ABA
:108D60002A2A205553414745204641554C54202A34
:108D70002A2A2A2A0020204469766973696F6E20A6
:108D80006279207A65726F002020556E616C696788
:108D90006E6564206D656D6F7279206163636573C4
:108DA00073002020537461636B206F766572666C6C
:108DB0006F772028636F6E746578742061726561C7
:108DC000206E6F742076616C6964290020204E6FDC
:108DD00020636F70726F636573736F7220696E7357
:108DE0007472756374696F6E73002020496C6C65D2
:108DF00067616C206C6F6164206F66204558435F2B
:108E000052455455524E20696E746F2050430020D5
:108E100020496C6C6567616C20757365206F6620F6
:108E20007468652045505352002020417474656D6C
:108E3000707420746F206578656375746520756E35
:108E4000646566696E656420696E737472756374B7
:108E5000696F6E002A2A2A2A2A2042555320464149
:108E6000554C54202A2A2A2A2A0020205374616350
:108E70006B696E67206572726F7200202050726598
:108E80006369736520646174612062757320657223
:108E9000726F720020204246415220416464726524
:108EA00073733A2030782578002020496D70726500
:108EB00063697365206461746120627573206572F3
:108EC000726F72002020496E737472756374696FDB
:108ED0006E20627573206572726F720052657365E1
:108EE0007276656420457863657074696F6E2028BA
:108EF0000053707572696F757320696E7465727254
:108F000075707420284952512000535053454C200D
:108F1000696E20746872656164206D6F6465206499
:108F20006F6573206E6F7420696E64696361746528
:108F300020505350002A2A2A2A2A204841524420ED
:108F40004641554C54202A2A2A2A2A0020204275BC
:108F500073206661756C74206F6E20766563746F24
:108F600072207461626C6520726561640020204427
:108F700065627567206576656E74002020466175B0
:108F80006C7420657363616C6174696F6E20287303
:108F900065652062656C6F772900415243485F45E3
:108FA0005843455054207769746820726561736F27
:108FB0006E2025780A002A2A2A2A2A20446562750A
:108FC00067206D6F6E69746F722065786365707469
:108FD000696F6E202A2A2A2A2A002A2A2A2A2A2067
:108FE000257320256429202A2A2A2A2A006D7075D3
:108FF000004661696C656420746F20616C6C6F63FE
:10900000617465206E6577204D50552072656769E3
:109010006F6E2025750A00506172746974696F6EF5
:109020002025753A2073616E6974792063686563E1
:109030006B206661696C65642E00496E76616C69AF
:109040006420756E6465726C79696E6720726567FD
:10905000696F6E20696E64657820257500464C4105
:1090600053485F30005352414D5F3000657869745A
:109070000A006E65745F627566006E65745F627586
:10908000665F73696D706C6500736F63006E657405
:1090900025640000000000000000006E65745F6938
:1090A000636D7000636C6F636B40313065303030DE
:1090B000006866636C6B006C66636C6B00636C6F5E
:1090C000636B5F636F6E74726F6C007073612D728F
:1090D0006E67007272616D2D636F6E74726F6C6C6F
:1090E000657240353030346230303000666C617308
:1090F000685F6E72665F7272616D006770696F4063
:10910000313061303030006770696F406438323020
:1091100030006770696F4035303430300069326339
:10912000004E65656420746F2075736520746865F2
:1091300020696E7465726E616C2064726976657206
:10914000206275666665722062757420697473208A
:1091500073697A6520697320696E737566666963E1
:1091600069656E7420282575202B202575203E20EA
:109170002575292E2041646A7573742074686520F2
:109180007A65706879722C636F6E6361742D627595
:10919000662D73697A65206F72207A6570687972BE
:1091A0002C666C6173682D6275662D6D61782D7308
:1091B000697A652070726F7065727479202874689E
:1091C00065206F6E652077697468206772656174C9
:1091D00065722076616C75652920696E20746865FA
:1091E0002022257322206E6F64652E006932634051
:1091F000313034303030006932635F6E7266785FD0
:109200007477696D00756E737570706F72746564D4
:1092100020737065656400547279696E6720746F9D
:10922000207472616E73666572206D6F7265207452
:1092300068616E20746865206D6178696D756D2058
:1092400073697A6520666F7220746869732064653B
:10925000766963653A202564203E202564004661D6
:10926000696C656420746F20696E697469616C69EA
:109270007A65206465766963653A202573004572D6
:10928000726F72207768696C652073746F70706993
:109290006E6720726164696F004661696C65642065
:1092A000746F20656E74657220726563656976659A
:1092B000207374617465006E7266355F7278006E3B
:1092C0005246352038303231353420726164696F4E
:1092D00020696E697469616C697A656400506179AE
:1092E0006C6F616420746F6F206C617267653A20E7
:1092F0002564005458206D6F6465202564206E6FCE
:109300007420737570706F727465640043616E6E63
:109310006F742073656E64206672616D6500496EBE
:1093200076616C69642041434B2074696D65737488
:10933000616D702E004E6F206672656520706163EE
:109340006B657420617661696C61626C652E0046A4
:1093500061696C656420746F20777269746520742C
:109360006F2061207061636B65742E0041434B2058
:109370007061636B6574206E6F742068616E646CDD
:109380006564202D2072656C656173696E672E00BF
:109390005061636B65742064726F707065642062E5
:1093A00079204E455420737461636B00696565656F
:1093B00038303231353400696565653830323135E1
:1093C000345F6E7266350000010405020608090F5D
:1093D0004750494F20706F72743A202573206E6F8A
:1093E000742072656164790073656E736F725F706B
:1093F000777200726567756C61746F725F66697809
:10940000656400436F756C64206E6F7420696E69CB
:109410007469616C697A652062757300436F756C5D
:1094200064206E6F7420696E69746961746520626E
:10943000757320636F6D6D756E69636174696F6EAE
:1094400000556E6578706563746564206368697043
:1094500020696420282578292E204578706563745A
:109460006564202825782900626D693237304036DE
:1094700038006D61785F6669666F00626D693237CA
:109480003000C82E002E802E1A00C82E002EC82EA6
:10949000002EC82E002EC82E002EC82E002EC82E3C
:1094A000002E9032212E59F51030212E6AF51A2403
:1094B0002200802E3B00C82E444722003700A40023
:1094C000FF0FD10007AD802E00C1802E00C1802E7D
:1094D00000C1802E00C1802E00C1802E00C1802ED0
:1094E00000C1802E00C1802E00C1802E00C1802EC0
:1094F00000C10000000000001124FCF58030404253
:10950000505000301224EB000330002EC1865A0E5A
:10951000FB2F212EFCF5132463F5E03C480022309C
:10952000F780C242E17F3A25FC86F07F4133982ED6
:10953000C2C4D66FF130F108C46F1124FF031224A6
:1095400000FC6109A20836BE2AB91324380064BBA6
:10955000D1BE940A7108D54221BD91BCD242C1420C
:1095600000B2FE82052F5030212E21F2002E002E57
:10957000D02EF06F023002422026E06F023103400D
:109580009A0A0242F037052E5EF7100812241EF2E6
:1095900080428384F17F0A25133083423B82F06F3F
:1095A000002E002ED02E12405242002E1240524267
:1095B0003E84004040427E82E17FF27F982E6AD650
:1095C0002130232E61F5EB2CE16F756172744063DD
:1095D0003630303000756172745F6E7266785F7518
:1095E00061727465005245545F4F4B005245545FA1
:1095F0004552524F52005245545F424C4F434B45E7
:1096000044005245545F45584954005245545F4206
:10961000555359005245545F454F46005245545FDB
:109620004F55545F4F465F52414E47450052455497
:109630005F454D505459005245545F43414E434598
:109640004C4C4544005245545F494E56414C4944A8
:109650005F504152414D455445525F31005245548F
:109660005F494E56414C49445F504152414D45542B
:1096700045525F32005245545F494E56414C494471
:109680005F504152414D455445525F33005245545D
:109690005F494E56414C49445F504152414D4554FB
:1096A00045525F34005245545F494E56414C49443F
:1096B0005F504152414D455445525F36005245542A
:1096C0005F50454E44494E47005245545F4E4F5FF0
:1096D0004D454D4F5259005245545F494E56414CED
:1096E00049445F504152414D455445520052455402
:1096F0005F4F5045524154494F4E5F4641494C459A
:1097000044005245545F4255464645525F544F4FC0
:109710005F534D414C4C005245545F454E445F4FA2
:10972000465F4C495354005245545F414C524541A9
:1097300044595F455849535453005245545F4E4F66
:10974000545F464F554E44005245545F4F56455264
:10975000464C4F57005245545F54494D454F555460
:10976000005245545F4E4F545F494D504C454D4556
:109770004E544544005245545F4E4F5F5245534F3F
:109780005552434553005245545F554E494E495436
:1097900049414C495A4544005245545F494E56414F
:1097A0004C49445F5354415445005245545F434F24
:1097B0004E4E454354494F4E5F4641494C45440047
:1097C0005245545F434F4E4E454354494F4E5F4CB4
:1097D0004F5354005245545F554E415554484F52D3
:1097E000495A4544005245545F434F4E464C494305
:1097F00054005245545F494E56414C49445F464FD0
:10980000524D4154005245545F4E4F5F4D415443B9
:1098100048005245545F50524F544F434F4C5F45A0
:1098200052524F52005245545F56455253494F4E83
:10983000005245545F46494C455F4E4F545F464F7A
:10984000554E44005245545F434F4E56455253497E
:109850004F4E5F4552524F52005245545F46494C5D
:10986000455F434F52525550544544005245545F52
:10987000504147455F4E4F545F464F554E4400524E
:1098800045545F494C4C4547414C5F524551554505
:109890005354005245545F494E56414C49445F472A
:1098A000524F5550005245545F5441424C455F461B
:1098B000554C4C005245545F49474E4F524500525B
:1098C00045545F414741494E005245545F44455617
:1098D0004943455F4E4F545F464F554E44005245F5
:1098E000545F4F42534F4C45544500556E6B6E6F5D
:1098F000776E206572726F7220636F64650001027B
:1099000003040006000800020304000600084E4F8E
:109910005420004E6574776F726B2072656A6F69B0
:109920006E2070726F6365647572652073746F70FA
:109930007065642061732025737363686564756C5A
:1099400065642E00574553545F544F504449522F7D
:109950006E63732D7A69676265652F7375627379BB
:10996000732F6C69622F7A69676265655F617070D9
:109970005F7574696C732F7A69676265655F617082
:10998000705F7574696C732E63006E6F7420005382
:10999000746172746564206E6574776F726B207287
:1099A000656A6F696E2070726F6365647572652E8B
:1099B00000253032780050726F64756374696F6E81
:1099C00020636F6E66696775726174696F6E206976
:1099D00073206E6F742070726573656E74206F7281
:1099E00020696E76616C6964202873746174757384
:1099F0003A202564290050726F64756374696F6E34
:109A000020636F6E66696775726174696F6E20732B
:109A100075636365737366756C6C79206C6F6164D4
:109A20006564005A696762656520737461636B20C1
:109A3000696E697469616C697A6564004465766908
:109A40006365207374617274656420666F7220743C
:109A500068652066697273742074696D650053745B
:109A6000617274206E6574776F726B2073746565B4
:109A700072696E67005374617274206E6574776FDB
:109A8000726B20666F726D6174696F6E00466169FA
:109A90006C656420746F20696E697469616C697AA1
:109AA00065205A696762656520737461636B20285D
:109AB0007374617475733A2025642900756E6B6E3A
:109AC0006F776E004A6F696E6564206E6574776F9C
:109AD000726B207375636365737366756C6C792044
:109AE0006F6E207265626F6F74207369676E616C50
:109AF0002028457874656E6465642050414E204985
:109B0000443A2025732C2050414E2049443A2030BD
:109B10007825303468782900556E61626C65207450
:109B20006F206A6F696E20746865206E6574776F48
:109B3000726B2C207374617274206E6574776F720F
:109B40006B207374656572696E67004661696C6548
:109B50006420746F20696E697469616C697A65202C
:109B60005A696762656520737461636B20757369F8
:109B70006E67204E5652414D2064617461202873F7
:109B800074617475733A20256429004A6F696E65A3
:109B900064206E6574776F726B2073756363657391
:109BA0007366756C6C792028457874656E6465649D
:109BB0002050414E2049443A2025732C2050414EDC
:109BC0002049443A203078253034687829004E65A1
:109BD00074776F726B207374656572696E67207736
:109BE0006173206E6F74207375636365737366753C
:109BF0006C20287374617475733A20256429004EB3
:109C00006574776F726B207374656572696E672017
:109C10006661696C6564206F6E205A69676265656C
:109C200020636F6F7264696E61746F722028737441
:109C3000617475733A20256429004E6574776F72DC
:109C40006B20666F726D65642073756363657373F3
:109C500066756C6C792C207374617274206E6574F7
:109C6000776F726B207374656572696E6720284523
:109C70007874656E6465642050414E2049443A20F2
:109C800025732C2050414E2049443A20307825300D
:109C9000346878290052657374617274206E65743B
:109CA000776F726B20666F726D6174696F6E2028BA
:109CB0007374617475733A20256429004E65747756
:109CC0006F726B206C65667420286C656176652008
:109CD000747970653A2025642900556E61626C655F
:109CE00020746F206C65617665206E6574776F7285
:109CF0006B20287374617475733A202564290043BE
:109D000068696C64206C65667420746865206E6593
:109D100074776F726B20286C6F6E673A2025732CF6
:109D20002072656A6F696E20666C61673A202564EF
:109D300029004465766963652075706461746520E7
:109D40007265636569766564202873686F72743A1A
:109D500020307825303468782C206C6F6E673A207C
:109D600025732C207374617475733A20256429005F
:109D70004E65772064657669636520636F6D6D69F4
:109D80007373696F6E6564206F722072656A6F69A4
:109D90006E6564202873686F72743A2030782530BD
:109DA0003468782900506172656E7420697320757B
:109DB0006E726561636861626C650046696E6420FD
:109DC000616E642062696E642074617267657420DC
:109DD00066696E697368656420287374617475734D
:109DE0003A20256429004A6F696E6564206E6574A7
:109DF000776F726B207375636365737366756C6CD4
:109E0000792061667465722054432072656A6F69B7
:109E10006E2028457874656E6465642050414E203C
:109E200049443A2025732C2050414E2049443A2081
:109E300030782530346878290054432052656A6FA1
:109E4000696E20776173206E6F742073756363652C
:109E5000737366756C20287374617475733A20256A
:109E600064290054432052656A6F696E20666169F7
:109E70006C6564206F6E205A696762656520636F48
:109E80006F7264696E61746F722028737461747587
:109E9000733A2025642900556E696D706C656D6597
:109EA0006E746564207369676E616C2028736967DE
:109EB0006E616C3A2025642C207374617475733A5A
:109EC0002025642900456E61626C656420736C65B1
:109ED00065707920656E64206465766963652062CB
:109EE00065686176696F722E0044697361626C699E
:109EF0006E6720736C6565707920656E642064659B
:109F000076696365206265686176696F722E007A92
:109F100069676265655F6170705F7574696C730015
:109F20005A424F535320666174616C206572726FA0
:109F300072206F63637572726564007A626F737307
:109F4000007A626F73735F6F7369660025733A20DE
:109F500041434B206C656E677468206572726F7246
:109F60000025733A2041434B206672616D6520776E
:109F70006173206578706563746564004F766572FF
:109F800077726974696E6720756E68616E646C655E
:109F9000642041434B206672616D652E0046616905
:109FA0006C656420746F20726561642041434B20AE
:109FB0006672616D652E00696565653830323135D0
:109FC000345F68616E646C655F61636B0043616EF2
:109FD0002774206F70656E205A424F5353204E569F
:109FE00052414D20666C6173682061726561004367
:109FF000616E2774206F70656E2070726F64756378
:10A000007420636F6E66696720666C617368206197
:10A010007265610052656164206572726F723A20E8
:10A020002564005772697465206572726F723A20F8
:10A030002564004572617365206572726F723A2003
:10A0400025640050726F6420636F6E6620686561DE
:10A050006465722072656164206572726F723A2065
:10A0600025640050726F6420636F6E6620726561B4
:10A0700064206572726F723A20256400646B5F62BF
:10A080007574746F6E735F616E645F6C656473008A
:10A0900072616D5F707772646E004D50534C204159
:10A0A00053534552543A2025732C202564004D50BB
:10A0B000534C20576F726B006D70736C5F696E69E3
:10A0C00074006E72665F3830323135345F636F6EA4
:10A0D000666967757265006D70736C5F74696D6534
:10A0E000736C6F745F73657373696F6E5F6F7065A8
:10A0F0006E206661696C65643A2025640074696D40
:10A10000656F757400666C6173685F73796E635F09
:10A110006D70736C0074656D704064373030300062
:10A1200074656D705F6E7266355F6D70736C006E16
:10A1300072665F3830323135345F74656D706572C8
:10A1400061747572650000000000000000000100ED
:10A15000000000000000FFFFFFFFFFFFFF02FFFF06
:10A16000FF08000718232323232323232323232348
:10A1700023230001025465726D696E616C0000005A
:10A1800000000000545452205245474745530048B0
:10A19000616C74696E672073797374656D00556EB8
:10A1A0006B6E6F776E206572726F72003E3E3E205E
:10A1B0005A455048595220464154414C204552522C
:10A1C0004F522025643A202573206F6E204350554E
:10A1D000202564004661756C7420647572696E6731
:10A1E00020696E746572727570742068616E646C3B
:10A1F000696E670A0043757272656E7420746872C6
:10A200006561643A20257020282573290043505544
:10A2100020657863657074696F6E00556E68616E55
:10A22000646C656420696E74657272757074005335
:10A230007461636B206F766572666C6F77004B6537
:10A24000726E656C206F6F7073004B65726E656C1B
:10A250002070616E6963006D61696E006F730073D9
:10A260007973776F726B71000001020304050613A6
:10A270001F5A6967426565416C6C69616E63653040
:10A280003900D0D1D2D3D4D5D6D7D8D9DADBDCDDDA
:10A29000DEDF000513131313131309131313131322
:10A2A00013130913131313131306061A00000000E7
:10A2B000000000000000000000000000000000009E
:10A2C000000018141A07141A081A1A0B00000000CC
:10A2D000000000000000000000000000000000007E
:10A2E00000000000000000000000001A0000000054
:10A2F000000000000000000000000000000000005E
:10A300000000184C1A22371A223D1A0B00000000D8
:10A31000000000000000000000000000000000003D
:10A3200000000038001B23001B230000E4E4E4E4E9
:10A33000E4E4E4E4E4E4E4E4E4E4E4E4E4E4E4E4DD
:10A34000E4E4000000000000000000FFFFFFFFFF4A
:10A35000FFFFFF00000000000000000A28010000CD
:10A360000248280120100802041011010201080807
:10A370000101011002100801000004001020080A69
:10A38000000100020A02020410020501010202009B
:10A3900000000000000102030404000102030405A0
:10A3A000060708090A0B0C0D0E000102000001024D
:10A3B0000000000000000040414243444546474839
:10A3C000494B4C5A6967426565416C6C69616E63C3
:10A3D0006531380003020406080C1004101524200F
:10A3E000406A09E667BB67AE853C6EF372A54FF520
:10A3F0003A510E527F9B05688C1F83D9AB5BE0CD31
:10A4000019141400001C2030401C2000001C2030B7
:10A4100040004063726163656E0001FF02203042BC
:10A42000FFFFFFFFFFFFFFFFFFFFFFFFFFFFFFFF3C
:10A43000FFFFFFFFFFFFFFFFFFFFFFFFFEFFFFFF2D
:10A44000FFFFFFFFFFFFFFFFFFFFFFFFFFFFFFFF1C
:10A45000FFFFFFFFFFFFFFFFA662020000000000FA
:10A4600000000000000000000000000000000000EC
:10A4700000000000000000000000000000000000DC
:10A4800000000000000000000000000000000000CC
:10A49000EDFFFFFFFFFFFFFFFFFFFFFFFFFFFFFFDE
:10A4A000FFFFFFFFFFFFFFFFFFFFFFFFFFFFFF7F3C
:10A4B000066D070000000000000000000000000022
:10A4C000000000000000000000000000000000008C
:10A4D000FFFFFFFFFFFFFFFFFFFFFFFFFFFFFFFF8C
:10A4E000FFFFFFFFFFFFFFFFFFFFFFFFFEFFFFFF7D
:10A4F000FFFFFFFFFFFFFFFFFFFFFFFFFFFFFFFF6C
:10A50000FFFFFFFFFFFFFFFF00F34458AB92C2784D
:10A5100023558FC58D72C26C219036D6AE49DB4E65
:10A52000C4E923CA7CFFFFFFFFFFFFFFFFFFFFFF20
:10A53000FFFFFFFFFFFFFFFFFFFFFFFFFFFFFFFF2B
:10A540003F005EC00CC72BA826268E93008BE180AF
:10A550003B431165B62AF71AAE1264A4D3A324E3D1
:10A560006DEA67170F477065149EDA36BF22A6158D
:10A570001D22ED0DED6BC670194F0014FA30F25B21
:10A58000790898ADC8D74E2C13BDFDC4397CE61CA4
:10A59000FFD33AD7C2A0051E9C78874098A36C735E
:10A5A00073EA4B62C7C9563720768824BCB66E71F1
:10A5B000463F69005667FFFFFFFFFFFFFFFFFFFFFA
:10A5C000FFFFFFFFFFFFFFFFFFFFFFFFFFFFFFFF9B
:10A5D000FEFFFFFFFFFFFFFFFFFFFFFFFFFFFFFF8C
:10A5E000FFFFFFFFFFFFFFFFFFFFFFFF0064726140
:10A5F000676F6F6E2F6C6962732F73636865647524
:10A600006C696E672F7372632F72656D5F68616C22
:10A610005F6576656E745F74696D65725F6772748D
:10A62000632E63008C085997976BE1DE80E5FDF699
:0CA63000B458FF37D96DE5580000000059
:10A6440004050020F72F0000FD2F0000FF2F00005D
:10A6540029300000033000003330000009300000CE
:10A664003F3000000F300000453000001130000082
:10A674001F30000023300000153000001B300000A4
:10A684002F30000039300000346A0400010000005B
:10A694000000000019030100000000000001000098
:10A6A40000000000000000000000000000000000A6
:10A6B4000000000000000000000000000000000096
:10A6C4000100000000000000200000000000000065
:10A6D4002000000000000000010000000000000055
:10A6E40080000000000000000400000000000000E2
:10A6F4000C0000000000000030000000000000001A
:10A704001200000000000000300000000000000003
:10A7140020000000000000002000000000000000F5
:10A7240002000000000000000C0000000000000017
:10A73400060000006D08002063A2030053AB030071
:10A74400046B0400E5AF030080000000000000007B
:10A7540093B90300000000000001000000000000A5
:10A76400A9BF030000000000519600000000000093
:10A77400FF000000010000003D94002000000000E4
:10A7840000000000030000007D090020010000001B
:10A79400AA940020060000008009002000000000A8
:10A7A40000000000000000000000000000000000A5
:10A7B40000010000780600207806002078060020BA
:10A7C40000000000000000000040085000400C5051
:10A7D4000000000000200C50000000000040085061
:10A7E40000400C500000000000200C50000000004D
:10A7F400D20000000090D003FEFF00003F000000E4
:10A80400FEFF00003F000000000000000000000008
:10A814000000000000000000000000000000000034
:10A824000000000000000000000000000000000024
:10A834000000000000000000000000000000000014
:10A844000000000000000000000000000000000004
:10A8540000000000000000000000000000000000F4
:10A8640008000000FF0000000000000002000000DB
:10A8740000000000000000000000000000000000D4
:10A8840000000000000000000000000000000000C4
:10A8940000000000000000000000000000000000B4
:10A8A40000000000000000000000000000000000A4
:10A8B4000000000000000000000000000000000094
:10A8C4000000000000000000000000000400000080
:10A8D4000F00000000000000010000000000000064
:10A8E40000000000670000000000000000000000FD
:10A8F4000000000000000000000000000000000054
:10A904000000000000000000000000000000000043
:10A914000000000000000000000000000000000033
:10A924000000000000000000000000000000000023
:10A9340000000000FEFF0000FEFF0000FC070020F6
:10A94400FC07002004080020040800200500000083
:10A9540000000000020000000000000000000000F1
:10A96400FF00000000000000415404003D540400B6
:10A97400D3AF030067742000BC120020F81200203B
:10A98400E412002000140020F4130020D012002050
:10A994000C130020D5640400D9640400E5640400A9
:10A9A400030002000200030001F40500200A040170
:10A9B4000000000000000000000000000004A008E7
:10A9C40000209008002001686F00200000000000B3
:10A9D4000A04010001000400000003000600020450
:10A9E400030003003609002001000049CE000000E6
:10A9F400000400540900200100002DB400000600EA
:10AA040003001809002001000049D20000020406D6
:10AA140000DC080020010000FDE80000FDFF21012A
:10AA2400FFFF6008002000002905FFFF1C920020A2
:10AA340001002901FFFF1E92002002002901FFFFEF
:10AA44002092002003002101FFFF22920020FFFF3B
:10AA54000000FFFF00000000FDFF2101FFFF62086E
:10AA6400002000001015FFFF1A920020FFFF0000D5
:10AA7400FFFF00000000FDFF2101FFFF640800202C
:10AA840000002103FFFF18920020FFFF0000FFFFDA
:10AA940000000000FDFF2101FFFF66080020000008
:10AAA4002001FFFF9C91002007003001FFFFF3917C
:10AAB4000020FFFF0000FFFF00000000FF00014036
:10AAC400000102404142800014FFFFFFFF09090911
:10AAD40009090909090909090909090909090909E2
:0DAAE40009090909090909090909090909F0
:10AAF4000000000097AE03000000000097AE0300C2
:10AB04000000000097AE03000000000097AE0300B1
:10AB14000000000097AE03000000000097AE0300A1
:10AB24000000000097AE03000000000097AE030091
:10AB34000000000097AE03000000000097AE030081
:10AB44000000000097AE03000000000097AE030071
:10AB54000000000097AE03000000000097AE030061
:10AB64000000000097AE03000000000097AE030051
:10AB74000000000097AE03000000000097AE030041
:10AB84000000000097AE03000000000097AE030031
:10AB94000000000097AE03000000000097AE030021
:10ABA4000000000097AE03000000000097AE030011
:10ABB4000000000097AE03000000000097AE030001
:10ABC4000000000097AE03000000000097AE0300F1
:10ABD40000000000490201000000000097AE0300DD
:10ABE4000000000097AE03000000000097AE0300D1
:10ABF4000000000097AE03000000000097AE0300C1
:10AC04000000000097AE03000000000097AE0300B0
:10AC14000000000097AE03000000000097AE0300A0
:10AC24000000000097AE03000000000097AE030090
:10AC34000000000097AE03000000000097AE030080
:10AC44000000000097AE03000000000097AE030070
:10AC54000000000097AE03000000000097AE030060
:10AC64000000000097AE03000000000097AE030050
:10AC74000000000097AE03000000000097AE030040
:10AC84000000000097AE03000000000097AE030030
:10AC94000000000097AE03000000000097AE030020
:10ACA4000000000097AE03000000000097AE030010
:10ACB4000000000097AE03000000000097AE030000
:10ACC4000000000097AE03000000000097AE0300F0
:10ACD4000000000097AE03000000000097AE0300E0
:10ACE4000000000097AE03000000000097AE0300D0
:10ACF4000000000097AE03000000000097AE0300C0
:10AD04000000000097AE03000000000097AE0300AF
:10AD14000000000097AE03000000000097AE03009F
:10AD24000000000097AE03000000000097AE03008F
:10AD340000000000DD9703000000000097AE030050
:10AD44000000000097AE03000000000097AE03006F
:10AD54000000000097AE03000000000097AE03005F
:10AD64000000000097AE03000000000097AE03004F
:10AD74000000000097AE03000000000097AE03003F
:10AD84000000000097AE03000000000097AE03002F
:10AD94000000000097AE03000000000097AE03001F
:10ADA4000000000097AE03000000000097AE03000F
:10ADB4000000000097AE03000000000097AE0300FF
:10ADC4000000000097AE03000000000097AE0300EF
:10ADD4000000000097AE03000000000097AE0300DF
:10ADE4000000000097AE03000000000097AE0300CF
:10ADF4000000000097AE03000000000097AE0300BF
:10AE04000000000097AE03000000000097AE0300AE
:10AE14000000000097AE03000000000097AE03009E
:10AE24000000000097AE03000000000097AE03008E
:10AE34000000000097AE03000000000097AE03007E
:10AE44000000000097AE03000000000097AE03006E
:10AE54000000000097AE03000000000097AE03005E
:10AE64000000000097AE03000000000097AE03004E
:10AE74000000000097AE03000000000097AE03003E
:10AE84000000000097AE03000000000097AE03002E
:10AE94000000000097AE03000000000097AE03001E
:10AEA4000000000097AE03000000000097AE03000E
:10AEB4000000000097AE03000000000097AE0300FE
:10AEC4000000000097AE03000000000097AE0300EE
:10AED4000000000097AE03000000000097AE0300DE
:10AEE4000000000097AE03000000000097AE0300CE
:10AEF4000000000097AE03000000000097AE0300BE
:10AF04000000000097AE03000000000097AE0300AD
:10AF14000000000097AE03000000000097AE03009D
:10AF24000000000097AE03000000000097AE03008D
:10AF34000000000097AE03000000000097AE03007D
:10AF44000000000097AE03000000000097AE03006D
:10AF54000000000097AE03000000000097AE03005D
:10AF64000000000097AE03000000000097AE03004D
:10AF74000000000097AE03000000000097AE03003D
:10AF84000000000097AE03000000000097AE03002D
:10AF94000000000097AE03000000000097AE03001D
:10AFA4000000000097AE03000000000097AE03000D
:10AFB4000000000097AE03000000000097AE0300FD
:10AFC4000000000097AE03000000000097AE0300ED
:10AFD4000000000097AE03000000000097AE0300DD
:10AFE4000000000097AE03000000000097AE0300CD
:10AFF4000000000097AE03000000000097AE0300BD
:10B004000000000097AE03000000000097AE0300AC
:10B014000000000097AE03000000000097AE03009C
:10B024000000000097AE03000000000097AE03008C
:10B034000000000097AE03000000000097AE03007C
:10B044000000000097AE03000000000097AE03006C
:10B054000000000097AE03000000000097AE03005C
:10B064000000000097AE03000000000097AE03004C
:10B074000000000097AE03000000000097AE03003C
:10B084000000000097AE03000000000097AE03002C
:10B094000000000097AE03000000000097AE03001C
:10B0A4000000000097AE03000000000097AE03000C
:10B0B4000000000097AE03000000000097AE0300FC
:10B0C4000000000097AE03000000000097AE0300EC
:10B0D4000000000097AE03000000000097AE0300DC
:10B0E4000000000097AE03000000000097AE0300CC
:10B0F4000000000097AE03000000000097AE0300BC
:10B104000000000097AE03000000000097AE0300AB
:10B114000000000097AE03000000000097AE03009B
:10B12400486704004DBF03000000000097AE030011
:10B134000000000097AE03000000000097AE03007B
:10B144000000000097AE03000000000097AE03006B
:10B154000000000097AE03000000000097AE03005B
:10B164000000000097AE03000000000097AE03004B
:10B174000000000097AE03000000000097AE03003B
:10B184000000000097AE03000000000097AE03002B
:10B194000000000097AE03000000000097AE03001B
:10B1A4000000000097AE03000000000097AE03000B
:10B1B4000000000097AE03000000000097AE0300FB
:10B1C4000000000097AE0300D15E0100F30204000A
:10B1D4000000000097AE03000000000097AE0300DB
:10B1E4000000000097AE03000000000097AE0300CB
:10B1F4000000000097AE03000000000097AE0300BB
:10B204000000000097AE03000000000097AE0300AA
:10B2140091630100F30204000000000097AE0300F4
:10B224000000000097AE03000000000097AE03008A
:10B234000000000097AE03000000000097AE03007A
:10B244000000000097AE03000000000097AE03006A
:10B254000000000097AE03000000000097AE03005A
:10B264000000000097AE03000000000097AE03004A
:10B274000000000097AE03000000000097AE03003A
:10B284000000000097AE03000000000097AE03002A
:10B294000000000097AE03000000000097AE03001A
:10B2A4000000000097AE03000000000097AE03000A
:10B2B4000000000097AE03000000000097AE0300FA
:10B2C4000000000097AE03000000000097AE0300EA
:10B2D4000000000097AE03000000000097AE0300DA
:10B2E4000000000097AE03000000000097AE0300CA
:10B2F4000000000097AE03000000000097AE0300BA
:10B304000000000097AE03000000000097AE0300A9
:10B3140019690100F302040095F70300F302040025
:10B324000000000097AE03000000000097AE030089
:10B334000000000097AE03000000000097AE030079
:10B344000000000097AE03000000000097AE030069
:10B354000000000097AE0300E15E0100F302040068
:08B364000000000097AE030099
:10B36C0000000000000000000000000000000000D1
:08B37C000000000000000000C9
:10B3840000000000000000000000000000000000B9
:10B3940000000000000000000000000000000000A9
:10B3A4000000000000000000000000000000000099
:10B3B4000000000000000000000000000000000089
:04B3C4000000000085
:10B3C80084120020841200203003012000000000B5
:10B3D800040000005000000000000000A01200203F
:10B3E800A0120020F001012000000000040000006D
:08B3F8005000000000000000FD
:10B40000BC120020BC120020000000000000000060
:10B410000E000000D0120020D0120020000000001A
:10B42000000000000E000000E4120020E4120020E2
:10B4300000000000000000000E000000F8120020D4
:10B44000F812002000000000000000000E000000C4
:10B450000C1300200C13002000000000000000006E
:10B460000E00000020130020201300200000000028
:10B47000000000000E0000003413002034130020F0
:10B4800000000000000000000E0000004813002033
:10B490004813002000000000000000000E00000023
:10B4A0005C1300205C13002000000000000000007E
:10B4B0000E00000070130020701300200000000038
:10B4C000000000000E000000841300208413002000
:10B4D00000000000000000000E0000009813002093
:10B4E0009813002000000000000000000E00000083
:10B4F000AC130020AC130020180000000A0000006C
:10B5000070040120600501207004012070040120F6
:10B5100000000000D0130020D01300200000000025
:10B52000DC130020DC1300200000000001000000FC
:08B53000EC130020EC130020D5
:10B53800F4130020F4130020000000000014002081
:08B548000014002000000000C7
:10B55000000000000000000014140020141400205B
:10B560001C1400201C140020100010000400000017
:10B5700000000000846B0400300001200000000087
:10B580000000000040140020401400204814002057
:10B59000481400201000100004000000000000000B
:08B5A000746B040070F600203A
:10B5A800A0140020000000000000000000000000BF
:10B5B8000000000000000000000000000000000083
:10B5C8000000000000000000000000000000000073
:0CB5D80000000000000000000000000067
:10B5E400A8670400BC140020D470002000020000EE
:0CB5F40000000000000000007F000000CC
:10B60000CDF8000000000000000000005DF603001F
:04B6100015E015E04C
:04000003000073196D
:00000001FF
